# Langlais2019: model of the crustal magnetic field of Mars using MGS and MAVEN, degree n=1,134
# Extracted from Langlais et al., 2019, DOI:10.1029/2018JE005854
2007.5322
1    0    -1.51550
1    1    -0.60564
1   -1    -0.26751
2    0    -0.15374
2    1     0.70921
2   -1     0.06849
2    2     1.19916
2   -2     1.13444
3    0     0.83958
3    1    -0.82935
3   -1     0.29819
3    2    -0.99586
3   -2    -0.92189
3    3    -0.93899
3   -3    -0.38288
4    0    -1.02799
4    1    -0.92497
4   -1    -1.46565
4    2     0.08424
4   -2    -0.93302
4    3     2.22136
4   -3     0.27265
4    4     0.47529
4   -4     0.58741
5    0     0.64218
5    1     0.32097
5   -1     1.81621
5    2     0.44752
5   -2     0.98584
5    3    -0.36357
5   -3    -1.21071
5    4     0.41367
5   -4    -1.14333
5    5     0.55534
5   -5    -1.04763
6    0    -1.06227
6    1    -0.22040
6   -1    -0.75425
6    2    -0.09208
6   -2     0.04690
6    3    -1.76409
6   -3     0.03553
6    4     0.45798
6   -4     0.74994
6    5     0.35756
6   -5     1.30901
6    6    -0.96139
6   -6     0.22895
7    0     0.96538
7    1     1.23446
7   -1    -0.52618
7    2    -0.74965
7   -2     0.50458
7    3     0.46143
7   -3     0.68283
7    4     0.15813
7   -4    -0.27157
7    5     0.55421
7   -5     0.21041
7    6     1.07348
7   -6    -0.26751
7    7     1.41776
7   -7    -0.64529
8    0    -0.76442
8    1    -3.25832
8   -1    -0.33244
8    2     0.78112
8   -2    -1.95798
8    3     1.36215
8   -3    -1.08109
8    4    -0.80495
8   -4    -0.77559
8    5    -0.98059
8   -5    -0.38829
8    6    -1.04749
8   -6     1.96278
8    7    -2.06498
8   -7     1.11803
8    8    -0.86578
8   -8    -0.30630
9    0    -0.94414
9    1     3.15645
9   -1     0.89431
9    2     1.54292
9   -2     1.76589
9    3    -1.66451
9   -3     0.85997
9    4    -0.30795
9   -4     0.24306
9    5     0.68555
9   -5    -0.15646
9    6     0.57788
9   -6    -0.33576
9    7     0.50422
9   -7    -0.85287
9    8     0.55730
9   -8     0.27315
9    9     1.59523
9   -9    -1.01895
10    0     2.59350
10    1    -0.49887
10   -1    -0.31029
10    2    -4.00854
10   -2    -0.73417
10    3    -0.65887
10   -3    -1.23690
10    4     1.66064
10   -4     0.09755
10    5     0.70543
10   -5    -0.50794
10    6    -0.54557
10   -6    -1.63209
10    7    -0.07971
10   -7     0.37470
10    8    -0.84307
10   -8     0.70937
10    9    -1.72513
10   -9     0.58931
10   10    -0.73739
10  -10     0.52507
11    0    -2.08006
11    1    -2.14315
11   -1    -0.53477
11    2     2.97190
11   -2    -0.35601
11    3     2.35370
11   -3     0.55873
11    4    -1.08972
11   -4     0.43063
11    5    -2.02342
11   -5     0.85486
11    6    -0.43627
11   -6     1.47499
11    7     0.18272
11   -7     0.56782
11    8     0.50667
11   -8    -0.44179
11    9     0.38270
11   -9    -0.03158
11   10     0.85280
11  -10    -1.81279
11   11     0.90739
11  -11    -1.37782
12    0     0.93189
12    1     3.18106
12   -1     0.23557
12    2    -0.11722
12   -2    -0.83592
12    3    -2.13530
12   -3    -0.41658
12    4    -1.71276
12   -4    -0.85170
12    5     0.66639
12   -5    -0.91991
12    6     1.14590
12   -6    -0.42500
12    7    -0.04227
12   -7    -0.85838
12    8    -0.02509
12   -8    -0.56984
12    9     0.90292
12   -9    -0.27286
12   10    -1.39346
12  -10     1.99416
12   11    -2.31881
12  -11     1.38788
12   12    -3.13754
12  -12     1.28311
13    0     0.24093
13    1    -2.85358
13   -1    -0.15588
13    2    -2.16069
13   -2     1.77768
13    3     2.16929
13   -3     0.50836
13    4     3.67268
13   -4    -0.49469
13    5     1.24134
13   -5    -0.68960
13    6    -0.35545
13   -6    -0.01688
13    7    -0.57465
13   -7     0.73137
13    8     0.10119
13   -8     0.17068
13    9     0.10829
13   -9     1.10211
13   10     0.97516
13  -10     0.15976
13   11     2.25809
13  -11    -1.73104
13   12     2.12674
13  -12    -1.99021
13   13    -0.13523
13  -13    -1.22464
14    0    -2.35592
14    1     0.63503
14   -1     0.40826
14    2     2.82827
14   -2    -0.45007
14    3    -0.97903
14   -3    -1.24474
14    4    -2.21268
14   -4     1.35795
14    5    -1.94436
14   -5     1.21777
14    6    -0.15679
14   -6    -0.28328
14    7     0.86194
14   -7    -0.57022
14    8     0.43952
14   -8     0.13056
14    9     0.32452
14   -9    -0.08518
14   10     1.06926
14  -10     0.40319
14   11    -1.27508
14  -11     2.65662
14   12    -1.80253
14  -12     0.64462
14   13    -2.43556
14  -13     0.38135
14   14    -1.41117
14  -14     0.08980
15    0     4.05725
15    1     0.51204
15   -1    -2.04983
15    2    -2.94720
15   -2    -1.56604
15    3    -1.70947
15   -3     1.50811
15    4     0.50607
15   -4     0.42952
15    5     2.10193
15   -5    -0.51100
15    6     0.15709
15   -6    -0.34707
15    7    -0.24833
15   -7     0.94847
15    8    -0.97953
15   -8     0.74842
15    9    -1.21571
15   -9    -0.40437
15   10    -1.15694
15  -10     0.37039
15   11    -0.32746
15  -11     0.16613
15   12     0.78837
15  -12     0.13419
15   13     2.58633
15  -13    -0.08171
15   14     1.83378
15  -14    -0.90474
15   15     0.65848
15  -15     0.37628
16    0    -2.44942
16    1    -3.27923
16   -1     1.22943
16    2     2.05704
16   -2     0.90371
16    3     3.89150
16   -3    -0.46603
16    4    -0.00178
16   -4    -1.98953
16    5    -1.54316
16   -5     0.35366
16    6    -0.84831
16   -6     1.85490
16    7    -0.69152
16   -7    -0.75020
16    8     0.50387
16   -8    -1.74265
16    9     0.48771
16   -9    -1.24532
16   10     0.95693
16  -10    -2.17720
16   11     1.06582
16  -11    -2.20103
16   12     0.40607
16  -12     0.73652
16   13     0.30273
16  -13     0.64268
16   14    -2.32341
16  -14    -0.29219
16   15    -0.98586
16  -15    -0.39227
16   16    -0.02905
16  -16    -3.03862
17    0    -1.36871
17    1     5.70460
17   -1     0.90625
17    2     0.41908
17   -2    -0.25390
17    3    -4.16925
17   -3    -2.00113
17    4    -1.02438
17   -4     0.69108
17    5     1.67099
17   -5    -0.64650
17    6     2.56121
17   -6    -2.30834
17    7    -0.37340
17   -7    -1.44269
17    8    -0.30484
17   -8     1.57971
17    9    -0.35588
17   -9     1.62367
17   10    -0.33602
17  -10     2.29636
17   11    -0.92903
17  -11     1.38431
17   12    -0.29956
17  -12    -0.85401
17   13    -0.61372
17  -13    -0.52481
17   14     2.19843
17  -14     0.42198
17   15     1.29236
17  -15    -0.51105
17   16     1.35369
17  -16     1.07061
17   17     1.18515
17  -17     0.66099
18    0     3.56374
18    1    -5.72205
18   -1    -2.69632
18    2    -4.13209
18   -2     0.56302
18    3     1.72975
18   -3     1.31783
18    4     2.82639
18   -4     1.27763
18    5    -0.07192
18   -5     0.19899
18    6    -1.76058
18   -6     0.64517
18    7     1.17628
18   -7     2.83176
18    8    -0.23558
18   -8     0.64469
18    9     0.53706
18   -9    -0.27944
18   10     0.91050
18  -10    -1.51448
18   11     1.56688
18  -11    -0.93534
18   12     1.86311
18  -12    -0.96631
18   13     0.79711
18  -13     0.94375
18   14    -0.32267
18  -14     0.92349
18   15    -0.62623
18  -15     0.86614
18   16    -0.25477
18  -16     0.26307
18   17     0.13943
18  -17    -1.00354
18   18    -0.98134
18  -18    -1.59046
19    0    -2.43479
19    1     0.34094
19   -1    -0.03168
19    2     6.17564
19   -2    -0.97017
19    3     0.98780
19   -3     0.50432
19    4    -2.97511
19   -4    -1.56990
19    5    -2.11623
19   -5     0.32715
19    6     0.54140
19   -6     0.31219
19    7     1.62612
19   -7    -2.77396
19    8     0.25974
19   -8    -2.71694
19    9    -0.69426
19   -9    -1.63518
19   10    -1.43141
19  -10     0.10002
19   11    -2.90680
19  -11     1.80337
19   12    -2.79870
19  -12     1.94097
19   13    -0.60521
19  -13    -1.27255
19   14    -0.03990
19  -14     0.00818
19   15     1.03965
19  -15    -0.27803
19   16     0.18374
19  -16    -3.33581
19   17     0.12325
19  -17    -0.21342
19   18     1.30728
19  -18     0.86030
19   19    -1.79652
19  -19     1.10469
20    0     3.85912
20    1     3.54126
20   -1     1.24131
20    2    -5.45178
20   -2    -1.66171
20    3    -3.54919
20   -3    -1.19422
20    4     2.07964
20   -4    -0.72486
20    5     1.94309
20   -5    -0.40969
20    6    -0.43215
20   -6     0.74074
20    7    -1.74278
20   -7     0.99135
20    8     1.39727
20   -8     2.56694
20    9     0.55232
20   -9     1.72126
20   10     1.10477
20  -10     1.26462
20   11     2.85747
20  -11    -2.13160
20   12     2.31721
20  -12    -0.14306
20   13     1.54812
20  -13     0.12879
20   14     0.42315
20  -14    -0.10731
20   15    -0.01396
20  -15     0.92467
20   16     0.43012
20  -16     1.82213
20   17     0.53749
20  -17     1.62132
20   18     0.72354
20  -18     0.34748
20   19     0.92676
20  -19     0.04464
20   20    -0.53274
20  -20     0.02804
21    0    -2.91027
21    1    -3.43377
21   -1     0.63418
21    2     2.19916
21   -2     1.73180
21    3     4.42864
21   -3    -0.08734
21    4     0.51932
21   -4     0.93187
21    5    -0.15899
21   -5    -0.58163
21    6     0.14284
21   -6    -1.08368
21    7     0.79714
21   -7     1.03106
21    8    -0.87497
21   -8    -0.60776
21    9    -0.14148
21   -9    -0.60669
21   10     1.13845
21  -10    -1.77523
21   11    -0.23216
21  -11    -0.57611
21   12    -1.38679
21  -12    -0.13056
21   13    -2.84757
21  -13     1.53906
21   14    -1.17074
21  -14     0.52043
21   15    -0.71398
21  -15     1.86411
21   16     0.37481
21  -16     1.33946
21   17     0.79361
21  -17    -2.01164
21   18    -0.58515
21  -18    -1.82303
21   19    -0.95551
21  -19    -0.94138
21   20    -1.07909
21  -20     0.99176
21   21    -1.31293
21  -21     2.49249
22    0     0.76846
22    1     3.67351
22   -1    -1.30504
22    2     1.23884
22   -2    -0.93739
22    3    -3.57814
22   -3    -0.70237
22    4    -2.24020
22   -4     0.17540
22    5     0.20884
22   -5     1.06840
22    6     0.62894
22   -6    -0.54591
22    7    -0.49189
22   -7    -0.76441
22    8    -0.76950
22   -8    -0.03454
22    9     1.02594
22   -9     1.40217
22   10    -1.74758
22  -10     2.45054
22   11    -1.44326
22  -11     2.67155
22   12     1.15662
22  -12    -0.85018
22   13     1.73269
22  -13    -1.77382
22   14     0.88763
22  -14    -0.36400
22   15    -0.67239
22  -15    -2.33537
22   16    -2.07135
22  -16    -1.01589
22   17    -0.56819
22  -17     0.70301
22   18     0.49272
22  -18     0.97946
22   19     0.72389
22  -19     1.95997
22   20     1.06311
22  -20    -0.66098
22   21     0.25423
22  -21    -1.66637
22   22     1.31339
22  -22    -0.08704
23    0     1.82737
23    1    -4.83325
23   -1    -0.57099
23    2    -2.83467
23   -2    -1.05252
23    3     2.95243
23   -3     1.33027
23    4     1.93658
23   -4     0.68492
23    5    -1.10080
23   -5     0.63581
23    6    -0.56904
23   -6     1.53266
23    7     0.36826
23   -7    -0.27888
23    8     1.65085
23   -8    -0.19788
23    9    -1.31733
23   -9    -1.57390
23   10    -1.39317
23  -10    -0.42267
23   11     1.22820
23  -11    -1.75845
23   12     0.09377
23  -12     1.48490
23   13    -1.28632
23  -13     0.50801
23   14    -1.80374
23  -14     0.14003
23   15     1.51852
23  -15     0.52361
23   16     1.65424
23  -16     0.68055
23   17     0.96964
23  -17     1.81750
23   18     1.06748
23  -18     0.46905
23   19    -0.88174
23  -19    -1.40119
23   20     0.21715
23  -20    -1.23150
23   21    -1.41702
23  -21    -0.15995
23   22    -1.07414
23  -22     2.52055
23   23     0.95738
23  -23     1.01189
24    0    -1.52494
24    1     3.06541
24   -1     1.96649
24    2     1.80458
24   -2     0.64206
24    3    -1.41966
24   -3    -2.61935
24    4    -1.09460
24   -4    -2.78365
24    5    -0.04909
24   -5    -1.60247
24    6    -0.36367
24   -6    -0.63146
24    7    -0.98439
24   -7    -0.27568
24    8    -0.84206
24   -8     0.28934
24    9     0.93618
24   -9     1.37579
24   10     2.75796
24  -10    -1.07172
24   11    -1.16308
24  -11     0.34252
24   12    -1.60305
24  -12     0.57740
24   13     1.11522
24  -13    -0.60844
24   14     2.18714
24  -14    -0.80904
24   15    -0.23413
24  -15     0.55028
24   16    -1.25578
24  -16    -1.66674
24   17    -2.08189
24  -17    -2.11517
24   18    -1.69004
24  -18    -1.21424
24   19    -1.16096
24  -19     0.41997
24   20    -0.39159
24  -20     1.96985
24   21     0.46522
24  -21     0.10546
24   22     1.70346
24  -22    -3.06022
24   23     1.64567
24  -23    -1.43147
24   24     1.85926
24  -24    -0.02102
25    0     1.25929
25    1     0.30123
25   -1    -0.59300
25    2    -1.34128
25   -2    -0.24540
25    3    -0.67798
25   -3     0.01488
25    4     2.80681
25   -4     0.03753
25    5     1.39871
25   -5     0.48791
25    6    -0.14989
25   -6    -0.07828
25    7     0.14507
25   -7     1.69806
25    8    -0.49408
25   -8     0.86627
25    9     0.17954
25   -9    -0.40205
25   10    -0.41412
25  -10    -0.10653
25   11    -0.12692
25  -11     0.85286
25   12     0.06837
25  -12    -1.15943
25   13    -0.83066
25  -13    -0.09533
25   14    -2.23756
25  -14     0.55226
25   15    -2.36646
25  -15    -0.46309
25   16     1.35627
25  -16     2.34497
25   17     2.56043
25  -17     1.69530
25   18     0.86970
25  -18     1.27321
25   19     1.22877
25  -19     0.43674
25   20    -1.30292
25  -20    -2.87971
25   21    -0.91607
25  -21    -1.00145
25   22    -0.26306
25  -22     1.36091
25   23    -2.28372
25  -23     1.33298
25   24    -0.23442
25  -24     0.60046
25   25    -0.21208
25  -25    -1.72881
26    0    -0.65702
26    1    -0.32241
26   -1    -0.76780
26    2     2.23185
26   -2     0.69589
26    3     1.01259
26   -3     1.46350
26    4    -2.79659
26   -4     0.44326
26    5    -0.57494
26   -5     0.03052
26    6     0.18022
26   -6    -0.47353
26    7    -0.16528
26   -7    -1.68272
26    8    -0.55029
26   -8    -2.64202
26    9    -2.38183
26   -9    -0.81964
26   10    -1.67365
26  -10     1.91878
26   11     2.41435
26  -11    -0.53748
26   12     1.07985
26  -12     0.03170
26   13     0.04637
26  -13     0.28241
26   14     1.08344
26  -14    -0.09505
26   15     3.62048
26  -15    -1.71660
26   16     0.04386
26  -16    -0.68068
26   17    -0.82567
26  -17    -0.10800
26   18     0.26827
26  -18    -0.97506
26   19    -1.13020
26  -19    -1.16524
26   20    -0.45616
26  -20    -0.79117
26   21    -0.00034
26  -21    -0.06130
26   22     0.76886
26  -22    -0.05572
26   23     1.65609
26  -23    -0.79865
26   24     1.50850
26  -24     0.17003
26   25     2.51149
26  -25     0.74489
26   26     0.04162
26  -26    -1.46023
27    0     0.73786
27    1    -0.08855
27   -1     1.19355
27    2    -2.15711
27   -2    -1.69105
27    3     0.24647
27   -3    -0.79668
27    4     0.22625
27   -4     0.18816
27    5     0.69303
27   -5    -0.71548
27    6     0.49392
27   -6    -0.84482
27    7     0.87845
27   -7     0.17356
27    8     1.75956
27   -8     2.12862
27    9     0.43072
27   -9     1.25085
27   10    -0.67673
27  -10    -1.29987
27   11    -1.88545
27  -11    -1.55581
27   12     1.28321
27  -12     0.45246
27   13     1.26393
27  -13     0.62944
27   14    -0.28354
27  -14     0.38992
27   15    -1.98309
27  -15     0.76884
27   16    -2.35488
27  -16     0.15114
27   17    -1.95059
27  -17     0.89348
27   18    -0.58086
27  -18     0.47006
27   19    -0.70904
27  -19     2.78327
27   20     0.74532
27  -20     2.40338
27   21    -0.05053
27  -21    -2.39141
27   22    -0.37671
27  -22    -2.39564
27   23    -0.02238
27  -23    -0.92098
27   24    -2.84055
27  -24     1.75157
27   25    -2.18994
27  -25     0.73283
27   26    -0.21686
27  -26    -0.75733
27   27     0.27656
27  -27    -2.00346
28    0    -0.98237
28    1     0.60265
28   -1    -0.24408
28    2     1.13821
28   -2     0.26119
28    3     1.29569
28   -3    -0.83226
28    4     1.23138
28   -4    -0.45025
28    5    -1.32403
28   -5    -0.59070
28    6     0.45351
28   -6     0.59230
28    7     0.29274
28   -7     0.09286
28    8    -1.04609
28   -8    -0.46995
28    9     1.61117
28   -9    -1.17865
28   10     1.73308
28  -10     0.40559
28   11    -1.57993
28  -11     2.29807
28   12    -1.69431
28  -12    -0.04261
28   13    -0.99098
28  -13    -0.81046
28   14    -0.89832
28  -14    -0.43021
28   15     1.63411
28  -15     0.08375
28   16     3.16818
28  -16    -0.53242
28   17     1.04649
28  -17    -2.38692
28   18     0.19470
28  -18    -0.19068
28   19     2.29116
28  -19    -1.77889
28   20     1.18202
28  -20    -1.62148
28   21     1.10806
28  -21     1.56428
28   22     1.78664
28  -22     1.30671
28   23     0.74349
28  -23     1.43435
28   24     1.58162
28  -24    -0.29212
28   25     1.82248
28  -25    -1.01269
28   26     0.94797
28  -26     3.64538
28   27    -1.35655
28  -27     1.64799
28   28    -0.53633
28  -28    -0.33737
29    0     0.06227
29    1    -1.12984
29   -1    -0.11335
29    2    -0.60316
29   -2     3.14308
29    3    -1.57082
29   -3     0.25671
29    4     1.23664
29   -4    -0.29586
29    5     1.03712
29   -5     1.17284
29    6    -2.06114
29   -6    -0.41388
29    7    -1.91064
29   -7    -0.56978
29    8    -1.02127
29   -8    -0.40511
29    9    -0.19067
29   -9     1.69640
29   10     0.52861
29  -10     1.66468
29   11     0.55482
29  -11    -0.67906
29   12    -1.55065
29  -12    -1.20401
29   13     0.72503
29  -13     0.66539
29   14     0.67010
29  -14     1.45972
29   15    -1.23108
29  -15    -0.24109
29   16    -2.19042
29  -16    -0.13728
29   17    -0.05156
29  -17     0.86403
29   18    -0.14456
29  -18     0.86939
29   19    -1.66855
29  -19    -0.90062
29   20    -2.20666
29  -20     0.82958
29   21    -1.80173
29  -21     2.34154
29   22     0.21949
29  -22     0.27472
29   23     0.20515
29  -23    -1.19090
29   24     1.79193
29  -24    -0.06313
29   25    -1.49674
29  -25    -0.76566
29   26    -1.37301
29  -26    -0.74713
29   27     1.01438
29  -27    -0.18294
29   28    -0.55805
29  -28    -1.69133
29   29    -0.45342
29  -29    -0.18870
30    0    -0.62934
30    1     0.28050
30   -1     0.00920
30    2     0.06159
30   -2    -1.94493
30    3    -0.13657
30   -3     0.41067
30    4    -1.09820
30   -4    -0.06973
30    5    -0.01892
30   -5    -0.68825
30    6    -0.15060
30   -6    -0.76702
30    7     1.16229
30   -7    -0.57703
30    8     1.92567
30   -8    -0.75122
30    9    -1.68010
30   -9    -1.52992
30   10    -1.98447
30  -10    -1.58789
30   11     0.51704
30  -11    -0.31296
30   12     1.63703
30  -12     1.80030
30   13    -0.52320
30  -13    -0.35066
30   14     0.08542
30  -14    -1.98694
30   15     0.40991
30  -15    -1.24205
30   16     1.63404
30  -16     1.18950
30   17     1.11905
30  -17     1.06695
30   18    -0.01135
30  -18    -1.60579
30   19     0.34598
30  -19    -0.10874
30   20     3.54907
30  -20    -0.37219
30   21     0.95676
30  -21    -0.57605
30   22     0.73627
30  -22     1.37954
30   23    -0.02000
30  -23     3.33554
30   24    -1.34569
30  -24     1.85129
30   25     0.86504
30  -25     2.07666
30   26     0.29490
30  -26    -0.70059
30   27     0.43978
30  -27    -0.52113
30   28    -0.48370
30  -28     1.74116
30   29    -0.75094
30  -29     0.99801
30   30     1.73951
30  -30     0.77373
31    0     2.01547
31    1     0.39213
31   -1    -1.98435
31    2    -0.91218
31   -2    -2.37284
31    3     0.43548
31   -3     0.90217
31    4    -0.83268
31   -4    -0.48042
31    5     1.77788
31   -5    -1.10100
31    6     3.37542
31   -6     0.43528
31    7    -0.49469
31   -7    -0.39417
31    8    -1.54648
31   -8    -0.38874
31    9     0.16263
31   -9    -0.04967
31   10    -0.32513
31  -10     0.41747
31   11     0.19260
31  -11     0.50108
31   12     1.04283
31  -12     0.75488
31   13    -0.30340
31  -13    -0.12257
31   14    -0.45909
31  -14     0.23265
31   15     0.47304
31  -15     1.50521
31   16    -2.69932
31  -16    -0.28264
31   17    -2.57189
31  -17    -0.56242
31   18    -0.69680
31  -18     0.99743
31   19    -0.35951
31  -19     0.73758
31   20    -1.92384
31  -20    -0.77803
31   21    -0.31975
31  -21    -1.10916
31   22    -1.81323
31  -22    -2.21844
31   23    -0.45155
31  -23    -1.39667
31   24    -1.11671
31  -24    -1.42382
31   25    -0.00288
31  -25    -0.20510
31   26     1.29369
31  -26     1.58475
31   27     1.08165
31  -27     0.85803
31   28     0.53963
31  -28    -1.84157
31   29     1.62041
31  -29    -2.66995
31   30    -0.44052
31  -30    -1.35810
31   31    -1.25369
31  -31     1.25588
32    0    -0.92111
32    1     0.18720
32   -1     1.73730
32    2     0.55544
32   -2     2.98566
32    3     0.25495
32   -3    -2.51261
32    4     1.59890
32   -4     0.13175
32    5    -1.27895
32   -5     1.14278
32    6    -2.06059
32   -6     0.34405
32    7    -0.45339
32   -7     0.98645
32    8    -0.03900
32   -8     0.61724
32    9     2.05203
32   -9    -0.10617
32   10     1.27051
32  -10    -0.86970
32   11    -1.42985
32  -11    -0.35513
32   12    -1.59113
32  -12    -0.43338
32   13    -0.84872
32  -13     0.96941
32   14    -1.03587
32  -14     0.46169
32   15    -1.81674
32  -15    -1.02396
32   16     1.80361
32  -16    -1.26627
32   17     4.51447
32  -17    -1.07915
32   18     1.60764
32  -18     0.10099
32   19     0.49001
32  -19    -1.25790
32   20     0.27036
32  -20     0.78066
32   21     3.06479
32  -21     0.30074
32   22     0.87529
32  -22     1.56376
32   23     0.23127
32  -23     1.10121
32   24     1.69246
32  -24     1.39942
32   25    -0.48007
32  -25    -0.67057
32   26    -1.21009
32  -26     0.97548
32   27    -0.97529
32  -27     0.07796
32   28    -0.10898
32  -28     1.03174
32   29     0.58580
32  -29     1.56846
32   30    -1.25602
32  -30    -0.41318
32   31     1.70738
32  -31     0.74239
32   32     0.86722
32  -32     1.39011
33    0     0.10745
33    1    -0.75039
33   -1     0.94885
33    2    -0.87253
33   -2    -0.72181
33    3    -0.59822
33   -3     0.56284
33    4     0.84229
33   -4     1.23304
33    5    -1.10972
33   -5    -1.08389
33    6     0.58817
33   -6    -2.35321
33    7     2.94769
33   -7    -0.41791
33    8    -0.24994
33   -8    -0.66529
33    9    -1.52507
33   -9    -0.18516
33   10    -0.58781
33  -10     0.56057
33   11    -0.82866
33  -11     0.06276
33   12    -0.13228
33  -12    -1.46991
33   13     1.76442
33  -13    -1.48254
33   14     2.15582
33  -14     0.39735
33   15     2.03459
33  -15     0.61535
33   16     1.82830
33  -16     0.51578
33   17    -2.89236
33  -17     0.49692
33   18    -3.51169
33  -18     0.19557
33   19    -0.79587
33  -19     0.19389
33   20     1.41616
33  -20     1.60335
33   21    -2.20909
33  -21     0.92147
33   22     0.36576
33  -22     1.09171
33   23    -2.16909
33  -23    -0.03185
33   24    -0.92575
33  -24    -1.37013
33   25    -0.46188
33  -25    -1.61853
33   26    -0.67706
33  -26    -1.61160
33   27     1.11056
33  -27     2.51340
33   28    -0.64530
33  -28     1.40717
33   29     1.25802
33  -29     0.02200
33   30     2.53264
33  -30    -0.58766
33   31    -0.17355
33  -31    -1.70274
33   32    -0.27835
33  -32    -1.84973
33   33    -0.88709
33  -33     0.10865
34    0    -0.85790
34    1     0.21066
34   -1    -2.98752
34    2     2.52018
34   -2    -0.13555
34    3    -0.70717
34   -3     2.17909
34    4    -2.79495
34   -4    -3.04625
34    5     2.05676
34   -5    -0.77109
34    6    -0.24531
34   -6     1.76097
34    7    -1.03759
34   -7    -0.74805
34    8     0.83546
34   -8    -0.65102
34    9    -0.73675
34   -9    -0.06897
34   10    -0.61222
34  -10     0.60588
34   11     2.20717
34  -11    -0.64533
34   12     1.40569
34  -12     0.92894
34   13    -1.13026
34  -13     1.50819
34   14    -1.10788
34  -14     0.77496
34   15    -1.92586
34  -15    -0.32212
34   16    -5.31125
34  -16    -0.85709
34   17    -0.90576
34  -17     1.12394
34   18     4.10161
34  -18     0.55281
34   19     2.36693
34  -19    -0.37211
34   20    -0.10854
34  -20    -2.30255
34   21    -0.67486
34  -21    -0.79156
34   22     0.30810
34  -22    -1.44742
34   23     1.31649
34  -23     0.09423
34   24    -1.38920
34  -24     0.93831
34   25     0.24891
34  -25     0.43331
34   26     1.08298
34  -26    -0.93401
34   27     0.03296
34  -27    -1.83637
34   28     0.11425
34  -28    -0.26144
34   29    -0.82986
34  -29     0.81158
34   30    -1.11944
34  -30     0.28751
34   31     0.98138
34  -31     0.83487
34   32     0.06396
34  -32     0.72052
34   33    -1.20249
34  -33     0.15939
34   34    -2.29998
34  -34     1.19001
35    0     3.18545
35    1     0.84923
35   -1     1.03109
35    2    -3.51331
35   -2    -1.36912
35    3     0.12854
35   -3    -2.03764
35    4     1.14594
35   -4     2.58112
35    5     1.34143
35   -5     2.58390
35    6     1.02056
35   -6    -0.56035
35    7     0.34606
35   -7    -1.19536
35    8     1.21151
35   -8     1.52138
35    9    -0.18730
35   -9    -0.68593
35   10     0.65050
35  -10    -1.66388
35   11     0.81517
35  -11     0.59005
35   12    -1.19215
35  -12     1.32823
35   13    -1.98207
35  -13    -0.62241
35   14     0.24046
35  -14    -2.04239
35   15     1.67280
35  -15     0.08871
35   16     3.73628
35  -16     0.96390
35   17     3.62731
35  -17    -1.01858
35   18    -1.42997
35  -18    -0.70426
35   19    -2.96374
35  -19     0.32393
35   20    -2.09145
35  -20     0.10088
35   21     1.69535
35  -21     0.40753
35   22     0.42282
35  -22     1.06823
35   23     1.90394
35  -23     0.80832
35   24     0.85547
35  -24    -0.69226
35   25    -0.64940
35  -25     0.50730
35   26     1.81595
35  -26     1.91745
35   27    -0.61278
35  -27    -0.17750
35   28    -0.63695
35  -28     0.73584
35   29     0.11907
35  -29    -0.36136
35   30    -0.11612
35  -30     0.54880
35   31     0.91174
35  -31     0.85672
35   32     1.77582
35  -32    -0.51777
35   33     1.81684
35  -33    -0.08033
35   34     0.53554
35  -34    -2.78502
35   35    -1.78080
35  -35    -0.70878
36    0    -2.38543
36    1    -3.19663
36   -1     1.54927
36    2     1.05623
36   -2    -0.79358
36    3     3.88225
36   -3    -0.02163
36    4     1.38505
36   -4     0.73961
36    5    -3.27490
36   -5    -2.57766
36    6     0.59849
36   -6    -0.14431
36    7    -1.37625
36   -7     2.55330
36    8    -1.35029
36   -8     0.18543
36    9     2.14710
36   -9    -0.32156
36   10     0.08039
36  -10     0.92316
36   11    -4.99317
36  -11     0.82907
36   12    -1.75372
36  -12    -2.71336
36   13     2.28159
36  -13    -1.57505
36   14     0.99162
36  -14     0.95597
36   15    -0.19340
36  -15     1.21006
36   16     1.02277
36  -16     0.10746
36   17    -3.77327
36  -17    -0.59182
36   18    -2.53072
36  -18     1.30162
36   19     2.10193
36  -19     0.27975
36   20     2.92546
36  -20     1.25516
36   21     0.70782
36  -21    -0.57393
36   22    -0.46627
36  -22     0.28799
36   23    -2.00554
36  -23    -0.83066
36   24    -0.11323
36  -24     0.07728
36   25    -1.22090
36  -25     0.38237
36   26    -0.72497
36  -26    -0.55614
36   27     0.12228
36  -27     1.06136
36   28    -0.23736
36  -28    -1.40689
36   29     1.08204
36  -29     0.53490
36   30     1.79865
36  -30    -1.72296
36   31    -0.45025
36  -31     0.28975
36   32    -1.31427
36  -32     0.72085
36   33    -1.47629
36  -33     0.62010
36   34     0.78417
36  -34     1.31141
36   35    -1.83015
36  -35    -1.33574
36   36    -3.50506
36  -36    -1.02020
37    0     0.09572
37    1     4.20228
37   -1    -1.01907
37    2    -0.22793
37   -2     2.36656
37    3    -5.31675
37   -3    -1.39142
37    4    -1.58894
37   -4    -2.36935
37    5     0.60936
37   -5     1.62344
37    6    -1.06234
37   -6     0.83167
37    7     2.32267
37   -7    -1.90233
37    8     1.56881
37   -8    -2.16405
37    9    -0.56410
37   -9     1.49041
37   10    -1.37356
37  -10    -0.32918
37   11     2.61201
37  -11    -1.44547
37   12     4.39803
37  -12     0.04367
37   13     0.81068
37  -13     2.21337
37   14    -2.85228
37  -14     0.04600
37   15    -1.24009
37  -15    -1.67902
37   16    -1.04528
37  -16     0.00209
37   17     2.87219
37  -17     1.82796
37   18     4.22058
37  -18    -0.89469
37   19     0.82391
37  -19     0.33462
37   20    -1.75920
37  -20     0.89065
37   21    -3.12417
37  -21     0.25996
37   22    -1.28529
37  -22    -0.28471
37   23    -0.05423
37  -23    -0.35575
37   24     0.59062
37  -24     0.43670
37   25     2.16379
37  -25    -0.94415
37   26    -0.44940
37  -26    -1.84309
37   27     1.18226
37  -27     2.25065
37   28    -1.21217
37  -28     1.56213
37   29    -1.60771
37  -29     1.25404
37   30    -0.72521
37  -30     1.09398
37   31     0.11929
37  -31     1.01182
37   32     0.47058
37  -32    -1.16420
37   33    -0.83658
37  -33     0.42795
37   34    -1.17312
37  -34    -1.01482
37   35     2.24953
37  -35    -0.35986
37   36     2.45224
37  -36     0.91526
37   37    -0.41496
37  -37    -1.58618
38    0     2.56513
38    1    -2.91601
38   -1    -0.91109
38    2    -0.68953
38   -2     0.28003
38    3     0.93361
38   -3     0.36903
38    4     1.20395
38   -4     0.48066
38    5     2.33090
38   -5    -0.66096
38    6     0.21192
38   -6    -1.67108
38    7    -0.62004
38   -7     0.33344
38    8    -1.98449
38   -8     1.74182
38    9    -0.56997
38   -9    -1.27071
38   10     3.93890
38  -10    -1.78811
38   11     2.58557
38  -11     0.86074
38   12    -5.28731
38  -12     2.78961
38   13    -4.26212
38  -13    -1.33042
38   14     0.78311
38  -14    -0.89516
38   15    -0.21939
38  -15    -0.66137
38   16    -1.09475
38  -16     0.54150
38   17    -1.20408
38  -17    -0.44994
38   18    -3.69741
38  -18     0.15618
38   19    -2.93554
38  -19     1.21924
38   20     0.57138
38  -20    -1.34160
38   21     3.24018
38  -21    -0.71614
38   22     2.43126
38  -22     0.58293
38   23     1.21002
38  -23     1.15363
38   24    -0.50812
38  -24    -0.48852
38   25    -0.78894
38  -25    -0.25793
38   26    -0.17861
38  -26     0.47867
38   27    -0.63746
38  -27    -1.41361
38   28    -0.80640
38  -28     0.43884
38   29    -0.29225
38  -29    -3.51809
38   30     0.04024
38  -30    -1.63422
38   31     2.22921
38  -31    -0.48900
38   32    -0.54975
38  -32     1.11215
38   33     0.55455
38  -33     0.43947
38   34     1.00517
38  -34     0.82045
38   35    -1.68171
38  -35     0.65928
38   36    -0.86808
38  -36    -2.58628
38   37    -0.12303
38  -37    -0.55650
38   38     1.30769
38  -38     0.06396
39    0    -1.89132
39    1     2.65968
39   -1     0.66966
39    2     2.57981
39   -2    -2.13449
39    3     0.54755
39   -3     1.44019
39    4    -0.52500
39   -4    -0.03218
39    5    -0.93654
39   -5    -0.01467
39    6     0.05085
39   -6     2.30729
39    7    -1.52927
39   -7     1.11350
39    8     2.45717
39   -8     0.06621
39    9     0.87881
39   -9     0.00717
39   10    -2.53242
39  -10     2.51971
39   11    -3.45213
39  -11    -0.36187
39   12     1.78235
39  -12    -1.42385
39   13     5.03881
39  -13    -0.65521
39   14     3.17383
39  -14     0.68864
39   15    -0.26309
39  -15     0.87030
39   16     0.96530
39  -16    -2.20290
39   17    -0.14413
39  -17    -1.09932
39   18     2.24333
39  -18     0.29629
39   19     2.81750
39  -19    -2.64351
39   20     0.71082
39  -20     0.57611
39   21    -0.54011
39  -21     1.56760
39   22    -2.27089
39  -22     0.69880
39   23    -2.24625
39  -23     0.18503
39   24    -0.77972
39  -24     1.58811
39   25    -1.80561
39  -25     0.92635
39   26     1.54064
39  -26     1.11199
39   27     0.14174
39  -27    -0.70773
39   28     1.68183
39  -28     1.23929
39   29    -1.29537
39  -29     1.94071
39   30    -3.11391
39  -30     0.28790
39   31    -2.93018
39  -31     0.78540
39   32     0.16503
39  -32     0.17602
39   33    -0.37791
39  -33    -0.22036
39   34    -0.63454
39  -34    -2.02572
39   35    -0.81535
39  -35    -0.58996
39   36    -0.74922
39  -36     1.46164
39   37    -0.18956
39  -37    -0.76375
39   38    -0.57979
39  -38     1.46287
39   39    -0.31698
39  -39    -0.71543
40    0     0.70826
40    1    -1.56048
40   -1     0.27699
40    2    -2.99641
40   -2    -0.27942
40    3     0.71751
40   -3    -0.75545
40    4    -0.13082
40   -4     0.26771
40    5    -2.12395
40   -5     0.03964
40    6     0.74814
40   -6    -2.06457
40    7     1.73846
40   -7    -0.44616
40    8    -1.51030
40   -8     0.15558
40    9    -2.19687
40   -9     1.39347
40   10    -0.86052
40  -10    -1.18747
40   11     3.66629
40  -11    -1.78146
40   12     3.16154
40  -12    -1.70861
40   13    -4.02632
40  -13     0.42125
40   14    -4.03028
40  -14    -1.50913
40   15    -0.32342
40  -15     0.85481
40   16    -0.33565
40  -16     0.28199
40   17     0.20211
40  -17     0.75349
40   18    -0.24442
40  -18    -0.42207
40   19    -2.24197
40  -19     1.08740
40   20    -1.97079
40  -20     2.31550
40   21    -0.73555
40  -21    -0.05386
40   22     0.83129
40  -22    -2.11792
40   23     1.12874
40  -23    -1.82096
40   24     0.62862
40  -24    -1.24366
40   25     0.98107
40  -25    -1.11791
40   26    -0.34612
40  -26    -2.22679
40   27    -0.46188
40  -27     0.50251
40   28    -1.53137
40  -28    -1.55061
40   29    -0.82762
40  -29     0.18858
40   30     2.10092
40  -30    -3.01298
40   31     1.49983
40  -31    -2.49363
40   32     0.86202
40  -32    -1.11220
40   33    -2.17158
40  -33    -0.50867
40   34     0.98953
40  -34     0.97749
40   35     1.60911
40  -35     0.01941
40   36     2.26747
40  -36    -0.13583
40   37     1.59843
40  -37    -0.40672
40   38     0.41219
40  -38    -1.84996
40   39     1.98221
40  -39    -0.73130
40   40     3.06587
40  -40     0.35452
41    0    -1.29057
41    1     0.02138
41   -1     0.03100
41    2     2.00778
41   -2     0.52570
41    3    -1.47701
41   -3    -2.47009
41    4    -0.72351
41   -4     0.38085
41    5     2.13103
41   -5     0.27837
41    6    -1.06760
41   -6    -1.00287
41    7    -0.37223
41   -7     0.34938
41    8     0.62569
41   -8     0.49389
41    9     3.17138
41   -9    -1.65516
41   10     2.21638
41  -10    -0.05100
41   11    -3.01052
41  -11     2.80784
41   12    -3.78268
41  -12     1.34934
41   13     1.83898
41  -13     0.39369
41   14     3.46251
41  -14     1.39615
41   15     2.48022
41  -15    -0.14306
41   16    -0.23832
41  -16     0.79854
41   17     0.20986
41  -17     0.46950
41   18    -0.75679
41  -18     0.60273
41   19     2.34919
41  -19     0.21458
41   20     2.03144
41  -20    -3.12672
41   21    -0.13883
41  -21    -0.09754
41   22     0.10296
41  -22     2.19771
41   23    -1.45796
41  -23     1.48395
41   24    -0.99776
41  -24     0.65534
41   25    -0.42403
41  -25     0.78354
41   26    -1.28925
41  -26     0.22009
41   27     0.49559
41  -27     1.43209
41   28     0.88595
41  -28     1.18397
41   29     1.32840
41  -29     0.95312
41   30     0.53906
41  -30     1.09394
41   31    -0.41613
41  -31     0.08541
41   32    -1.98313
41  -32    -0.15161
41   33    -0.00032
41  -33     1.20921
41   34    -1.59531
41  -34    -0.52492
41   35    -0.22543
41  -35    -1.00753
41   36    -0.54749
41  -36    -0.27693
41   37    -1.43697
41  -37    -0.14413
41   38    -0.53640
41  -38     1.23856
41   39    -1.04366
41  -39     1.19068
41   40    -0.18895
41  -40     0.55252
41   41     0.29915
41  -41     0.70663
42    0     4.06120
42    1     0.83011
42   -1    -0.63288
42    2    -2.54164
42   -2    -0.06541
42    3     1.07516
42   -3     2.52486
42    4     3.42200
42   -4    -0.13932
42    5    -0.64671
42   -5    -1.09270
42    6    -1.62498
42   -6     1.00265
42    7    -0.62363
42   -7    -0.62410
42    8     0.93496
42   -8     0.00385
42    9    -1.96554
42   -9     1.62446
42   10    -1.21019
42  -10     1.73225
42   11     0.24126
42  -11    -0.67636
42   12     2.42869
42  -12     0.17454
42   13     1.41646
42  -13    -1.36676
42   14    -2.17178
42  -14    -1.58636
42   15    -1.76860
42  -15    -2.76470
42   16    -1.37915
42  -16    -0.34061
42   17    -1.49602
42  -17    -1.36852
42   18     0.06088
42  -18    -0.46521
42   19    -1.12525
42  -19    -1.43282
42   20    -2.29569
42  -20     0.51081
42   21    -0.33299
42  -21     1.55013
42   22     1.59994
42  -22     0.03916
42   23     2.07342
42  -23    -0.82199
42   24     0.20445
42  -24    -0.67343
42   25    -0.79810
42  -25    -1.06936
42   26    -0.22727
42  -26     0.58946
42   27     0.18362
42  -27    -2.67664
42   28     0.83771
42  -28    -1.10685
42   29    -1.34347
42  -29    -1.32651
42   30    -2.27709
42  -30     0.79482
42   31     1.36148
42  -31     0.32693
42   32     1.78278
42  -32    -0.63047
42   33     1.10687
42  -33    -1.47808
42   34     0.47278
42  -34    -1.51981
42   35    -1.85493
42  -35    -1.20397
42   36     0.59309
42  -36    -0.97881
42   37     1.35434
42  -37     0.21804
42   38     2.95249
42  -38    -0.31628
42   39     3.57922
42  -39    -2.33732
42   40     1.38757
42  -40     1.62977
42   41     1.07729
42  -41     1.68447
42   42    -0.32166
42  -42    -0.02952
43    0    -2.35681
43    1    -2.11812
43   -1     0.92462
43    2     1.94338
43   -2     1.18409
43    3     1.17679
43   -3    -0.17249
43    4    -3.92472
43   -4    -2.26806
43    5    -0.72636
43   -5     0.73959
43    6     2.59869
43   -6     1.22277
43    7    -1.56321
43   -7    -0.82716
43    8    -2.39958
43   -8    -1.76505
43    9    -0.14930
43   -9     1.31882
43   10     1.85075
43  -10    -1.56328
43   11     2.53002
43  -11    -0.97622
43   12    -0.71724
43  -12    -0.57212
43   13    -3.49096
43  -13     0.73051
43   14     1.32938
43  -14     0.77167
43   15     1.39476
43  -15     3.31132
43   16     2.39199
43  -16     0.14199
43   17     1.67588
43  -17     0.29668
43   18     0.31869
43  -18     0.15277
43   19    -1.71724
43  -19     1.20503
43   20     2.18976
43  -20     1.43108
43   21     1.81977
43  -21    -1.36179
43   22    -2.45831
43  -22    -0.67889
43   23    -1.65826
43  -23     1.66254
43   24    -0.88095
43  -24     0.68607
43   25     0.07442
43  -25     1.75838
43   26     1.25522
43  -26     0.85643
43   27    -0.58092
43  -27    -0.22332
43   28    -0.91064
43  -28     0.84079
43   29    -0.44773
43  -29     1.71830
43   30     0.73531
43  -30    -0.50141
43   31     1.30174
43  -31     0.39130
43   32     1.61131
43  -32     0.58179
43   33    -0.88931
43  -33     0.90932
43   34    -0.23312
43  -34     1.15515
43   35     0.67632
43  -35     0.60961
43   36     1.65704
43  -36     0.39631
43   37     0.76319
43  -37    -0.00651
43   38    -1.99055
43  -38     1.54314
43   39    -2.24221
43  -39     1.19342
43   40    -1.73156
43  -40    -1.45672
43   41     0.64823
43  -41     0.74125
43   42     0.56144
43  -42     0.81439
43   43     0.39246
43  -43     0.98945
44    0    -0.69194
44    1     3.94166
44   -1    -0.89280
44    2    -1.25037
44   -2    -1.24496
44    3    -4.94191
44   -3    -0.80018
44    4     2.71075
44   -4     2.19023
44    5     3.05262
44   -5     0.38494
44    6    -1.40805
44   -6    -2.05631
44    7     0.89507
44   -7     0.53123
44    8     0.94729
44   -8     0.39735
44    9     0.78401
44   -9    -1.95587
44   10    -2.34476
44  -10     0.72539
44   11    -1.64020
44  -11     1.66760
44   12     0.42583
44  -12    -0.65186
44   13     2.86912
44  -13     0.47403
44   14    -0.58042
44  -14    -1.30126
44   15    -0.12776
44  -15    -1.66952
44   16    -0.00934
44  -16    -0.48168
44   17    -0.81093
44  -17     0.54865
44   18    -1.78303
44  -18    -0.84833
44   19     0.57835
44  -19    -1.11111
44   20    -1.10510
44  -20    -2.63520
44   21    -3.05422
44  -21    -1.65629
44   22    -1.21508
44  -22     0.94021
44   23     0.90757
44  -23    -0.04251
44   24     3.40307
44  -24    -1.11743
44   25     0.95097
44  -25    -2.46839
44   26    -1.56594
44  -26    -2.04879
44   27    -1.07248
44  -27     0.87119
44   28     0.31820
44  -28     0.41158
44   29     1.21013
44  -29    -0.54794
44   30    -0.79533
44  -30    -0.19748
44   31    -3.06579
44  -31    -0.45916
44   32    -0.34535
44  -32     0.55054
44   33     0.79034
44  -33     1.14867
44   34     0.21675
44  -34     0.22587
44   35     0.94860
44  -35    -1.09796
44   36    -2.29392
44  -36    -1.42709
44   37    -1.77416
44  -37    -1.74365
44   38    -1.22437
44  -38    -0.32905
44   39     1.46631
44  -39    -0.20255
44   40     1.72514
44  -40     0.85188
44   41     1.03075
44  -41    -1.59983
44   42     0.24211
44  -42    -0.29088
44   43    -0.22298
44  -43     0.14445
44   44    -1.24484
44  -44     0.69880
45    0     2.54264
45    1    -1.88543
45   -1    -0.43702
45    2    -0.63402
45   -2     0.15261
45    3     3.43929
45   -3     0.83541
45    4     0.11977
45   -4    -0.31088
45    5    -3.94906
45   -5    -0.86620
45    6     0.28302
45   -6     0.72072
45    7     2.58906
45   -7     0.49575
45    8    -0.07558
45   -8    -0.50042
45    9    -1.39663
45   -9    -0.87790
45   10     0.20403
45  -10     1.74597
45   11     0.02295
45  -11     0.19804
45   12     1.08258
45  -12     1.75314
45   13     0.86106
45  -13     0.61856
45   14    -0.72467
45  -14     1.09010
45   15     1.03453
45  -15    -1.21020
45   16    -1.17012
45  -16     0.83674
45   17     0.36433
45  -17    -0.49742
45   18     3.05180
45  -18    -0.39526
45   19     1.80717
45  -19     1.13500
45   20    -1.32102
45  -20     1.43825
45   21     1.23151
45  -21     0.98703
45   22     2.34704
45  -22     0.13962
45   23    -1.63975
45  -23    -0.40380
45   24    -2.53142
45  -24     0.79855
45   25    -1.63126
45  -25     0.93869
45   26     0.71343
45  -26     1.31770
45   27     1.73392
45  -27     0.91807
45   28     1.64637
45  -28    -1.30142
45   29     0.53641
45  -29    -0.85645
45   30    -0.08648
45  -30     1.83519
45   31     0.10279
45  -31    -0.02222
45   32    -0.65645
45  -32    -0.38002
45   33     0.03109
45  -33    -1.36596
45   34    -0.42516
45  -34    -0.45326
45   35    -1.48293
45  -35     1.13584
45   36     1.10500
45  -36     2.64059
45   37     1.65135
45  -37     2.08703
45   38     2.88701
45  -38    -0.17456
45   39    -1.22068
45  -39    -0.35359
45   40    -1.11299
45  -40     0.09958
45   41    -0.22025
45  -41     0.10785
45   42    -1.69165
45  -42     0.05207
45   43     0.31167
45  -43    -0.38023
45   44     0.18016
45  -44     0.63170
45   45    -2.53878
45  -45     0.65740
46    0    -0.62077
46    1    -1.37471
46   -1     0.76185
46    2     3.26865
46   -2    -1.42731
46    3    -0.66929
46   -3     0.34500
46    4    -4.86468
46   -4    -0.07573
46    5     3.26805
46   -5     0.51468
46    6     1.90262
46   -6    -1.17247
46    7    -4.02471
46   -7    -0.69680
46    8    -0.73968
46   -8     1.29041
46    9     1.03356
46   -9     2.73990
46   10     1.73381
46  -10    -2.58012
46   11    -1.10606
46  -11    -0.62422
46   12    -1.71945
46  -12     0.50959
46   13    -1.10504
46  -13    -1.32017
46   14     1.81602
46  -14    -0.17110
46   15    -1.94253
46  -15    -0.05521
46   16     0.32169
46  -16    -1.34601
46   17     1.20630
46  -17    -0.45468
46   18    -1.39893
46  -18     0.34421
46   19    -1.58690
46  -19    -0.19622
46   20     1.01391
46  -20     0.01029
46   21     0.90602
46  -21    -0.97397
46   22    -0.99877
46  -22    -2.52331
46   23    -1.13398
46  -23    -0.25182
46   24    -0.33485
46  -24    -0.00320
46   25     2.05063
46  -25     0.91624
46   26     2.04680
46  -26    -0.77396
46   27    -1.45438
46  -27    -2.12749
46   28    -2.19474
46  -28    -0.85481
46   29    -1.25030
46  -29     0.40506
46   30     0.17038
46  -30    -1.51075
46   31     0.74507
46  -31    -1.11223
46   32     0.00740
46  -32     0.33167
46   33     0.03941
46  -33     2.58195
46   34     0.54693
46  -34     0.60848
46   35     0.42884
46  -35    -0.02456
46   36    -0.16684
46  -36    -1.46615
46   37    -1.45959
46  -37    -1.23426
46   38    -3.35969
46  -38     0.62318
46   39    -1.86767
46  -39    -0.48096
46   40    -0.98915
46  -40    -0.38471
46   41     0.68427
46  -41    -0.14424
46   42     0.53858
46  -42    -0.03037
46   43     0.44218
46  -43     1.12634
46   44    -0.74909
46  -44    -0.71613
46   45     0.57443
46  -45    -1.40316
46   46     0.62434
46  -46    -1.63583
47    0     0.61991
47    1     2.12435
47   -1    -0.01125
47    2    -4.29140
47   -2     0.75618
47    3    -0.46704
47   -3    -0.45369
47    4     4.41188
47   -4    -0.12904
47    5    -0.47120
47   -5     0.28677
47    6    -3.12784
47   -6     1.21484
47    7     1.04932
47   -7     0.60058
47    8     1.61444
47   -8    -1.61573
47    9     0.28488
47   -9    -1.37605
47   10    -2.46855
47  -10    -0.24529
47   11     0.13134
47  -11     0.03637
47   12     0.20401
47  -12    -1.91501
47   13     0.05450
47  -13     0.76165
47   14     0.89676
47  -14     1.04938
47   15     1.94387
47  -15     2.76138
47   16     2.45458
47  -16     1.23773
47   17    -0.91273
47  -17     0.89424
47   18    -1.58578
47  -18    -0.54165
47   19     1.26062
47  -19    -0.25793
47   20     0.51434
47  -20     1.07880
47   21    -1.23476
47  -21     1.26310
47   22    -0.31514
47  -22     1.54385
47   23     1.16765
47  -23    -0.87412
47   24    -0.71862
47  -24    -0.54829
47   25    -2.92015
47  -25    -0.69780
47   26    -1.86195
47  -26    -0.87183
47   27     0.02775
47  -27     0.83003
47   28     0.96855
47  -28     1.30802
47   29     2.17939
47  -29     0.82843
47   30     0.73927
47  -30     0.18486
47   31     0.34868
47  -31     0.75222
47   32     0.68670
47  -32     0.05818
47   33     0.46883
47  -33    -0.80838
47   34     0.58780
47  -34    -0.25211
47   35    -0.31100
47  -35    -1.24599
47   36    -1.86513
47  -36     0.24442
47   37    -1.66675
47  -37     0.02856
47   38     0.13982
47  -38     0.27361
47   39     2.53317
47  -39     0.93320
47   40     0.20808
47  -40    -0.21669
47   41    -0.68428
47  -41    -0.35244
47   42     0.13002
47  -42     0.02559
47   43     0.29057
47  -43    -0.50823
47   44    -0.13282
47  -44     0.66562
47   45    -1.44484
47  -45     0.83969
47   46    -0.37950
47  -46     1.41899
47   47    -0.72757
47  -47    -0.55092
48    0     0.32452
48    1    -0.30668
48   -1     0.32332
48    2     0.51238
48   -2     0.00082
48    3     2.11570
48   -3    -1.52035
48    4    -1.80487
48   -4     1.00296
48    5    -3.60619
48   -5     0.80265
48    6     3.07445
48   -6    -1.14999
48    7     3.45734
48   -7    -2.10229
48    8    -2.51177
48   -8    -0.25937
48    9    -0.86516
48   -9     0.08796
48   10     0.97549
48  -10     3.06954
48   11     2.49218
48  -11     0.87388
48   12     0.72129
48  -12     1.04982
48   13    -0.54521
48  -13     0.96736
48   14    -1.01215
48  -14    -1.25354
48   15     0.56798
48  -15    -2.02432
48   16    -3.18997
48  -16    -0.90229
48   17    -0.39607
48  -17    -0.84890
48   18     2.08154
48  -18    -0.70185
48   19     0.09566
48  -19    -1.43104
48   20    -2.57117
48  -20    -1.67445
48   21    -0.66371
48  -21    -1.16794
48   22     0.38257
48  -22     1.08135
48   23     0.61314
48  -23    -1.01840
48   24     1.55417
48  -24    -1.06826
48   25     1.30778
48  -25    -0.14559
48   26     1.72511
48  -26     0.33742
48   27     2.11818
48  -27     0.66632
48   28     0.24016
48  -28    -0.71606
48   29    -0.67211
48  -29    -1.92228
48   30    -0.39234
48  -30     0.39548
48   31    -1.24195
48  -31    -0.78791
48   32    -1.56821
48  -32    -1.15797
48   33    -1.14473
48  -33    -0.10157
48   34    -1.96569
48  -34     1.88124
48   35     0.07406
48  -35     1.23358
48   36     2.13449
48  -36     0.16843
48   37     1.64375
48  -37    -0.60772
48   38    -0.29954
48  -38    -0.84167
48   39    -1.92787
48  -39    -0.44137
48   40     0.27398
48  -40     0.89797
48   41     0.82041
48  -41     0.07817
48   42    -0.13356
48  -42     0.87961
48   43    -0.22654
48  -43    -0.02046
48   44     0.98352
48  -44    -0.52599
48   45     0.92699
48  -45     1.52182
48   46     0.42881
48  -46     0.68470
48   47     0.17202
48  -47    -0.15610
48   48     0.30871
48  -48    -0.27833
49    0    -0.38114
49    1     2.23939
49   -1     0.03936
49    2     2.34955
49   -2    -0.31996
49    3    -5.55348
49   -3     0.86770
49    4    -0.37609
49   -4    -0.63368
49    5     3.81101
49   -5    -1.73081
49    6    -2.34151
49   -6     0.17711
49    7    -3.50236
49   -7     2.87753
49    8     1.44042
49   -8     1.27093
49    9     1.28352
49   -9    -1.10585
49   10     1.13655
49  -10    -1.90951
49   11    -2.33298
49  -11     0.52967
49   12    -0.80179
49  -12     1.30766
49   13     0.46635
49  -13    -1.13256
49   14    -0.17028
49  -14     1.05742
49   15    -0.36138
49  -15     0.88912
49   16     2.71272
49  -16     1.25513
49   17     1.60808
49  -17    -0.15616
49   18    -0.69239
49  -18     0.29657
49   19    -0.61019
49  -19    -0.05765
49   20     2.04412
49  -20     0.19983
49   21     1.21870
49  -21     1.14036
49   22     0.67303
49  -22     1.26755
49   23    -1.34619
49  -23     3.01636
49   24    -0.76547
49  -24     0.42409
49   25    -1.12377
49  -25    -0.01729
49   26    -2.27357
49  -26     0.76401
49   27    -1.88052
49  -27    -0.28328
49   28     0.08056
49  -28    -0.40187
49   29    -0.93124
49  -29     0.87168
49   30     1.61816
49  -30     0.69484
49   31     0.75746
49  -31     0.50188
49   32     0.24286
49  -32     0.06202
49   33     1.98759
49  -33     0.12705
49   34     0.25703
49  -34    -0.18820
49   35     0.74163
49  -35     0.23216
49   36     1.01121
49  -36    -0.37312
49   37     0.58033
49  -37     0.59307
49   38    -0.61639
49  -38    -1.39577
49   39    -0.89768
49  -39    -1.25663
49   40    -1.60576
49  -40    -0.18179
49   41    -0.81872
49  -41    -0.85652
49   42     0.17203
49  -42    -0.08222
49   43     0.36447
49  -43     1.94054
49   44    -1.47430
49  -44     0.46771
49   45     0.11122
49  -45    -0.09309
49   46     0.81755
49  -46    -1.13865
49   47     0.06874
49  -47     1.26267
49   48    -0.05854
49  -48    -0.21557
49   49    -0.02990
49  -49    -1.44160
50    0     1.26293
50    1    -1.65835
50   -1     0.60502
50    2    -2.56982
50   -2    -0.64576
50    3     3.48625
50   -3    -0.07883
50    4     2.13482
50   -4    -0.34109
50    5    -2.30000
50   -5     1.91160
50    6    -1.79873
50   -6     0.25194
50    7     2.06521
50   -7    -1.50882
50    8     1.55115
50   -8    -0.94992
50    9    -2.76957
50   -9     0.89375
50   10    -2.12397
50  -10    -0.00610
50   11     0.49840
50  -11    -0.49736
50   12     0.66613
50  -12    -0.84276
50   13    -0.63171
50  -13     0.65076
50   14     0.23627
50  -14     0.43088
50   15     1.18363
50  -15     0.82618
50   16    -0.11270
50  -16    -1.26824
50   17    -1.70343
50  -17    -0.59224
50   18     0.32010
50  -18     1.45399
50   19     2.19415
50  -19     1.95858
50   20     0.33766
50  -20    -0.67614
50   21    -0.93585
50  -21    -2.12657
50   22    -1.20558
50  -22    -3.87559
50   23    -1.12382
50  -23    -1.97751
50   24    -1.77102
50  -24    -0.49177
50   25    -0.34283
50  -25    -1.39691
50   26     0.55666
50  -26    -0.34902
50   27     0.27519
50  -27    -1.09275
50   28     0.70241
50  -28    -0.72286
50   29     0.39321
50  -29    -0.05857
50   30    -0.36248
50  -30    -0.56039
50   31     0.98620
50  -31     0.20745
50   32     0.36059
50  -32    -0.63689
50   33    -0.34836
50  -33    -1.42726
50   34     0.70328
50  -34     0.24172
50   35    -1.19998
50  -35    -0.28458
50   36    -2.37040
50  -36     1.36609
50   37    -2.05458
50  -37    -0.28324
50   38    -0.30517
50  -38     1.09302
50   39     0.81093
50  -39    -0.15818
50   40     0.39105
50  -40     0.17725
50   41    -0.47610
50  -41     1.95232
50   42    -0.17466
50  -42     0.86362
50   43     1.78941
50  -43    -1.26263
50   44     0.94207
50  -44     1.59478
50   45    -1.04084
50  -45     0.89184
50   46    -0.95258
50  -46     0.05111
50   47    -1.66732
50  -47    -0.13447
50   48     2.06283
50  -48     1.33718
50   49     1.05650
50  -49    -0.11805
50   50    -0.93478
50  -50     0.93113
51    0    -2.48338
51    1    -0.29844
51   -1    -0.86416
51    2     2.61554
51   -2     0.56720
51    3     0.63597
51   -3     0.28193
51    4    -5.45367
51   -4     0.20555
51    5     1.50535
51   -5    -1.18663
51    6     4.57574
51   -6    -1.52125
51    7    -1.08703
51   -7     0.39647
51    8    -3.49974
51   -8     1.37502
51    9     1.51871
51   -9    -0.28491
51   10     1.61803
51  -10    -0.55092
51   11    -0.11115
51  -11    -0.59545
51   12    -1.59302
51  -12     0.33457
51   13     0.51106
51  -13     1.22827
51   14     0.36062
51  -14    -0.58619
51   15    -1.33696
51  -15    -0.85540
51   16    -1.20596
51  -16     1.50798
51   17     3.50165
51  -17     1.24096
51   18     1.88776
51  -18    -0.53416
51   19    -1.84705
51  -19    -1.80065
51   20    -2.39400
51  -20    -0.33657
51   21    -0.50490
51  -21     1.26997
51   22     0.40280
51  -22     1.90205
51   23     2.52230
51  -23     0.76631
51   24     1.84684
51  -24     2.41318
51   25     0.98001
51  -25     0.15394
51   26     0.31767
51  -26    -1.53378
51   27    -0.14954
51  -27     0.70726
51   28    -0.41630
51  -28     0.59662
51   29     0.33012
51  -29     1.17708
51   30     0.36083
51  -30    -0.17677
51   31     0.95471
51  -31     0.41401
51   32     1.74548
51  -32     1.87990
51   33    -0.62208
51  -33     1.25314
51   34     0.36938
51  -34    -0.30106
51   35     0.14825
51  -35     0.69397
51   36     0.51373
51  -36     0.79326
51   37     1.59569
51  -37     0.31186
51   38     1.00731
51  -38     1.28742
51   39    -0.14223
51  -39    -1.31047
51   40     0.00285
51  -40    -2.02625
51   41    -0.32888
51  -41    -1.15428
51   42    -0.27043
51  -42    -2.48772
51   43    -1.55723
51  -43    -1.47964
51   44    -0.58180
51  -44    -0.38447
51   45     0.39495
51  -45     1.01827
51   46     1.00697
51  -46    -0.05588
51   47     1.16066
51  -47    -0.38362
51   48    -1.63683
51  -48    -1.67970
51   49     0.41485
51  -49    -0.90213
51   50     1.06240
51  -50     0.78509
51   51     1.05631
51  -51     0.70614
52    0     2.60883
52    1     3.06432
52   -1     1.15600
52    2    -2.84413
52   -2     0.60408
52    3    -3.07071
52   -3    -2.34312
52    4     5.07087
52   -4    -0.06650
52    5     0.55718
52   -5     0.75658
52    6    -3.96487
52   -6     1.87266
52    7     0.55777
52   -7     0.18742
52    8     2.84848
52   -8    -2.17335
52    9     1.33382
52   -9    -0.94620
52   10    -0.83036
52  -10     1.40417
52   11    -1.24516
52  -11     1.44400
52   12     1.55923
52  -12    -0.04944
52   13     0.62976
52  -13    -1.42873
52   14    -1.21524
52  -14    -0.09102
52   15    -0.31873
52  -15    -0.15234
52   16     0.91583
52  -16     2.45585
52   17    -2.73141
52  -17    -0.67734
52   18    -2.89136
52  -18    -2.77098
52   19     0.44231
52  -19     0.08412
52   20     2.50471
52  -20     2.44133
52   21     2.60993
52  -21    -0.03425
52   22     1.43781
52  -22    -0.32733
52   23    -0.04689
52  -23    -1.71397
52   24     0.54711
52  -24    -3.08277
52   25    -0.54835
52  -25    -0.88617
52   26    -0.20288
52  -26    -0.91292
52   27     0.07210
52  -27     0.65782
52   28    -0.45921
52  -28     0.46000
52   29    -0.76086
52  -29    -1.92996
52   30    -0.81118
52  -30    -1.09329
52   31    -2.90791
52  -31    -0.09301
52   32    -1.15218
52  -32    -0.44395
52   33     0.90293
52  -33    -0.83242
52   34    -0.80106
52  -34    -1.23663
52   35     0.29086
52  -35     0.42354
52   36     0.44024
52  -36    -1.21082
52   37    -0.16618
52  -37    -0.24913
52   38    -0.77666
52  -38    -2.67167
52   39    -1.75609
52  -39     0.05395
52   40    -0.47800
52  -40    -0.14038
52   41     0.57783
52  -41     0.53299
52   42    -0.58958
52  -42     2.98423
52   43     0.10089
52  -43     2.45758
52   44     0.63373
52  -44     0.47375
52   45    -0.18128
52  -45     1.18169
52   46    -1.20702
52  -46     1.30523
52   47    -0.49664
52  -47     0.47857
52   48    -0.31882
52  -48     1.01063
52   49    -2.13020
52  -49    -0.41756
52   50     0.60515
52  -50    -1.72535
52   51    -2.05067
52  -51    -1.78232
52   52    -1.27380
52  -52     0.93495
53    0    -0.24034
53    1    -3.62264
53   -1    -0.69353
53    2     2.01610
53   -2    -1.13046
53    3     3.41113
53   -3     1.89546
53    4    -2.43595
53   -4     0.38959
53    5    -5.20166
53   -5     0.11905
53    6     0.87225
53   -6     0.11653
53    7     3.09796
53   -7    -0.04481
53    8    -0.74680
53   -8     1.71914
53    9    -2.68284
53   -9     1.93562
53   10     0.79355
53  -10    -1.06570
53   11     1.23310
53  -11    -1.92474
53   12    -1.70433
53  -12    -1.17080
53   13    -2.31113
53  -13     0.62955
53   14     0.55916
53  -14     2.45088
53   15     1.55506
53  -15     1.89730
53   16    -0.26421
53  -16    -2.82103
53   17    -0.63291
53  -17    -1.25326
53   18     4.61706
53  -18     2.29454
53   19     1.93495
53  -19     1.81624
53   20    -0.90331
53  -20    -1.21969
53   21    -1.10972
53  -21    -1.67749
53   22    -2.54738
53  -22    -0.20270
53   23    -3.25812
53  -23     1.66566
53   24    -0.47905
53  -24     2.59759
53   25     0.90570
53  -25     3.86295
53   26    -0.08041
53  -26     2.65334
53   27    -0.25378
53  -27    -1.94609
53   28     1.04662
53  -28    -1.19797
53   29     2.32329
53  -29    -0.10960
53   30     0.31335
53  -30     1.27455
53   31     1.60666
53  -31     0.93155
53   32     1.44444
53  -32     0.38445
53   33     2.35682
53  -33     0.91501
53   34    -0.37501
53  -34     1.09256
53   35     0.03156
53  -35    -0.81292
53   36    -0.30189
53  -36     0.63717
53   37     0.27383
53  -37     0.77142
53   38    -0.70004
53  -38     1.22567
53   39     1.69465
53  -39     0.41785
53   40     0.66523
53  -40     1.76095
53   41    -0.40107
53  -41     0.97361
53   42    -0.95000
53  -42     0.18605
53   43    -0.25775
53  -43    -1.21736
53   44    -0.37779
53  -44    -2.00516
53   45     0.94509
53  -45    -2.21554
53   46    -0.57231
53  -46    -0.16011
53   47     0.10242
53  -47     1.23294
53   48     2.51228
53  -48     0.40010
53   49     0.46638
53  -49     0.05985
53   50    -1.29902
53  -50    -0.34318
53   51     0.37275
53  -51    -1.48359
53   52     0.41416
53  -52     0.01912
53   53     1.26698
53  -53     0.70634
54    0    -2.72605
54    1     3.96691
54   -1     0.17683
54    2     0.28114
54   -2     1.55513
54    3    -4.42165
54   -3     0.44172
54    4    -1.78452
54   -4    -2.36133
54    5     6.05182
54   -5    -0.11226
54    6     0.56777
54   -6     0.23635
54    7    -4.22876
54   -7     0.10893
54    8    -0.32229
54   -8     0.31467
54    9     1.99587
54   -9    -1.32349
54   10     0.28732
54  -10    -0.25086
54   11     0.66309
54  -11     0.68735
54   12     0.46329
54  -12     1.93167
54   13     1.53529
54  -13     0.28478
54   14     0.27115
54  -14    -2.84016
54   15    -1.41669
54  -15    -1.91874
54   16     0.13474
54  -16    -0.76660
54   17     1.76471
54  -17     3.12912
54   18    -3.02273
54  -18     1.25700
54   19    -3.56506
54  -19    -2.31399
54   20    -1.02998
54  -20    -1.64987
54   21     0.35352
54  -21     1.89217
54   22     0.88933
54  -22     0.17552
54   23     2.22066
54  -23    -1.19087
54   24     0.52085
54  -24    -1.13686
54   25    -0.29420
54  -25    -4.25669
54   26     0.36352
54  -26    -2.74373
54   27     1.52258
54  -27    -0.68809
54   28     0.98825
54  -28     0.89498
54   29    -1.18879
54  -29     2.37404
54   30    -0.47541
54  -30    -0.64522
54   31    -0.55677
54  -31    -0.85335
54   32    -1.02019
54  -32     0.67178
54   33    -3.70508
54  -33    -0.82112
54   34    -0.10097
54  -34     0.13695
54   35    -0.94402
54  -35    -0.83588
54   36    -0.93905
54  -36    -0.22122
54   37    -0.73162
54  -37    -1.10262
54   38    -0.21477
54  -38     0.69731
54   39     0.77290
54  -39    -1.01510
54   40    -0.77946
54  -40    -1.32055
54   41    -0.01894
54  -41    -2.37634
54   42    -0.18584
54  -42    -1.23035
54   43    -1.70229
54  -43     0.42748
54   44    -0.58588
54  -44     1.24909
54   45    -1.16820
54  -45     0.08245
54   46     0.09726
54  -46     0.47111
54   47    -0.95186
54  -47     1.29112
54   48    -1.03608
54  -48     0.63176
54   49    -0.41243
54  -49     0.32676
54   50    -0.80769
54  -50     2.40972
54   51     0.61943
54  -51     0.07535
54   52    -1.86658
54  -52     0.44421
54   53    -1.31983
54  -53    -1.05600
54   54    -1.98169
54  -54     0.04763
55    0     2.40953
55    1    -1.86418
55   -1    -0.26446
55    2    -2.44239
55   -2    -1.14896
55    3     2.77685
55   -3    -1.46114
55    4     4.21283
55   -4     0.76217
55    5    -3.01601
55   -5    -0.72546
55    6    -3.70333
55   -6    -0.90507
55    7     1.28264
55   -7    -0.51100
55    8     1.40072
55   -8    -0.15540
55    9    -1.02513
55   -9     1.09494
55   10    -0.66554
55  -10     2.55334
55   11    -0.60165
55  -11     0.65426
55   12     1.06367
55  -12    -2.29695
55   13    -0.72380
55  -13    -2.26518
55   14    -1.72026
55  -14     1.06198
55   15     0.02433
55  -15     2.48280
55   16    -0.24124
55  -16     3.78220
55   17    -0.50281
55  -17    -1.85054
55   18     0.73012
55  -18    -3.81674
55   19     5.23786
55  -19     0.56323
55   20     1.96011
55  -20     2.44564
55   21    -0.06083
55  -21     0.11955
55   22     1.86985
55  -22     0.64433
55   23     0.19032
55  -23    -1.03317
55   24    -1.42940
55  -24    -0.35586
55   25    -1.41725
55  -25     1.12070
55   26     1.42005
55  -26     2.80849
55   27    -0.71675
55  -27     3.65414
55   28    -2.58102
55  -28     0.13918
55   29    -0.29042
55  -29    -0.80950
55   30     2.08563
55  -30     0.17818
55   31    -1.01284
55  -31     0.54464
55   32    -0.39580
55  -32    -1.27337
55   33     0.52635
55  -33     0.48492
55   34     1.77006
55  -34     0.52565
55   35     0.80407
55  -35     0.29732
55   36    -0.74487
55  -36    -1.50316
55   37    -0.75186
55  -37    -0.91314
55   38     1.23849
55  -38    -0.31920
55   39    -1.27161
55  -39    -0.13784
55   40    -0.25948
55  -40    -1.53607
55   41    -0.36368
55  -41     2.13199
55   42     0.65062
55  -42     2.12909
55   43     1.04126
55  -43     0.14404
55   44     0.50491
55  -44    -0.75727
55   45     0.27745
55  -45     0.11139
55   46     0.38510
55  -46    -0.17022
55   47     0.30939
55  -47    -1.61829
55   48    -0.70923
55  -48    -0.20583
55   49     0.28226
55  -49     0.76246
55   50     1.80510
55  -50     0.17034
55   51    -1.64476
55  -51    -0.54975
55   52     0.93363
55  -52    -1.83331
55   53    -1.02960
55  -53    -0.42436
55   54     0.10129
55  -54     0.57484
55   55    -0.58695
55  -55    -1.22792
56    0    -1.15211
56    1    -1.21297
56   -1    -0.33369
56    2     3.98116
56   -2    -0.42342
56    3    -0.21718
56   -3     0.30024
56    4    -4.90780
56   -4     0.68649
56    5    -0.39606
56   -5     0.73810
56    6     5.15822
56   -6     0.61948
56    7     0.76528
56   -7     0.21913
56    8    -1.99123
56   -8    -0.63364
56    9     0.41299
56   -9     0.66637
56   10     0.40410
56  -10    -1.74350
56   11    -1.22856
56  -11    -0.80778
56   12     0.11069
56  -12     1.56008
56   13     0.19187
56  -13     3.39630
56   14     2.10882
56  -14     0.85570
56   15     1.04025
56  -15    -3.76438
56   16     0.10130
56  -16    -2.78593
56   17    -0.03043
56  -17    -0.45459
56   18     0.83926
56  -18     3.23834
56   19    -2.35689
56  -19     2.50482
56   20    -1.72273
56  -20    -0.31700
56   21    -0.50192
56  -21    -2.24000
56   22    -1.02086
56  -22    -0.37638
56   23    -1.61858
56  -23     0.56025
56   24     1.20444
56  -24    -0.64594
56   25     0.84144
56  -25     1.37834
56   26    -1.59589
56  -26    -2.19575
56   27    -1.04765
56  -27    -3.68156
56   28     1.08896
56  -28    -1.63207
56   29     2.27102
56  -29    -0.73206
56   30    -1.03441
56  -30     0.71897
56   31     0.44698
56  -31    -0.54623
56   32     0.88062
56  -32     0.19409
56   33     1.79244
56  -33     1.84866
56   34    -2.17843
56  -34    -0.73889
56   35    -0.29821
56  -35    -0.46064
56   36     0.34876
56  -36     0.42024
56   37     0.34761
56  -37     0.49330
56   38    -0.88134
56  -38    -0.33335
56   39    -0.06593
56  -39     0.06671
56   40    -0.04728
56  -40     0.25371
56   41     0.79840
56  -41     0.19421
56   42    -0.54752
56  -42    -1.18214
56   43    -1.20927
56  -43    -1.26877
56   44    -1.29733
56  -44    -0.88972
56   45     0.45315
56  -45    -0.87531
56   46    -0.88111
56  -46    -1.20147
56   47    -1.73631
56  -47     0.10925
56   48    -1.13723
56  -48    -0.01003
56   49     0.37506
56  -49    -0.08790
56   50    -0.26121
56  -50    -0.35128
56   51    -0.47494
56  -51     1.27827
56   52    -0.38755
56  -52     2.13532
56   53     2.40528
56  -53     1.09726
56   54    -0.75780
56  -54     0.65905
56   55     0.02507
56  -55     0.85775
56   56    -0.34928
56  -56    -0.61692
57    0     1.27432
57    1     2.42583
57   -1     1.06531
57    2    -3.26053
57   -2     0.22155
57    3    -1.22765
57   -3     0.94756
57    4     2.70573
57   -4    -0.04375
57    5     2.87610
57   -5     0.21646
57    6    -3.79984
57   -6    -0.23208
57    7    -1.50271
57   -7     0.33561
57    8     1.14689
57   -8    -0.25815
57    9     0.58985
57   -9    -1.81340
57   10    -0.91916
57  -10    -0.74205
57   11     0.04613
57  -11     2.02245
57   12    -1.05481
57  -12     0.66571
57   13    -0.16537
57  -13    -2.44884
57   14    -0.60061
57  -14    -2.28375
57   15    -1.42906
57  -15     2.65095
57   16     0.00338
57  -16     2.21718
57   17    -1.39630
57  -17     2.61609
57   18    -1.53552
57  -18    -1.06591
57   19     0.68880
57  -19    -3.44217
57   20     3.71442
57  -20    -0.21519
57   21     0.91405
57  -21     1.86528
57   22    -0.98024
57  -22     1.29234
57   23     1.87692
57  -23     2.20189
57   24     1.40948
57  -24    -0.50859
57   25     0.67006
57  -25    -1.68890
57   26    -0.23086
57  -26     1.03040
57   27     1.99327
57  -27     0.96704
57   28     1.99865
57  -28     2.51642
57   29    -3.10201
57  -29     0.29663
57   30    -1.80113
57  -30    -0.81608
57   31     0.88307
57  -31     1.37076
57   32    -0.38441
57  -32     1.73845
57   33    -2.28143
57  -33    -1.66910
57   34     0.12493
57  -34     0.23533
57   35     0.38306
57  -35     0.67649
57   36     0.20487
57  -36    -0.03716
57   37    -0.04696
57  -37    -0.60952
57   38    -0.46408
57  -38    -0.82058
57   39     1.14390
57  -39     0.16009
57   40    -0.02161
57  -40     0.38723
57   41     1.05263
57  -41    -2.41810
57   42    -0.84409
57  -42    -1.29455
57   43    -0.26249
57  -43     0.84724
57   44     0.78652
57  -44     1.28922
57   45     1.38976
57  -45    -0.85231
57   46     2.54938
57  -46     0.11699
57   47     1.53654
57  -47    -0.27413
57   48     0.92928
57  -48    -0.07840
57   49    -1.21199
57  -49    -0.06268
57   50    -0.21478
57  -50    -1.20870
57   51     1.07241
57  -51    -0.53304
57   52    -0.54597
57  -52     0.06358
57   53     0.10495
57  -53    -2.08994
57   54     0.44306
57  -54    -1.60690
57   55     2.11885
57  -55    -0.66308
57   56     0.37687
57  -56    -1.26245
57   57     1.01018
57  -57     0.68369
58    0     0.61193
58    1    -1.14221
58   -1    -0.26957
58    2    -0.30232
58   -2     1.02659
58    3     2.53806
58   -3    -1.37041
58    4    -0.57180
58   -4    -1.57080
58    5    -4.32613
58   -5    -0.77450
58    6     0.17139
58   -6     1.76215
58    7     2.64114
58   -7     0.15356
58    8    -0.72148
58   -8    -0.11209
58    9    -0.87867
58   -9     0.28468
58   10     0.77432
58  -10     2.15175
58   11     0.90719
58  -11    -2.21036
58   12     0.78203
58  -12    -2.42510
58   13     0.69230
58  -13     1.00940
58   14    -0.89563
58  -14     3.42412
58   15     1.01796
58  -15     0.46343
58   16     1.41833
58  -16    -3.92650
58   17     1.38131
58  -17    -2.61511
58   18     0.67612
58  -18    -0.04116
58   19    -1.26102
58  -19     2.11042
58   20    -3.12997
58  -20     1.61002
58   21    -0.84842
58  -21     1.03169
58   22     1.36433
58  -22    -1.04595
58   23    -0.10133
58  -23    -2.06310
58   24    -2.12958
58  -24    -0.74777
58   25    -0.92517
58  -25    -1.62919
58   26     0.33595
58  -26    -0.15247
58   27    -1.30552
58  -27    -0.26689
58   28    -0.89868
58  -28    -1.85148
58   29     1.12195
58  -29    -0.88254
58   30     2.77613
58  -30    -0.33181
58   31    -1.02168
58  -31    -0.42254
58   32    -0.58750
58  -32    -2.58571
58   33     0.15225
58  -33    -0.09957
58   34     2.22795
58  -34     2.05581
58   35    -0.52844
58  -35     0.63933
58   36    -0.77161
58  -36     0.29674
58   37     0.72042
58  -37    -0.04793
58   38     0.28429
58  -38     0.69936
58   39    -0.25050
58  -39     0.20538
58   40    -0.30377
58  -40     0.18633
58   41    -0.49201
58  -41     1.10836
58   42     0.86749
58  -42     0.47992
58   43    -0.62105
58  -43     1.00714
58   44    -0.12345
58  -44    -0.94668
58   45    -1.03352
58  -45     0.90020
58   46    -0.49314
58  -46     0.49190
58   47     0.08098
58  -47     0.55661
58   48     0.00875
58  -48    -1.33171
58   49     0.98865
58  -49    -0.70116
58   50    -1.01832
58  -50     1.20118
58   51    -0.11418
58  -51     0.23564
58   52    -0.40979
58  -52    -1.26148
58   53    -1.18767
58  -53     1.36511
58   54    -0.33146
58  -54     2.00714
58   55    -0.41209
58  -55     1.39922
58   56     1.12549
58  -56     0.28699
58   57     1.08556
58  -57    -1.06785
58   58     0.99799
58  -58    -0.17105
59    0    -1.85297
59    1     0.11212
59   -1    -1.15065
59    2     2.83001
59   -2    -0.51180
59    3    -2.39806
59   -3    -0.22860
59    4    -1.66373
59   -4     1.05366
59    5     3.15735
59   -5     1.09607
59    6     2.13243
59   -6    -1.63399
59    7    -2.73648
59   -7    -0.41429
59    8    -0.29294
59   -8     1.77439
59    9     0.54687
59   -9     0.20772
59   10     1.40733
59  -10    -2.11320
59   11    -0.16320
59  -11    -0.35249
59   12    -0.67117
59  -12     2.62777
59   13    -1.68783
59  -13     0.81670
59   14     0.43701
59  -14    -3.25291
59   15    -0.24694
59  -15    -2.22778
59   16    -1.70914
59  -16     3.76576
59   17     0.68366
59  -17     2.62408
59   18    -0.09830
59  -18     0.51856
59   19    -0.29000
59  -19    -0.47530
59   20     1.03118
59  -20    -2.51107
59   21     2.19742
59  -21    -1.61026
59   22     0.27561
59  -22     0.86276
59   23    -2.01968
59  -23     0.74762
59   24     1.98172
59  -24     3.61087
59   25     2.47184
59  -25     1.83149
59   26     1.11073
59  -26    -0.91431
59   27     0.13260
59  -27     1.32467
59   28     0.28055
59  -28     0.43010
59   29     2.31692
59  -29     0.77928
59   30    -0.12049
59  -30    -0.09370
59   31    -0.15874
59  -31    -1.91970
59   32     1.03893
59  -32     0.41357
59   33     0.30787
59  -33     2.30208
59   34    -3.51032
59  -34    -1.71089
59   35    -0.65562
59  -35    -0.17727
59   36    -0.39673
59  -36    -0.49692
59   37    -0.00611
59  -37    -1.07032
59   38    -0.42868
59  -38    -0.85671
59   39     0.42699
59  -39     0.24003
59   40    -0.48052
59  -40     0.11520
59   41     0.99812
59  -41     1.26724
59   42     1.06463
59  -42     0.08160
59   43     0.87247
59  -43    -0.63031
59   44    -1.52371
59  -44    -1.48646
59   45     0.61241
59  -45    -1.41659
59   46     0.58878
59  -46     0.21181
59   47     1.81409
59  -47     1.56738
59   48     1.07595
59  -48     1.50522
59   49     1.32070
59  -49     0.25620
59   50     1.46732
59  -50    -0.41928
59   51     0.68847
59  -51     0.99184
59   52    -0.23075
59  -52     0.02730
59   53     0.88103
59  -53    -0.58243
59   54     0.61220
59  -54    -0.54796
59   55     2.53110
59  -55    -1.12799
59   56    -0.91366
59  -56    -0.09638
59   57     0.19920
59  -57     0.67572
59   58     1.04169
59  -58    -0.61805
59   59     1.81376
59  -59     0.62449
60    0     1.36059
60    1     1.13119
60   -1     0.74889
60    2    -1.85902
60   -2    -0.28871
60    3     0.32758
60   -3     2.28959
60    4     2.62710
60   -4    -0.57546
60    5    -0.32948
60   -5    -1.04156
60    6    -3.32744
60   -6    -0.34204
60    7     2.22014
60   -7     1.28952
60    8     1.79905
60   -8    -1.77443
60    9    -0.68981
60   -9    -1.16801
60   10    -1.14760
60  -10     1.53274
60   11    -1.12760
60  -11     3.53350
60   12     0.29027
60  -12    -1.72361
60   13     1.88524
60  -13    -2.35551
60   14     1.01957
60  -14     2.25636
60   15    -0.74474
60  -15     3.33803
60   16     0.76831
60  -16    -0.45711
60   17     0.19555
60  -17    -3.24613
60   18     0.54591
60  -18    -1.97238
60   19     1.31836
60  -19     0.32622
60   20    -0.65515
60  -20     1.55521
60   21    -2.10592
60  -21     1.06016
60   22    -0.54798
60  -22     1.59793
60   23    -0.12910
60  -23     1.15146
60   24     0.77222
60  -24    -2.46794
60   25    -0.99174
60  -25     0.00862
60   26    -0.79737
60  -26    -1.03204
60   27    -0.02531
60  -27    -1.95097
60   28    -1.98341
60  -28    -0.28194
60   29    -1.98414
60  -29    -0.25754
60   30    -0.28100
60  -30     1.34541
60   31     1.78011
60  -31     0.97632
60   32     1.45021
60  -32     0.58179
60   33     0.50688
60  -33    -3.08413
60   34     1.59669
60  -34    -0.73211
60   35     2.08059
60  -35     0.20275
60   36     1.71735
60  -36     1.72042
60   37    -0.36315
60  -37     1.82047
60   38     0.13397
60  -38     0.73453
60   39     0.61473
60  -39     0.84201
60   40    -0.81293
60  -40     0.08134
60   41    -0.06030
60  -41    -1.91956
60   42    -2.67588
60  -42    -0.45980
60   43    -0.96101
60  -43    -0.04579
60   44    -0.57588
60  -44     1.34766
60   45    -0.23522
60  -45     0.93275
60   46    -1.39555
60  -46     0.92824
60   47    -0.51848
60  -47    -0.44510
60   48    -0.72984
60  -48     0.92603
60   49     0.75649
60  -49     0.89847
60   50     1.21225
60  -50    -0.43827
60   51    -1.22107
60  -51    -1.37857
60   52    -0.87929
60  -52     0.68942
60   53    -1.05101
60  -53    -0.99567
60   54    -1.39184
60  -54    -0.42361
60   55    -2.66601
60  -55     1.20677
60   56    -1.97492
60  -56     1.22242
60   57    -0.96021
60  -57     1.18090
60   58     0.06298
60  -58    -1.52530
60   59     0.29795
60  -59    -0.87808
60   60     2.36915
60  -60    -0.94670
61    0     1.36958
61    1    -2.02601
61   -1     0.59251
61    2    -0.72208
61   -2    -0.83657
61    3     2.96916
61   -3    -2.35244
61    4    -2.84884
61   -4     0.38299
61    5    -2.34198
61   -5     0.71553
61    6     2.59001
61   -6     1.86705
61    7     1.05283
61   -7    -1.08056
61    8    -2.75969
61   -8     0.57432
61    9    -0.04752
61   -9     1.65585
61   10     0.58142
61  -10    -0.43813
61   11     1.56908
61  -11    -3.07833
61   12     0.76802
61  -12    -1.24241
61   13    -1.12239
61  -13     2.33245
61   14    -1.55908
61  -14     0.76750
61   15     0.40446
61  -15    -2.87501
61   16    -0.37840
61  -16    -2.72805
61   17    -2.27310
61  -17     2.83397
61   18    -0.34379
61  -18     3.00692
61   19    -0.76536
61  -19     0.03314
61   20    -0.69109
61  -20    -0.15678
61   21     0.80073
61  -21    -0.35469
61   22     0.56007
61  -22    -1.31332
61   23     0.56418
61  -23    -1.39516
61   24    -2.41030
61  -24    -0.60633
61   25    -0.49543
61  -25     2.38395
61   26     1.37929
61  -26     1.28413
61   27     1.82763
61  -27    -0.50206
61   28     2.91188
61  -28     1.28191
61   29     0.65961
61  -29    -0.03836
61   30     0.71748
61  -30    -0.36750
61   31    -0.76428
61  -31     0.53094
61   32    -0.74268
61  -32     0.05397
61   33    -0.73046
61  -33     0.73112
61   34     0.75007
61  -34     1.94212
61   35    -2.80617
61  -35     0.23576
61   36    -1.59988
61  -36    -0.31964
61   37    -0.58310
61  -37     0.20582
61   38    -0.75622
61  -38    -0.84743
61   39    -0.40175
61  -39    -1.37924
61   40     0.33005
61  -40    -0.62373
61   41    -0.55775
61  -41    -1.20015
61   42     0.96562
61  -42    -0.66204
61   43     2.09732
61  -43     0.95694
61   44     2.92545
61  -44     0.41053
61   45    -0.60729
61  -45    -0.94956
61   46     2.51582
61  -46    -1.10121
61   47     1.23284
61  -47    -0.15001
61   48     0.21932
61  -48    -0.74881
61   49    -0.78006
61  -49    -0.19000
61   50    -0.36704
61  -50     0.57545
61   51     1.22098
61  -51     1.40959
61   52     1.02998
61  -52     0.66009
61   53     1.45566
61  -53     0.95528
61   54     1.19426
61  -54    -1.14134
61   55     1.97042
61  -55     0.54770
61   56     1.89858
61  -56    -0.13752
61   57     1.06172
61  -57    -0.29269
61   58    -0.59700
61  -58     0.27974
61   59    -0.70032
61  -59     1.66978
61   60    -1.42015
61  -60     1.83938
61   61    -1.03110
61  -61     1.80503
62    0    -1.41899
62    1     1.14543
62   -1    -1.39620
62    2     1.89289
62   -2     1.15686
62    3    -2.35985
62   -3     0.10807
62    4     0.09432
62   -4     0.99175
62    5     3.25041
62   -5    -0.26883
62    6    -1.42689
62   -6    -0.10615
62    7    -2.92895
62   -7     1.29720
62    8     2.25350
62   -8     0.81168
62    9     1.54578
62   -9    -2.28339
62   10     0.77245
62  -10    -1.45608
62   11    -0.40201
62  -11     2.10750
62   12    -1.83937
62  -12     3.30128
62   13    -0.18748
62  -13    -1.08066
62   14     1.66683
62  -14    -2.51006
62   15     0.87479
62  -15     1.80952
62   16     0.85955
62  -16     2.60910
62   17     2.52166
62  -17    -0.99782
62   18     0.83556
62  -18    -2.84366
62   19    -0.16391
62  -19    -1.71994
62   20     1.29930
62  -20     0.73480
62   21     0.12732
62  -21     0.37106
62   22    -0.17785
62  -22    -0.39286
62   23     0.49588
62  -23     0.77760
62   24     0.80937
62  -24     1.58449
62   25     0.54549
62  -25    -1.38251
62   26    -0.60404
62  -26     0.42798
62   27    -0.74602
62  -27     2.05409
62   28    -0.81752
62  -28    -1.94422
62   29    -0.89808
62  -29    -1.06190
62   30    -1.48292
62  -30    -0.86380
62   31    -0.69406
62  -31     0.67608
62   32    -0.33203
62  -32     0.71293
62   33     0.60261
62  -33     1.97792
62   34     0.52717
62  -34    -1.61024
62   35     0.83104
62  -35    -0.87471
62   36     0.35233
62  -36    -2.20320
62   37     1.60242
62  -37    -0.40885
62   38     0.63481
62  -38     0.99349
62   39     0.30796
62  -39     2.16719
62   40    -0.15869
62  -40     2.03751
62   41     0.37837
62  -41     3.39545
62   42     0.14574
62  -42    -0.26713
62   43    -0.86095
62  -43    -0.27973
62   44    -3.66701
62  -44    -2.08011
62   45    -1.74823
62  -45     0.53043
62   46    -1.17147
62  -46     2.13668
62   47    -1.73421
62  -47     0.65502
62   48    -0.97970
62  -48    -0.12238
62   49     1.18037
62  -49    -0.16131
62   50     0.90352
62  -50    -0.34737
62   51     0.94822
62  -51     0.49511
62   52    -1.90270
62  -52    -0.75672
62   53    -3.38768
62  -53    -1.06672
62   54    -0.56671
62  -54    -0.43000
62   55    -0.66842
62  -55    -1.07059
62   56    -0.36579
62  -56    -0.50032
62   57    -1.83871
62  -57     0.78248
62   58    -0.75976
62  -58    -0.00363
62   59     0.29232
62  -59    -1.44250
62   60     0.79809
62  -60    -1.12828
62   61    -0.33211
62  -61    -0.65295
62   62    -0.21545
62  -62    -0.08918
63    0     1.64899
63    1     0.86330
63   -1     0.35927
63    2    -0.85487
63   -2     1.56727
63    3     0.56865
63   -3     0.81451
63    4     3.27421
63   -4    -1.92259
63    5    -2.86242
63   -5    -0.24119
63    6    -2.34737
63   -6    -0.24905
63    7     2.28480
63   -7     0.57520
63    8    -0.19005
63   -8    -1.09427
63    9    -1.76625
63   -9     0.90384
63   10    -0.42572
63  -10     2.71231
63   11    -0.24150
63  -11    -0.17533
63   12     1.35864
63  -12    -3.39808
63   13     1.17299
63  -13    -1.00142
63   14    -0.46437
63  -14     3.14365
63   15    -0.90062
63  -15     1.64590
63   16     0.60654
63  -16    -1.30500
63   17    -0.72448
63  -17    -0.75668
63   18    -2.17327
63  -18     1.21232
63   19     0.24965
63  -19     1.92644
63   20    -0.07592
63  -20    -1.17188
63   21    -0.88256
63  -21    -0.63762
63   22    -0.72362
63  -22     2.05778
63   23    -1.51563
63  -23     0.56054
63   24     1.65209
63  -24    -1.07057
63   25     0.41913
63  -25    -1.13260
63   26    -0.52023
63  -26     0.48512
63   27    -0.38538
63  -27     0.41309
63   28    -1.18134
63  -28     0.79191
63   29     2.25420
63  -29     2.39676
63   30     2.26483
63  -30     0.34470
63   31     1.20209
63  -31    -2.41931
63   32     0.47331
63  -32    -0.62751
63   33    -0.13581
63  -33    -1.68344
63   34    -0.76564
63  -34     0.89791
63   35     0.69037
63  -35     0.26327
63   36    -1.07999
63  -36     1.18841
63   37    -0.94143
63  -37     0.57121
63   38    -0.28730
63  -38     0.42631
63   39     0.54801
63  -39    -1.77837
63   40    -0.87270
63  -40    -2.08084
63   41     0.44252
63  -41    -0.63618
63   42    -1.29723
63  -42    -1.13708
63   43     0.42298
63  -43    -1.17569
63   44     0.95089
63  -44     0.17990
63   45     0.96028
63  -45     1.04985
63   46    -0.95795
63  -46    -1.72698
63   47     0.92642
63  -47    -1.06899
63   48     0.86852
63  -48     0.21414
63   49     1.58172
63  -49    -0.22657
63   50     1.00821
63  -50    -1.51699
63   51    -0.26356
63  -51    -1.67453
63   52     0.26461
63  -52    -1.33384
63   53     0.60151
63  -53     0.20671
63   54    -0.09981
63  -54     1.32060
63   55     0.22004
63  -55     0.07994
63   56     0.35963
63  -56    -1.14618
63   57     1.65605
63  -57     1.08788
63   58     0.72913
63  -58     0.09744
63   59    -0.78269
63  -59     1.50764
63   60     1.14125
63  -60    -0.59287
63   61     0.45749
63  -61     1.57722
63   62     0.28378
63  -62     0.88235
63   63    -2.51209
63  -63     0.41565
64    0    -0.80463
64    1    -0.86913
64   -1     1.40462
64    2     1.52158
64   -2    -1.28808
64    3    -0.02780
64   -3    -0.94083
64    4    -3.91113
64   -4    -0.05766
64    5     0.47313
64   -5     1.13850
64    6     3.66226
64   -6     0.51768
64    7    -0.95276
64   -7    -0.92608
64    8    -2.28496
64   -8     1.46348
64    9     1.87651
64   -9     0.49129
64   10     0.43640
64  -10    -2.26063
64   11     0.67733
64  -11    -1.97620
64   12     0.34879
64  -12     2.31398
64   13    -1.71159
64  -13     3.44601
64   14    -0.77451
64  -14    -0.56567
64   15     0.48481
64  -15    -1.89985
64   16    -1.17960
64  -16     1.07891
64   17     0.53078
64  -17     2.10308
64   18     2.59477
64  -18     0.10415
64   19    -0.09994
64  -19    -1.34407
64   20    -1.61275
64  -20    -1.40552
64   21     0.44932
64  -21     0.78662
64   22     0.66293
64  -22     0.68841
64   23     0.29291
64  -23    -0.62656
64   24     0.73968
64  -24     0.10461
64   25    -0.73096
64  -25     1.63578
64   26    -0.36672
64  -26    -2.12786
64   27     0.61604
64  -27    -0.76116
64   28     0.29513
64  -28     1.73589
64   29    -0.64116
64  -29    -1.63289
64   30    -0.78451
64  -30    -1.03448
64   31    -1.32884
64  -31     0.81525
64   32    -0.01597
64  -32     1.76506
64   33    -1.06285
64  -33     1.24694
64   34    -0.50334
64  -34     1.22353
64   35     0.10286
64  -35     0.00256
64   36     1.23985
64  -36     1.17179
64   37     0.29385
64  -37    -0.53800
64   38     1.03068
64  -38    -0.93819
64   39     0.90355
64  -39    -0.22932
64   40     0.14934
64  -40     2.23732
64   41    -0.30032
64  -41     0.59696
64   42     0.22972
64  -42     1.86139
64   43     0.52470
64  -43     1.59410
64   44     0.63468
64  -44     0.23466
64   45    -0.74935
64  -45    -2.12836
64   46    -0.49837
64  -46    -1.10436
64   47    -0.43820
64  -47     0.05804
64   48    -0.15768
64  -48     1.48574
64   49    -0.94196
64  -49    -0.23365
64   50     0.05274
64  -50     0.31617
64   51     0.88302
64  -51     1.84354
64   52     1.73199
64  -52     1.83822
64   53     0.09016
64  -53    -0.96964
64   54    -0.91142
64  -54    -2.57531
64   55    -0.06746
64  -55    -0.05035
64   56    -0.78131
64  -56    -0.59224
64   57    -0.14674
64  -57    -0.98732
64   58     0.31571
64  -58    -1.02509
64   59     0.73189
64  -59     0.37611
64   60     0.32247
64  -60    -1.00065
64   61     0.99441
64  -61    -1.65860
64   62     0.79493
64  -62    -1.65358
64   63     1.11487
64  -63    -0.48873
64   64    -0.62150
64  -64     0.19542
65    0     0.31190
65    1     1.47851
65   -1    -0.81513
65    2    -2.11379
65   -2    -1.02779
65    3    -1.15234
65   -3    -0.12386
65    4     1.83844
65   -4     1.66970
65    5     3.07116
65   -5    -0.96934
65    6    -2.91341
65   -6    -0.77507
65    7    -0.97362
65   -7     0.01459
65    8     2.42275
65   -8     0.05730
65    9    -0.55950
65   -9    -1.62218
65   10    -0.08214
65  -10     0.64042
65   11    -0.63022
65  -11     3.46831
65   12    -0.52812
65  -12     1.17512
65   13     0.00268
65  -13    -2.91387
65   14     0.91248
65  -14    -1.83359
65   15    -0.39303
65  -15     1.52704
65   16    -0.31541
65  -16     0.82701
65   17     0.24613
65  -17    -1.22034
65   18    -0.85218
65  -18    -0.01798
65   19    -0.84352
65  -19     0.35529
65   20     0.90198
65  -20     1.79914
65   21     1.10808
65  -21    -1.61793
65   22    -0.25043
65  -22    -2.78355
65   23    -1.31022
65  -23     0.67779
65   24    -2.39007
65  -24     0.53195
65   25     0.62981
65  -25     0.28878
65   26     1.79522
65  -26     0.27226
65   27     1.75111
65  -27     0.40243
65   28     1.11938
65  -28    -1.09845
65   29    -2.15804
65  -29    -0.05449
65   30    -0.11880
65  -30     2.17580
65   31     1.65711
65  -31     1.20335
65   32     0.84226
65  -32    -1.89357
65   33     1.20145
65  -33    -0.55737
65   34     0.42826
65  -34    -1.33901
65   35    -1.81187
65  -35     0.85460
65   36    -0.09264
65  -36    -1.95598
65   37    -1.42872
65  -37    -0.74448
65   38    -1.89213
65  -38    -0.16736
65   39    -1.15839
65  -39     1.89567
65   40     0.92304
65  -40     0.35291
65   41     1.30592
65  -41    -1.50907
65   42    -0.76616
65  -42    -0.69404
65   43    -0.79654
65  -43     0.72103
65   44     0.48948
65  -44    -0.88603
65   45     2.11014
65  -45    -0.18218
65   46     0.56736
65  -46     0.41128
65   47    -1.31739
65  -47    -0.72477
65   48    -1.28466
65  -48    -1.68927
65   49    -1.21059
65  -49    -0.98100
65   50    -2.35837
65  -50     0.93287
65   51     0.41052
65  -51     0.61166
65   52     0.56243
65  -52    -1.43755
65   53    -0.07577
65  -53    -1.54546
65   54     0.68513
65  -54    -0.37727
65   55     1.04637
65  -55     0.47736
65   56    -0.22333
65  -56     0.16266
65   57     0.05667
65  -57     0.51107
65   58     0.29626
65  -58     0.52722
65   59    -1.12360
65  -59    -1.21925
65   60    -1.56325
65  -60     0.46502
65   61     0.63664
65  -61     0.72602
65   62     1.79467
65  -62     1.66826
65   63     0.81892
65  -63     0.28460
65   64     2.08013
65  -64     0.55048
65   65    -0.53155
65  -65     0.10644
66    0     1.42107
66    1    -2.78889
66   -1    -0.97239
66    2     1.02386
66   -2     2.48723
66    3     3.25317
66   -3     0.13967
66    4     0.56826
66   -4    -1.68567
66    5    -3.84531
66   -5    -0.28087
66    6     0.62878
66   -6     2.04561
66    7     2.75227
66   -7     1.11500
66    8    -0.42811
66   -8    -1.38228
66    9    -0.84209
66   -9     1.12599
66   10     0.76013
66  -10     1.69370
66   11    -0.21086
66  -11    -1.36629
66   12     0.42064
66  -12    -3.11588
66   13     0.87106
66  -13     0.77645
66   14    -0.46191
66  -14     2.65136
66   15    -1.07740
66  -15     0.29280
66   16     0.10390
66  -16    -1.21931
66   17    -0.52975
66  -17    -0.04482
66   18     0.20045
66  -18     0.86278
66   19     1.96758
66  -19    -0.24697
66   20     0.45881
66  -20    -0.33142
66   21    -1.67893
66  -21     0.16785
66   22    -0.39696
66  -22     1.52921
66   23     1.36810
66  -23     0.75702
66   24     1.61946
66  -24     0.16459
66   25     0.07361
66  -25     1.00955
66   26    -1.85296
66  -26     1.05756
66   27    -1.83461
66  -27    -0.81762
66   28    -1.16489
66  -28     0.37342
66   29     1.33193
66  -29     1.86960
66   30     0.44450
66  -30    -1.48053
66   31     0.09407
66  -31    -1.77207
66   32    -1.06098
66  -32     0.00327
66   33    -0.37346
66  -33     0.49536
66   34    -0.55147
66  -34     1.21477
66   35     0.28070
66  -35     0.30307
66   36    -0.12221
66  -36     0.15279
66   37     1.56865
66  -37     0.03483
66   38     0.12558
66  -38     1.57277
66   39     1.23493
66  -39    -1.48679
66   40     0.61196
66  -40    -0.90177
66   41    -0.13541
66  -41     1.09719
66   42    -0.26838
66  -42     0.19539
66   43     1.04168
66  -43    -0.74843
66   44    -0.16693
66  -44     1.12892
66   45    -1.28848
66  -45     1.49203
66   46     0.01314
66  -46    -0.48946
66   47     0.49025
66  -47     0.47603
66   48     1.42963
66  -48     1.16423
66   49     1.73116
66  -49     0.69112
66   50     0.59815
66  -50     0.49936
66   51    -1.06627
66  -51    -0.94292
66   52    -1.09005
66  -52    -0.56317
66   53    -0.16859
66  -53     2.12747
66   54     2.23752
66  -54     0.51534
66   55     1.35202
66  -55    -1.28941
66   56     0.33023
66  -56     0.49825
66   57    -0.21843
66  -57    -1.60325
66   58     0.15908
66  -58     0.34060
66   59     0.84808
66  -59     1.46593
66   60     1.03459
66  -60     0.57846
66   61    -1.03032
66  -61    -0.61909
66   62     0.99864
66  -62    -1.62985
66   63    -0.17952
66  -63    -0.59824
66   64     1.13347
66  -64    -2.57648
66   65    -0.54775
66  -65    -2.20274
66   66    -0.07628
66  -66    -0.97057
67    0    -0.64627
67    1     2.35310
67   -1     1.17644
67    2     1.48600
67   -2     0.15554
67    3    -2.82884
67   -3    -0.65385
67    4    -1.39854
67   -4     1.29021
67    5     1.71820
67   -5     1.97021
67    6     2.18870
67   -6    -0.50277
67    7    -2.16944
67   -7    -0.77609
67    8    -1.06629
67   -8     1.48268
67    9     0.72449
67   -9    -0.13767
67   10    -1.05929
67  -10    -2.25561
67   11     0.64637
67  -11    -1.23630
67   12     0.32042
67  -12     2.27653
67   13    -0.86677
67  -13     1.57913
67   14    -0.63324
67  -14    -1.51068
67   15     1.06930
67  -15    -0.42832
67   16     1.01561
67  -16     1.30156
67   17     0.39146
67  -17     1.02913
67   18     0.32777
67  -18    -1.04896
67   19    -1.43285
67  -19     0.13887
67   20    -1.13970
67  -20     0.97409
67   21    -0.30633
67  -21     1.82716
67   22     0.56708
67  -22    -0.56578
67   23    -0.44137
67  -23    -2.70782
67   24    -1.28638
67  -24    -0.45880
67   25    -1.87478
67  -25    -0.37968
67   26    -0.63557
67  -26    -1.54698
67   27     1.67156
67  -27    -0.05339
67   28     0.82883
67  -28     0.07684
67   29     1.37417
67  -29    -2.17248
67   30     0.17866
67  -30    -0.73540
67   31    -1.81836
67  -31     1.32575
67   32     0.79825
67  -32     1.95986
67   33     0.57600
67  -33    -1.07234
67   34     0.87800
67  -34    -0.63846
67   35     0.40691
67  -35    -0.79201
67   36    -1.26410
67  -36     2.13680
67   37    -0.23472
67  -37     0.45552
67   38    -0.26454
67  -38    -1.96361
67   39    -2.01116
67  -39    -1.41312
67   40    -2.34609
67  -40    -0.46816
67   41    -0.50414
67  -41    -0.28867
67   42     0.69511
67  -42    -0.45007
67   43     0.16878
67  -43    -0.50042
67   44    -0.56011
67  -44     0.40297
67   45    -0.85781
67  -45     0.34726
67   46     2.49051
67  -46    -0.82101
67   47     1.50961
67  -47    -1.77291
67   48    -0.12313
67  -48    -0.98207
67   49    -0.99161
67  -49    -2.08509
67   50    -0.83505
67  -50    -1.55010
67   51    -0.78303
67  -51     0.23472
67   52    -0.40612
67  -52     2.03810
67   53    -0.36082
67  -53    -0.62222
67   54    -0.55889
67  -54    -0.54788
67   55    -1.39557
67  -55    -0.64045
67   56     0.90196
67  -56    -0.20996
67   57     0.33895
67  -57     0.69470
67   58    -0.16128
67  -58    -1.62146
67   59    -0.11893
67  -59     0.21518
67   60     0.65590
67  -60    -0.52568
67   61    -0.82902
67  -61    -0.07353
67   62    -1.26682
67  -62     0.44998
67   63     0.08835
67  -63     1.32766
67   64    -0.48431
67  -64     2.53329
67   65     1.04038
67  -65     2.20069
67   66     0.71742
67  -66     0.14276
67   67     0.22253
67  -67     0.20670
68    0     1.99127
68    1    -0.33646
68   -1     0.30280
68    2    -3.36969
68   -2    -0.80801
68    3     0.30360
68   -3     0.75009
68    4     1.77507
68   -4    -0.54358
68    5    -0.59719
68   -5    -2.23109
68    6    -2.84323
68   -6    -0.44628
68    7    -0.17438
68   -7     2.14499
68    8     1.19027
68   -8     0.00472
68    9     0.84861
68   -9    -1.94039
68   10     0.98797
68  -10     0.87753
68   11    -0.07488
68  -11     2.85286
68   12     0.59141
68  -12     0.56132
68   13     0.95361
68  -13    -1.96125
68   14     0.88240
68  -14     0.31158
68   15     0.40697
68  -15     1.55130
68   16    -0.67432
68  -16     0.04738
68   17    -0.59680
68  -17    -1.18368
68   18    -0.96186
68  -18     0.24998
68   19     0.24093
68  -19     0.04166
68   20     0.43935
68  -20    -1.53855
68   21     0.25036
68  -21    -2.18832
68   22    -1.02617
68  -22    -0.33691
68   23    -0.70353
68  -23     1.46817
68   24     2.51615
68  -24     0.31316
68   25     2.68082
68  -25     0.31967
68   26     0.99862
68  -26     2.11728
68   27    -0.82512
68  -27     1.25363
68   28    -0.93005
68  -28    -0.05079
68   29    -2.08863
68  -29     2.17050
68   30    -0.23424
68  -30     2.62376
68   31     0.93646
68  -31    -0.14480
68   32     0.48407
68  -32    -1.10391
68   33    -0.56477
68  -33     0.34001
68   34    -0.28151
68  -34    -0.52091
68   35    -0.74613
68  -35     0.51379
68   36     0.45558
68  -36    -1.27281
68   37    -0.57442
68  -37     0.27831
68   38     1.23425
68  -38    -0.78098
68   39     1.18577
68  -39     1.15814
68   40     2.46146
68  -40     0.81105
68   41     1.18010
68  -41     0.26918
68   42    -0.34988
68  -42     2.04049
68   43     0.27483
68  -43     0.95519
68   44     1.06745
68  -44    -1.94018
68   45     1.06375
68  -45     0.48222
68   46    -2.31529
68  -46     0.72211
68   47    -1.37273
68  -47     0.89835
68   48    -0.83605
68  -48     0.73242
68   49     0.74748
68  -49     2.18837
68   50     1.40534
68  -50     2.56501
68   51     1.13289
68  -51     1.32920
68   52    -0.44258
68  -52    -1.43296
68   53    -1.39639
68  -53    -0.64185
68   54     0.00370
68  -54    -0.06876
68   55     1.58225
68  -55     1.30115
68   56     0.73648
68  -56     0.55628
68   57     1.50934
68  -57     0.63047
68   58    -0.09677
68  -58    -0.70728
68   59    -0.32974
68  -59    -0.88190
68   60     0.61819
68  -60     1.50771
68   61     0.13394
68  -61     0.24647
68   62     0.29316
68  -62     0.45479
68   63     0.63648
68  -63    -0.99587
68   64     0.34702
68  -64    -0.94267
68   65    -0.78529
68  -65     0.87642
68   66     0.90332
68  -66     0.41793
68   67     0.31842
68  -67    -1.31677
68   68    -0.33954
68  -68    -1.01337
69    0    -1.46335
69    1    -2.19097
69   -1    -0.68547
69    2     3.24667
69   -2     0.26969
69    3     1.16685
69   -3    -0.97006
69    4    -1.37771
69   -4    -0.47005
69    5    -0.48464
69   -5     1.44245
69    6     1.36908
69   -6     1.05280
69    7     1.18297
69   -7    -2.37768
69    8    -0.22125
69   -8    -0.37698
69    9    -0.17703
69   -9     2.18895
69   10     0.06074
69  -10     1.22499
69   11    -0.82931
69  -11    -1.36814
69   12     0.37865
69  -12    -2.12113
69   13    -0.48563
69  -13     1.13345
69   14    -0.61993
69  -14     1.82250
69   15    -1.04136
69  -15    -0.71045
69   16    -0.08760
69  -16     0.24564
69   17     0.00205
69  -17     0.99211
69   18    -0.27054
69  -18     0.97200
69   19     1.27024
69  -19    -1.41766
69   20     1.08978
69  -20     0.30081
69   21     0.91457
69  -21     1.80931
69   22     1.30334
69  -22     0.71041
69   23     0.58609
69  -23    -0.54823
69   24    -1.94842
69  -24    -1.64776
69   25    -2.59812
69  -25     1.02623
69   26    -1.38492
69  -26    -0.07668
69   27     0.14971
69  -27    -1.37782
69   28     1.13265
69  -28     0.17232
69   29     0.53050
69  -29    -0.19081
69   30     0.40402
69  -30    -2.61744
69   31     1.24364
69  -31    -1.27619
69   32    -2.14597
69  -32     0.06544
69   33    -1.07548
69  -33     0.67542
69   34     0.17951
69  -34    -0.18476
69   35     1.74883
69  -35    -0.96299
69   36     0.44442
69  -36    -1.28057
69   37    -0.53675
69  -37     0.37804
69   38    -0.51339
69  -38     2.51312
69   39     0.33859
69  -39    -0.12022
69   40    -2.68553
69  -40    -0.64550
69   41    -0.51079
69  -41    -1.91452
69   42    -0.36105
69  -42    -1.95338
69   43     0.77769
69  -43    -1.78117
69   44    -0.58295
69  -44     0.42080
69   45    -1.20685
69  -45     0.28583
69   46    -0.65637
69  -46    -0.41482
69   47     1.56930
69  -47    -0.47870
69   48     2.34662
69  -48    -0.98039
69   49    -0.29079
69  -49    -0.73027
69   50    -1.02771
69  -50    -1.81235
69   51    -0.05502
69  -51    -1.92260
69   52    -0.38887
69  -52    -1.10215
69   53     0.32153
69  -53     0.32772
69   54     1.08288
69  -54    -0.12406
69   55    -0.80713
69  -55    -0.73447
69   56    -1.12464
69  -56    -0.28245
69   57    -0.76071
69  -57    -2.29137
69   58     1.00561
69  -58     0.63855
69   59     0.01676
69  -59     0.79635
69   60    -0.08992
69  -60    -0.50191
69   61     0.08615
69  -61    -0.62873
69   62     1.50502
69  -62    -0.72992
69   63     0.22454
69  -63     0.84044
69   64     0.00391
69  -64     1.79235
69   65    -1.17707
69  -65     0.96720
69   66    -1.05825
69  -66     1.17060
69   67    -0.42481
69  -67     1.70984
69   68    -0.57631
69  -68     2.61073
69   69    -0.56025
69  -69     0.16106
70    0     0.30483
70    1     2.51756
70   -1    -0.37155
70    2    -0.21049
70   -2     0.91990
70    3    -1.42675
70   -3     1.20055
70    4     1.85416
70   -4     0.81225
70    5     1.73020
70   -5    -0.82896
70    6    -0.13907
70   -6    -1.35769
70    7    -1.17158
70   -7     1.42671
70    8    -0.17634
70   -8     1.77885
70    9    -0.65419
70   -9    -0.93306
70   10     0.67044
70  -10    -1.45653
70   11     0.63489
70  -11    -0.25122
70   12    -1.55638
70  -12     1.70212
70   13    -0.63890
70  -13     0.83703
70   14     0.70918
70  -14    -0.82788
70   15     0.53477
70  -15     0.83536
70   16     0.80999
70  -16     0.60791
70   17     0.74650
70  -17    -0.78195
70   18     1.24213
70  -18    -1.34075
70   19    -0.80686
70  -19     0.98121
70   20    -0.56193
70  -20     1.64451
70   21    -0.84124
70  -21    -1.01135
70   22    -0.96297
70  -22    -2.24868
70   23    -1.01982
70  -23     0.18482
70   24    -0.53723
70  -24     2.52926
70   25     1.25403
70  -25     0.02976
70   26     1.12215
70  -26    -1.95396
70   27    -0.26578
70  -27     0.97007
70   28    -1.81556
70  -28     0.41979
70   29    -0.46161
70  -29    -0.99117
70   30    -0.47300
70  -30     1.82812
70   31    -0.61471
70  -31     2.10615
70   32     1.17394
70  -32     1.19133
70   33     0.88260
70  -33     0.49655
70   34     0.05222
70  -34     1.75312
70   35    -0.13894
70  -35     0.66977
70   36    -0.21356
70  -36     1.16014
70   37     0.30173
70  -37    -0.52416
70   38    -0.19353
70  -38    -1.01426
70   39    -0.62330
70  -39    -1.05830
70   40     0.41260
70  -40     0.02742
70   41     0.49626
70  -41     0.59286
70   42     0.72046
70  -42     1.43708
70   43    -0.52767
70  -43     2.05895
70   44     0.26822
70  -44     1.28477
70   45     2.16860
70  -45    -0.18785
70   46     2.00635
70  -46     0.62483
70   47    -1.61314
70  -47    -0.11656
70   48    -1.07424
70  -48     0.31047
70   49    -0.42522
70  -49     0.34602
70   50    -0.62962
70  -50     1.62817
70   51     0.59669
70  -51     2.21183
70   52    -0.14294
70  -52     2.64472
70   53     0.53789
70  -53    -0.25685
70   54    -0.27625
70  -54    -1.20896
70   55     0.52825
70  -55    -0.70971
70   56     1.66966
70  -56     1.47466
70   57     1.12585
70  -57     1.05136
70   58    -0.12736
70  -58    -0.00125
70   59     0.24465
70  -59     0.22202
70   60    -0.01956
70  -60     0.04798
70   61     0.31396
70  -61     2.67747
70   62    -0.96195
70  -62     0.28967
70   63    -1.42904
70  -63    -0.70606
70   64     0.84079
70  -64    -0.95349
70   65     1.54786
70  -65    -1.14101
70   66    -0.39375
70  -66    -0.00894
70   67     0.25267
70  -67     0.84346
70   68     0.09273
70  -68     1.20006
70   69     0.29223
70  -69     1.45380
70   70    -0.05727
70  -70     1.91846
71    0     1.25204
71    1    -0.78957
71   -1     1.12112
71    2    -1.93296
71   -2     0.15783
71    3     1.56829
71   -3    -1.13086
71    4    -0.44618
71   -4    -0.62558
71    5    -1.90066
71   -5     1.35948
71    6     0.36206
71   -6     2.53531
71    7     0.89088
71   -7     0.97495
71    8     0.67820
71   -8    -2.01642
71    9     0.38268
71   -9    -0.51869
71   10    -0.32565
71  -10     1.72006
71   11    -0.77577
71  -11     1.15438
71   12     1.86887
71  -12    -0.09520
71   13     1.51295
71  -13    -1.11092
71   14    -0.42701
71  -14    -0.64682
71   15    -0.49218
71  -15    -0.16549
71   16    -0.03904
71  -16    -0.05114
71   17    -0.01573
71  -17     0.60289
71   18    -0.57216
71  -18     0.99663
71   19    -0.74022
71  -19     0.16390
71   20    -0.31139
71  -20    -1.34678
71   21    -0.29999
71  -21     0.24329
71   22     0.21546
71  -22     2.47025
71   23     2.49982
71  -23     1.01411
71   24     2.15880
71  -24    -1.40991
71   25    -0.17135
71  -25    -2.13264
71   26    -2.02775
71  -26     0.38240
71   27    -1.29185
71  -27     0.46580
71   28     0.64337
71  -28    -0.23733
71   29     1.40310
71  -29     0.45437
71   30     0.28031
71  -30     0.18192
71   31    -0.26364
71  -31    -2.19281
71   32     1.38685
71  -32    -1.34079
71   33    -0.74772
71  -33    -0.63865
71   34    -1.27286
71  -34    -0.99047
71   35    -1.54306
71  -35    -0.19578
71   36     0.14663
71  -36     0.15554
71   37     0.40154
71  -37    -0.20302
71   38     0.67498
71  -38    -0.64443
71   39     0.61288
71  -39     1.67952
71   40     2.04033
71  -40     0.54841
71   41    -1.62065
71  -41     1.69263
71   42    -0.38676
71  -42    -0.90517
71   43    -0.00142
71  -43    -2.58153
71   44     0.52380
71  -44    -1.76464
71   45    -0.18493
71  -45    -0.03177
71   46    -1.17967
71  -46    -0.98679
71   47    -0.83985
71  -47     0.34654
71   48     0.04637
71  -48    -0.00536
71   49     1.10917
71  -49    -0.85750
71   50    -0.80776
71  -50    -0.99951
71   51    -1.53347
71  -51    -0.25218
71   52    -0.35573
71  -52    -1.41168
71   53    -0.25255
71  -53    -0.88962
71   54    -0.08813
71  -54    -0.92336
71   55    -0.70078
71  -55     0.95734
71   56    -0.71746
71  -56     0.17035
71   57    -0.46467
71  -57    -0.77709
71   58     0.34859
71  -58    -0.28109
71   59     1.92782
71  -59     0.39817
71   60    -0.63346
71  -60     0.22583
71   61    -1.71011
71  -61    -2.12644
71   62    -0.12013
71  -62     0.42096
71   63     1.56768
71  -63     0.30227
71   64    -0.69201
71  -64     1.40611
71   65    -0.94960
71  -65     0.46713
71   66    -1.04767
71  -66    -0.10437
71   67     0.15599
71  -67    -0.07839
71   68     1.13628
71  -68    -1.12385
71   69    -1.00413
71  -69    -1.82020
71   70     0.10074
71  -70     0.14893
71   71    -0.58619
71  -71     0.41129
72    0    -0.45896
72    1    -0.75979
72   -1    -0.73192
72    2     2.02063
72   -2    -0.77309
72    3    -1.43165
72   -3    -0.31433
72    4    -1.43266
72   -4     1.04428
72    5     0.56020
72   -5    -0.86992
72    6     0.63340
72   -6    -0.65153
72    7    -1.25769
72   -7    -0.29832
72    8    -0.50156
72   -8     1.23247
72    9     0.28803
72   -9     0.05113
72   10    -0.38397
72  -10    -1.00115
72   11     0.92576
72  -11     0.26891
72   12     0.41465
72  -12    -0.06080
72   13    -1.72946
72  -13     0.87516
72   14    -0.08282
72  -14     1.27520
72   15     0.59891
72  -15     0.72684
72   16    -0.81234
72  -16     1.11359
72   17    -0.75027
72  -17     0.65804
72   18     0.38285
72  -18    -0.38676
72   19     1.84609
72  -19    -1.27451
72   20     0.07157
72  -20     0.30345
72   21     0.49979
72  -21     0.58307
72   22     0.48470
72  -22    -1.63726
72   23    -1.45756
72  -23    -2.83709
72   24    -1.83717
72  -24    -0.26837
72   25    -0.15087
72  -25     2.78466
72   26     1.14364
72  -26     0.72509
72   27     0.89029
72  -27    -1.96066
72   28     0.86842
72  -28    -0.12512
72   29    -1.01009
72  -29     0.29939
72   30    -0.56997
72  -30    -1.12138
72   31    -0.49555
72  -31     2.27892
72   32    -1.33583
72  -32     1.32348
72   33     0.33221
72  -33     0.01592
72   34     0.72907
72  -34    -0.00839
72   35     0.81269
72  -35     1.08964
72   36    -0.33183
72  -36     0.64992
72   37    -0.03449
72  -37     1.81600
72   38    -0.49173
72  -38     0.36492
72   39     0.05645
72  -39     0.07435
72   40    -1.19425
72  -40    -0.06166
72   41     0.99399
72  -41    -1.20019
72   42    -1.03591
72  -42    -0.18364
72   43     0.05853
72  -43     0.91912
72   44    -1.20424
72  -44     2.70885
72   45    -0.13922
72  -45     0.10763
72   46     0.85476
72  -46    -0.47036
72   47     1.88171
72  -47     0.99360
72   48     0.43679
72  -48     0.24316
72   49    -0.82683
72  -49    -0.06323
72   50     0.61208
72  -50    -0.78253
72   51     0.75025
72  -51    -0.30175
72   52     0.80388
72  -52     0.02043
72   53    -0.51130
72  -53     2.67224
72   54    -0.57903
72  -54     1.84079
72   55     0.73074
72  -55     0.06937
72   56     0.68952
72  -56     0.56157
72   57    -0.40942
72  -57    -0.26561
72   58     0.38139
72  -58     0.11170
72   59    -0.14957
72  -59    -0.83121
72   60     0.26237
72  -60     0.18606
72   61    -0.56554
72  -61     0.59096
72   62     1.83689
72  -62     2.16277
72   63     0.03648
72  -63     1.22269
72   64    -0.23528
72  -64    -0.17559
72   65     0.63373
72  -65     0.31113
72   66     0.83869
72  -66    -0.39716
72   67    -0.57851
72  -67    -2.01713
72   68    -1.23630
72  -68     0.75421
72   69    -0.04907
72  -69     0.71822
72   70    -1.17625
72  -70     0.67194
72   71     0.09980
72  -71     1.07206
72   72    -0.59754
72  -72     0.70044
73    0    -0.72068
73    1     0.89708
73   -1     0.08466
73    2     0.92479
73   -2     1.28922
73    3    -0.79403
73   -3     0.32306
73    4     2.02314
73   -4    -1.29935
73    5     0.05170
73   -5    -0.50159
73    6    -1.51857
73   -6     0.66712
73    7    -0.32683
73   -7     0.51068
73    8     0.57331
73   -8    -0.09521
73    9     0.14798
73   -9    -0.55657
73   10     0.53578
73  -10     0.32003
73   11    -1.36088
73  -11    -0.52778
73   12    -1.41257
73  -12     0.06423
73   13     0.68931
73  -13     1.40406
73   14     1.43737
73  -14     1.05516
73   15     0.32390
73  -15    -0.02056
73   16     0.00530
73  -16    -1.16004
73   17     0.29544
73  -17    -0.66685
73   18    -0.31478
73  -18     0.55177
73   19    -1.30577
73  -19     0.59671
73   20     0.44395
73  -20     0.84245
73   21     0.46555
73  -21    -0.94412
73   22     0.06266
73  -22    -0.96894
73   23    -0.95632
73  -23     2.01015
73   24     1.27827
73  -24     2.18155
73   25     0.95796
73  -25    -0.01929
73   26     0.28183
73  -26    -0.94308
73   27    -0.67147
73  -27     0.51696
73   28    -1.82322
73  -28     0.34925
73   29    -0.59373
73  -29    -0.01321
73   30    -0.16247
73  -30     0.61655
73   31     0.04407
73  -31    -0.97421
73   32    -1.04996
73  -32    -1.21378
73   33     0.14895
73  -33    -0.34317
73   34     0.69055
73  -34     0.03864
73   35     0.15615
73  -35    -1.31732
73   36    -0.94482
73  -36    -1.48763
73   37    -1.07290
73  -37    -1.21314
73   38    -0.95097
73  -38    -0.09439
73   39    -0.73428
73  -39    -1.43926
73   40     0.35665
73  -40     0.73260
73   41     0.75893
73  -41     0.91780
73   42    -0.02907
73  -42     1.98368
73   43    -0.04873
73  -43     1.26883
73   44     0.18908
73  -44    -2.00729
73   45    -0.40915
73  -45    -0.77218
73   46    -0.42273
73  -46     0.22086
73   47    -0.85138
73  -47    -0.92826
73   48     0.21238
73  -48    -1.58192
73   49    -0.36639
73  -49     0.34936
73   50     0.28619
73  -50     0.73658
73   51    -0.16027
73  -51    -0.59327
73   52    -1.75972
73  -52    -0.87522
73   53    -0.63448
73  -53    -1.38402
73   54     0.26178
73  -54    -1.99718
73   55    -0.52470
73  -55    -1.43200
73   56    -1.76553
73  -56    -0.76685
73   57    -1.05673
73  -57     0.20441
73   58    -1.18156
73  -58     0.18453
73   59     0.59157
73  -59     0.63208
73   60     0.59417
73  -60     1.09799
73   61     0.83341
73  -61     0.90559
73   62    -1.37321
73  -62    -3.35481
73   63    -1.00622
73  -63    -1.98627
73   64    -0.54116
73  -64    -0.04425
73   65    -1.07400
73  -65     1.31856
73   66    -0.44796
73  -66     1.50747
73   67    -0.99094
73  -67     0.44793
73   68     0.14182
73  -68    -0.72341
73   69     0.45230
73  -69    -1.33473
73   70     0.74081
73  -70    -2.04166
73   71    -1.10010
73  -71    -1.24053
73   72     1.70770
73  -72    -1.26164
73   73     1.25218
73  -73    -1.19338
74    0     1.46174
74    1    -0.17304
74   -1     0.63105
74    2    -1.83711
74   -2    -0.53427
74    3     1.27656
74   -3     0.35497
74    4    -0.09362
74   -4     1.47538
74    5    -0.99454
74   -5     0.94841
74    6     1.47662
74   -6    -2.57219
74    7     1.01121
74   -7    -0.51122
74    8    -0.18733
74   -8     1.16305
74    9    -0.07346
74   -9     1.27924
74   10     0.51487
74  -10    -1.17850
74   11     0.36772
74  -11    -1.35437
74   12     1.33433
74  -12     0.51385
74   13    -0.43319
74  -13    -0.80417
74   14    -1.56641
74  -14    -1.41407
74   15     0.02122
74  -15     0.94845
74   16     0.52666
74  -16     2.10070
74   17     0.03463
74  -17    -0.32219
74   18    -0.26814
74  -18    -0.31334
74   19     0.14385
74  -19     0.35240
74   20     0.16343
74  -20    -0.31572
74   21    -1.35748
74  -21     1.24684
74   22    -0.38319
74  -22     1.52160
74   23     1.97566
74  -23    -0.38076
74   24    -0.01279
74  -24    -2.48737
74   25    -1.00087
74  -25    -1.05479
74   26    -0.02452
74  -26     0.49683
74   27     0.44444
74  -27     0.38378
74   28     0.09360
74  -28    -1.03615
74   29     1.54949
74  -29    -1.35756
74   30     1.09717
74  -30    -0.81051
74   31     0.84215
74  -31    -1.30085
74   32     0.85217
74  -32     1.95490
74   33    -0.96652
74  -33     1.17660
74   34     0.99300
74  -34    -0.90732
74   35     0.40562
74  -35     0.24371
74   36     0.74366
74  -36     1.09948
74   37     0.86133
74  -37     0.43951
74   38     0.70923
74  -38     0.70620
74   39    -0.42150
74  -39     0.05602
74   40     0.00111
74  -40    -0.70376
74   41    -0.92994
74  -41     0.44759
74   42     1.37601
74  -42    -1.43751
74   43    -0.55913
74  -43    -2.18973
74   44    -0.47937
74  -44     0.22639
74   45    -0.76141
74  -45     1.69704
74   46    -0.15462
74  -46     0.40891
74   47     0.34989
74  -47    -0.28640
74   48    -0.03835
74  -48     0.31386
74   49    -0.49533
74  -49     1.05589
74   50     0.11200
74  -50    -0.85868
74   51     0.55180
74  -51     0.32088
74   52     0.91077
74  -52    -1.09860
74   53     1.99853
74  -53     0.67871
74   54     1.03708
74  -54     0.20713
74   55    -0.31217
74  -55     0.76402
74   56     1.19372
74  -56     0.86166
74   57     0.53073
74  -57     1.26564
74   58     0.62449
74  -58    -0.30989
74   59     0.79086
74  -59     0.13875
74   60    -1.70111
74  -60    -0.33860
74   61    -0.04998
74  -61    -1.10992
74   62     0.55680
74  -62     0.64248
74   63     0.55127
74  -63     1.28382
74   64     1.52685
74  -64     1.77475
74   65     0.79775
74  -65    -1.56002
74   66    -0.41459
74  -66    -1.07733
74   67     1.71659
74  -67     0.45167
74   68     0.07568
74  -68    -0.46509
74   69    -0.50763
74  -69     0.87929
74   70    -0.59363
74  -70    -0.37042
74   71    -0.49594
74  -71    -0.65004
74   72    -1.30995
74  -72    -1.13887
74   73    -0.32709
74  -73    -0.02611
74   74     0.75226
74  -74    -0.07379
75    0    -0.70533
75    1    -2.24484
75   -1    -1.01452
75    2     0.63289
75   -2     0.26947
75    3     0.16451
75   -3     0.00245
75    4    -0.00832
75   -4    -0.55014
75    5     0.98132
75   -5    -0.30046
75    6    -0.17642
75   -6     1.95298
75    7    -1.05565
75   -7     1.26703
75    8     0.06143
75   -8     0.15372
75    9     0.39509
75   -9    -1.04618
75   10     0.83965
75  -10     1.04010
75   11     0.67546
75  -11     2.12147
75   12    -0.52908
75  -12    -0.96821
75   13    -0.63154
75  -13    -0.91839
75   14    -0.32476
75  -14     1.57671
75   15    -0.52123
75  -15     2.06597
75   16     0.19349
75  -16     0.19685
75   17     1.07903
75  -17    -0.76024
75   18     1.44565
75  -18    -0.10377
75   19    -1.26229
75  -19    -0.63154
75   20    -2.03498
75  -20    -0.98909
75   21     0.62695
75  -21     0.28800
75   22     0.79006
75  -22     0.10636
75   23     0.25250
75  -23    -0.86722
75   24    -0.40427
75  -24    -0.25446
75   25     0.36362
75  -25     0.84963
75   26    -0.72783
75  -26     0.02356
75   27     0.17251
75  -27     0.03791
75   28     1.00602
75  -28     0.62531
75   29    -0.99154
75  -29     0.27412
75   30    -0.73957
75  -30     1.77779
75   31    -2.10445
75  -31     1.40914
75   32    -0.36500
75  -32    -1.25006
75   33    -0.63931
75  -33    -1.40136
75   34    -2.24151
75  -34    -0.04218
75   35    -0.78826
75  -35     1.61435
75   36    -0.03609
75  -36     0.49489
75   37     0.89675
75  -37     0.58224
75   38    -0.43990
75  -38    -1.20723
75   39     0.14853
75  -39     0.20112
75   40    -0.69608
75  -40    -1.12159
75   41     0.33069
75  -41    -1.30109
75   42    -0.48003
75  -42    -0.25395
75   43     0.35038
75  -43     1.43089
75   44     0.11100
75  -44     1.73893
75   45     1.26081
75  -45    -0.89759
75   46    -1.00690
75  -46    -1.30887
75   47     0.43531
75  -47     0.02947
75   48    -0.17436
75  -48    -0.02594
75   49     1.44900
75  -49    -0.73309
75   50    -0.64669
75  -50    -0.52300
75   51    -1.15422
75  -51     0.87003
75   52    -0.77167
75  -52     0.09109
75   53    -1.32410
75  -53    -0.00782
75   54    -0.71800
75  -54    -0.45869
75   55    -0.13352
75  -55     0.41706
75   56     0.02049
75  -56    -2.07832
75   57    -0.39355
75  -57    -2.39254
75   58    -1.20972
75  -58    -0.22361
75   59    -1.02025
75  -59    -1.00303
75   60     1.15680
75  -60     0.44492
75   61     0.09545
75  -61     0.79418
75   62    -0.23028
75  -62     0.66409
75   63    -0.01776
75  -63    -1.37185
75   64    -0.37066
75  -64    -0.71520
75   65    -0.35933
75  -65    -0.68618
75   66    -1.07165
75  -66     0.24133
75   67    -0.91635
75  -67     0.62427
75   68     0.46866
75  -68    -0.23706
75   69     0.35072
75  -69    -0.22081
75   70     0.64666
75  -70     2.42028
75   71     1.11009
75  -71     0.08368
75   72    -0.11641
75  -72    -0.37650
75   73     1.19322
75  -73    -0.08438
75   74     0.70664
75  -74    -0.30900
75   75    -0.40247
75  -75     0.02689
76    0    -0.84988
76    1     2.53847
76   -1     0.14539
76    2     1.25174
76   -2     0.25189
76    3    -1.51674
76   -3    -1.12616
76    4     0.18811
76   -4     0.15516
76    5    -0.14081
76   -5     1.28259
76    6    -1.66173
76   -6     0.66752
76    7     0.14743
76   -7    -0.84907
76    8     0.25733
76   -8    -0.35059
76    9    -0.28002
76   -9     0.59528
76   10    -0.30067
76  -10     0.82430
76   11    -0.95583
76  -11    -0.23635
76   12     0.39943
76  -12     0.10013
76   13     1.14285
76  -13     1.10096
76   14    -0.27744
76  -14    -0.26455
76   15    -0.17365
76  -15    -2.82679
76   16     0.06100
76  -16    -0.61897
76   17    -1.39551
76  -17     1.88366
76   18    -0.68989
76  -18     0.22327
76   19     0.84817
76  -19    -0.03655
76   20     2.56688
76  -20     0.46179
76   21     1.03348
76  -21    -0.82607
76   22    -1.09198
76  -22    -0.56705
76   23    -1.69353
76  -23     1.02833
76   24    -0.13930
76  -24     2.13135
76   25     0.31894
76  -25     0.01918
76   26     0.48630
76  -26    -0.33721
76   27     0.89818
76  -27    -0.73932
76   28    -0.08957
76  -28    -0.66431
76   29    -1.07390
76  -29    -0.35623
76   30     0.74939
76  -30    -0.76642
76   31     1.62131
76  -31    -0.86939
76   32     0.71526
76  -32    -1.12319
76   33     0.34684
76  -33     1.07767
76   34     0.45997
76  -34     0.99696
76   35     1.71256
76  -35    -1.67146
76   36     0.35690
76  -36    -1.10405
76   37    -1.49823
76  -37    -0.52129
76   38    -0.65157
76  -38     0.52520
76   39     0.38925
76  -39     0.70314
76   40     0.13919
76  -40     1.13288
76   41    -0.29193
76  -41    -0.52204
76   42    -0.41392
76  -42     1.01277
76   43     0.46313
76  -43    -0.28648
76   44     0.93257
76  -44    -2.35999
76   45    -0.45381
76  -45    -0.87834
76   46    -0.46946
76  -46     0.94725
76   47    -0.75386
76  -47     0.30480
76   48     0.55227
76  -48    -0.05611
76   49    -0.38074
76  -49    -0.26190
76   50     0.32044
76  -50     0.80887
76   51     0.72664
76  -51    -0.56288
76   52     0.46900
76  -52    -0.94646
76   53     0.15162
76  -53    -0.22317
76   54     0.99386
76  -54    -0.62663
76   55     1.80788
76  -55    -0.38126
76   56     0.42873
76  -56    -0.04216
76   57     0.03824
76  -57    -0.27485
76   58    -0.02361
76  -58    -0.19081
76   59     1.21340
76  -59     1.32948
76   60    -0.11835
76  -60    -0.18704
76   61     0.07168
76  -61     0.47983
76   62     0.40448
76  -62    -0.81181
76   63     1.20315
76  -63    -0.08607
76   64    -0.25033
76  -64    -0.67836
76   65    -0.45461
76  -65     0.38876
76   66     0.62641
76  -66    -0.53133
76   67    -0.00817
76  -67    -1.63354
76   68    -0.38891
76  -68     0.02213
76   69    -0.29763
76  -69     0.18805
76   70    -0.32558
76  -70    -0.46124
76   71    -0.85359
76  -71     0.77388
76   72    -0.03550
76  -72     0.07231
76   73    -0.86199
76  -73     0.18196
76   74     1.33015
76  -74    -1.10750
76   75     0.48233
76  -75    -1.22279
76   76     0.53832
76  -76     0.48008
77    0     2.36192
77    1    -1.56137
77   -1     0.49392
77    2    -1.14496
77   -2     0.12007
77    3     0.25330
77   -3     1.16772
77    4     0.16603
77   -4     0.04563
77    5     0.01945
77   -5    -1.63510
77    6     1.70861
77   -6    -0.46274
77    7    -0.26862
77   -7     0.68842
77    8    -0.44614
77   -8    -0.05016
77    9    -0.62002
77   -9    -0.32870
77   10    -0.63326
77  -10    -0.89979
77   11     0.69646
77  -11    -0.09826
77   12     1.06822
77  -12     0.79327
77   13    -0.39393
77  -13    -1.02415
77   14     1.14788
77  -14    -0.90260
77   15     0.10704
77  -15     1.61799
77   16    -1.40511
77  -16     1.94281
77   17    -0.39773
77  -17     0.17280
77   18     0.93595
77  -18     0.21880
77   19     1.64739
77  -19     1.27139
77   20    -1.10399
77  -20    -0.22384
77   21    -2.51816
77  -21    -0.80603
77   22    -0.13980
77  -22    -0.28454
77   23     1.02446
77  -23     1.09083
77   24     1.02696
77  -24    -0.02675
77   25     1.31443
77  -25    -1.44497
77   26     1.56887
77  -26    -0.42381
77   27    -1.17371
77  -27    -0.31595
77   28    -0.75511
77  -28     0.24637
77   29     1.90433
77  -29     0.60531
77   30    -0.35952
77  -30    -0.98319
77   31    -1.65251
77  -31     0.73904
77   32    -2.65494
77  -32     1.37445
77   33    -0.71460
77  -33    -0.64853
77   34     0.63630
77  -34    -0.96417
77   35    -1.49498
77  -35    -0.17291
77   36    -0.96835
77  -36     0.55492
77   37    -0.18692
77  -37     0.49230
77   38     0.71832
77  -38     1.88158
77   39     0.92522
77  -39     0.11216
77   40     0.88639
77  -40    -0.07211
77   41    -0.62917
77  -41     0.28680
77   42     0.15831
77  -42    -1.25919
77   43    -0.13340
77  -43    -0.41008
77   44    -0.28006
77  -44     0.80958
77   45    -0.33869
77  -45     1.79667
77   46     1.10505
77  -46     0.57087
77   47     0.12711
77  -47    -0.76261
77   48    -0.46737
77  -48    -0.88313
77   49    -0.42516
77  -49     0.40807
77   50     1.31341
77  -50     0.12450
77   51    -0.22825
77  -51     0.45581
77   52    -0.41514
77  -52     0.41435
77   53    -1.02207
77  -53     0.14859
77   54    -0.92662
77  -54    -0.99533
77   55    -1.33584
77  -55     0.76266
77   56     0.70129
77  -56     2.36654
77   57     0.60960
77  -57     0.04692
77   58     0.69208
77  -58    -1.38130
77   59    -0.74366
77  -59    -1.31644
77   60    -0.76838
77  -60    -1.43653
77   61     0.51409
77  -61    -0.50869
77   62    -0.91422
77  -62     0.16375
77   63     0.02268
77  -63     0.31849
77   64     1.00944
77  -64     1.27447
77   65     0.26616
77  -65    -0.33239
77   66     0.40634
77  -66     0.01649
77   67     0.46004
77  -67    -0.49663
77   68    -1.29232
77  -68    -0.37308
77   69    -0.08835
77  -69     0.90820
77   70     0.48473
77  -70     0.14419
77   71     0.89297
77  -71     0.85347
77   72    -0.39915
77  -72     1.21156
77   73    -1.11138
77  -73     0.56752
77   74    -0.98751
77  -74     0.43802
77   75     0.58053
77  -75     0.51113
77   76     0.84401
77  -76    -0.28794
77   77     0.01076
77  -77     0.49406
78    0    -2.50189
78    1    -1.18929
78   -1     0.08828
78    2     1.00148
78   -2    -0.64289
78    3     0.21315
78   -3     0.29471
78    4    -0.18260
78   -4     0.66241
78    5     0.42258
78   -5     0.26973
78    6    -0.24018
78   -6    -0.20548
78    7    -0.93716
78   -7    -0.28350
78    8     0.34888
78   -8     0.77789
78    9     0.71730
78   -9     0.20236
78   10     1.06741
78  -10     0.00257
78   11     0.33170
78  -11    -0.57168
78   12    -0.66413
78  -12    -0.01924
78   13    -0.23890
78  -13     1.58638
78   14    -0.29380
78  -14     1.87992
78   15    -0.50032
78  -15     0.57200
78   16     1.45480
78  -16    -1.92208
78   17     1.21180
78  -17    -1.01610
78   18    -1.67044
78  -18    -0.06449
78   19    -3.06816
78  -19    -0.67091
78   20    -1.01080
78  -20     0.71189
78   21     1.53683
78  -21     1.49267
78   22     1.58448
78  -22    -0.36401
78   23     0.54862
78  -23    -1.56991
78   24    -0.94624
78  -24    -1.38451
78   25    -2.07963
78  -25     1.64433
78   26    -1.96308
78  -26     1.76687
78   27     0.71518
78  -27     0.88603
78   28     1.78192
78  -28    -0.30897
78   29     0.37728
78  -29    -1.31121
78   30    -0.06134
78  -30     0.03096
78   31     1.11533
78  -31    -0.80674
78   32     2.10391
78  -32    -0.88035
78   33     0.41769
78  -33    -0.61831
78   34    -1.18564
78  -34     0.36739
78   35     0.22576
78  -35     0.85979
78   36     2.36813
78  -36    -0.10467
78   37     0.70014
78  -37    -0.12185
78   38    -1.07507
78  -38    -2.13375
78   39    -0.96069
78  -39    -1.10749
78   40    -1.03396
78  -40    -0.61268
78   41     0.03261
78  -41     0.98984
78   42    -0.23909
78  -42    -0.16391
78   43     0.49696
78  -43     0.43642
78   44    -0.22115
78  -44    -0.17154
78   45     0.85675
78  -45    -1.75618
78   46    -0.41096
78  -46    -1.54564
78   47     0.70477
78  -47     0.01299
78   48    -0.21305
78  -48    -0.12197
78   49     0.74722
78  -49     0.70790
78   50    -1.03378
78  -50    -0.03016
78   51     0.03732
78  -51     0.54918
78   52     1.15461
78  -52    -0.69049
78   53     1.19896
78  -53    -0.01235
78   54     0.96155
78  -54    -0.68512
78   55    -0.20295
78  -55     0.44087
78   56     1.15794
78  -56    -2.25386
78   57    -0.24624
78  -57    -0.14247
78   58     0.12251
78  -58     0.29460
78   59     0.19013
78  -59    -0.13740
78   60    -0.21066
78  -60     1.10459
78   61    -0.32789
78  -61    -0.64742
78   62     0.63047
78  -62    -0.01379
78   63     0.43415
78  -63    -0.24699
78   64     0.52638
78  -64    -0.64226
78   65    -0.08576
78  -65    -0.84673
78   66    -1.46688
78  -66    -0.71040
78   67     0.57714
78  -67    -0.14279
78   68     1.41285
78  -68    -0.28372
78   69     0.37544
78  -69    -1.11940
78   70    -0.84148
78  -70    -0.30796
78   71    -1.84176
78  -71    -0.02413
78   72    -0.42043
78  -72     0.10871
78   73     0.73068
78  -73    -0.30632
78   74     0.13067
78  -74    -0.41762
78   75     0.27804
78  -75    -0.26400
78   76     0.01376
78  -76    -0.66339
78   77     0.17663
78  -77     0.17265
78   78     0.23741
78  -78     1.69653
79    0     0.43726
79    1     1.72012
79   -1    -1.09892
79    2    -0.87942
79   -2     0.36362
79    3    -0.35803
79   -3    -0.22999
79    4    -0.00036
79   -4     0.09643
79    5    -0.84464
79   -5    -0.14195
79    6    -0.23981
79   -6    -0.14145
79    7     1.13857
79   -7     1.13346
79    8     0.52040
79   -8     0.33899
79    9     0.50261
79   -9    -0.16097
79   10    -0.54229
79  -10     0.81573
79   11    -1.80989
79  -11     0.77634
79   12     0.54480
79  -12     0.01228
79   13     0.22405
79  -13    -0.30066
79   14    -0.54464
79  -14    -0.83616
79   15     0.39027
79  -15    -0.03626
79   16     0.14979
79  -16     0.66322
79   17    -1.05265
79  -17     0.29933
79   18    -0.14501
79  -18    -0.19993
79   19     1.35795
79  -19     0.08402
79   20     1.64541
79  -20     0.13364
79   21    -0.22385
79  -21    -1.25988
79   22    -1.33585
79  -22    -0.03281
79   23    -1.19667
79  -23     0.40830
79   24     0.03244
79  -24     1.37984
79   25     1.45660
79  -25     0.99263
79   26     2.47698
79  -26    -0.96552
79   27     1.69546
79  -27    -1.10640
79   28    -0.73082
79  -28     0.14784
79   29    -1.29972
79  -29     0.61466
79   30     1.06538
79  -30     0.77469
79   31    -0.08187
79  -31    -0.60029
79   32    -1.73853
79  -32     0.15943
79   33    -1.92165
79  -33     0.18800
79   34    -0.38265
79  -34    -0.81895
79   35     0.06329
79  -35    -0.66509
79   36    -1.94186
79  -36     0.41495
79   37    -0.61608
79  -37    -0.08214
79   38    -0.07185
79  -38     0.38089
79   39     0.14539
79  -39     1.46559
79   40     0.91696
79  -40     1.28061
79   41     1.48782
79  -41     0.21278
79   42     0.48528
79  -42     1.37443
79   43    -0.90090
79  -43    -0.46558
79   44    -0.24322
79  -44     0.49329
79   45    -0.07226
79  -45     0.83881
79   46    -0.79375
79  -46     1.38801
79   47    -0.56411
79  -47     1.40241
79   48     0.16384
79  -48     0.51351
79   49    -0.12122
79  -49    -1.40466
79   50    -0.86064
79  -50    -0.73507
79   51    -0.15043
79  -51     0.24481
79   52    -0.56631
79  -52     0.79755
79   53     0.08809
79  -53     1.30297
79   54    -0.23585
79  -54    -0.24875
79   55     0.13381
79  -55    -1.39468
79   56    -0.76302
79  -56     0.30217
79   57    -0.73948
79  -57     2.03640
79   58     0.55857
79  -58     1.20436
79   59     0.45787
79  -59     0.01060
79   60    -1.08925
79  -60    -0.54486
79   61    -0.88456
79  -61     1.19753
79   62     0.23113
79  -62    -0.59712
79   63    -0.85651
79  -63    -1.14496
79   64    -0.73565
79  -64    -0.69472
79   65    -0.01477
79  -65     0.94003
79   66     0.68251
79  -66     0.45284
79   67    -0.10054
79  -67    -0.82298
79   68    -0.32477
79  -68     0.15014
79   69    -0.66831
79  -69     0.40944
79   70    -0.43196
79  -70     0.63908
79   71     0.86112
79  -71     1.14435
79   72     0.34817
79  -72     1.44791
79   73    -0.61317
79  -73     0.05943
79   74    -1.07133
79  -74     0.22501
79   75    -0.32753
79  -75     0.19894
79   76     0.51897
79  -76     0.43122
79   77     0.44232
79  -77    -0.88217
79   78     0.43842
79  -78    -1.10724
79   79     0.64148
79  -79     0.44931
80    0     1.36665
80    1    -2.53331
80   -1     0.96765
80    2     0.22003
80   -2    -0.30091
80    3     0.20293
80   -3    -1.45505
80    4    -0.12326
80   -4     0.65260
80    5     0.61383
80   -5     0.81292
80    6     1.02724
80   -6     0.60039
80    7    -1.35518
80   -7    -1.33793
80    8    -1.04622
80   -8    -0.80487
80    9    -0.83483
80   -9     0.81335
80   10    -0.06308
80  -10     0.13362
80   11     1.09691
80  -11    -0.33084
80   12     1.12961
80  -12    -1.30204
80   13    -0.16508
80  -13    -0.46909
80   14    -0.12072
80  -14     0.69736
80   15    -0.21872
80  -15     0.60906
80   16    -1.22326
80  -16     0.45514
80   17     0.45694
80  -17     0.16514
80   18     1.89662
80  -18     0.02377
80   19     0.55928
80  -19    -0.78998
80   20    -1.43468
80  -20    -1.26045
80   21    -1.21298
80  -21     1.01308
80   22     0.54556
80  -22     1.50920
80   23     0.60363
80  -23     1.43739
80   24     0.69715
80  -24    -0.76480
80   25     0.27562
80  -25    -2.03300
80   26    -2.25995
80  -26     0.22115
80   27    -2.92296
80  -27     1.23202
80   28    -0.13461
80  -28     0.54812
80   29     1.17395
80  -29    -0.39954
80   30    -0.76475
80  -30    -1.24578
80   31    -0.16432
80  -31     0.79991
80   32     2.45027
80  -32    -0.74435
80   33     3.33069
80  -33    -1.20562
80   34     1.44564
80  -34    -0.36675
80   35    -0.83624
80  -35    -0.28937
80   36     0.49503
80  -36    -0.43996
80   37     1.28410
80  -37    -0.47563
80   38    -0.03102
80  -38     0.51697
80   39    -0.91066
80  -39    -1.00802
80   40    -0.07127
80  -40    -1.63156
80   41    -0.60203
80  -41    -0.96502
80   42    -0.79824
80  -42    -0.84730
80   43    -0.20693
80  -43    -0.28713
80   44     0.56959
80  -44     0.13363
80   45    -0.02410
80  -45     0.00267
80   46     1.56849
80  -46    -1.37691
80   47     0.58083
80  -47    -1.65644
80   48     0.86233
80  -48    -0.06928
80   49     0.70064
80  -49     0.27165
80   50     1.57956
80  -50     0.71367
80   51     0.14312
80  -51    -0.04294
80   52    -0.00151
80  -52     0.07328
80   53     0.11791
80  -53    -0.16002
80   54     1.18747
80  -54     1.07419
80   55    -0.54996
80  -55     1.07096
80   56     0.11509
80  -56     0.11011
80   57     0.48591
80  -57    -1.39583
80   58     0.33583
80  -58    -1.35653
80   59    -0.06234
80  -59    -1.29577
80   60     0.11973
80  -60    -0.27628
80   61     0.25772
80  -61    -0.03159
80   62    -0.07014
80  -62    -0.65856
80   63     0.67578
80  -63     0.60629
80   64     1.01131
80  -64     0.59863
80   65     0.67895
80  -65    -0.40183
80   66     0.46852
80  -66    -1.16206
80   67    -0.63173
80  -67    -1.10190
80   68     0.58289
80  -68    -0.65087
80   69     1.25318
80  -69     0.14468
80   70     0.05603
80  -70    -1.23301
80   71    -1.02843
80  -71    -0.85520
80   72    -0.30152
80  -72    -0.47841
80   73    -0.55811
80  -73    -0.23320
80   74    -0.65792
80  -74    -0.19550
80   75    -1.41682
80  -75     0.34277
80   76    -0.08273
80  -76     0.36813
80   77     0.35752
80  -77     0.03634
80   78    -0.90216
80  -78     1.02688
80   79    -0.77106
80  -79     0.58133
80   80    -0.35267
80  -80     0.11258
81    0    -1.61968
81    1    -0.10035
81   -1    -0.90739
81    2     1.35145
81   -2    -0.09136
81    3    -0.77767
81   -3     1.50029
81    4     0.44009
81   -4     0.07204
81    5     0.26121
81   -5    -0.03041
81    6    -1.26743
81   -6    -0.01900
81    7    -0.48633
81   -7    -0.20947
81    8     0.62521
81   -8     0.23973
81    9     0.48610
81   -9    -0.37170
81   10     0.90186
81  -10    -0.37479
81   11    -0.21605
81  -11     0.43259
81   12    -0.67761
81  -12     1.14544
81   13     0.27105
81  -13     0.75246
81   14     0.14640
81  -14    -0.99817
81   15     0.09209
81  -15    -1.06195
81   16     0.36138
81  -16     0.95237
81   17     0.12152
81  -17     0.89884
81   18    -0.81891
81  -18     0.21279
81   19    -1.34570
81  -19     0.96127
81   20    -0.02023
81  -20     0.85414
81   21     0.77693
81  -21    -0.17003
81   22     0.14150
81  -22    -1.71419
81   23    -0.91757
81  -23    -1.09762
81   24    -1.40497
81  -24     0.27796
81   25    -1.23096
81  -25     0.98001
81   26     1.28533
81  -26     0.64806
81   27     3.56283
81  -27    -0.55215
81   28     1.23128
81  -28    -0.78012
81   29     0.46662
81  -29    -0.21058
81   30     0.77079
81  -30     0.10131
81   31     0.56138
81  -31    -0.15772
81   32    -0.74782
81  -32    -0.27203
81   33    -2.96020
81  -33     1.37365
81   34    -2.23150
81  -34     1.13953
81   35     0.34058
81  -35    -0.55044
81   36    -0.10113
81  -36    -0.31914
81   37    -1.35481
81  -37     0.79885
81   38    -0.25606
81  -38    -0.26707
81   39     0.68417
81  -39    -0.40455
81   40    -0.26096
81  -40     0.55066
81   41    -0.05364
81  -41     1.10649
81   42     1.15183
81  -42     0.15831
81   43     1.63284
81  -43     1.42549
81   44    -0.73083
81  -44     0.55260
81   45    -1.36952
81  -45     0.90604
81   46    -1.33947
81  -46    -0.06756
81   47    -0.44288
81  -47     1.32710
81   48    -1.85389
81  -48     0.69445
81   49    -0.45118
81  -49     1.60371
81   50    -0.54030
81  -50    -0.03575
81   51    -0.76556
81  -51     0.11747
81   52    -1.25324
81  -52    -0.52872
81   53    -0.88912
81  -53     0.73133
81   54    -0.19637
81  -54     0.16662
81   55    -0.02497
81  -55     0.70054
81   56     1.35845
81  -56    -0.18232
81   57    -0.21752
81  -57     0.64509
81   58    -0.29269
81  -58     1.31532
81   59    -0.49894
81  -59     0.94387
81   60     0.19555
81  -60     0.43131
81   61    -0.52236
81  -61    -0.45958
81   62    -1.86109
81  -62     0.71512
81   63    -0.21947
81  -63     0.68977
81   64     0.41804
81  -64     0.24167
81   65    -0.22108
81  -65    -1.18655
81   66    -0.57525
81  -66    -0.33685
81   67    -0.00474
81  -67     1.36243
81   68    -0.12225
81  -68     0.55503
81   69     0.87180
81  -69    -0.78020
81   70     0.11052
81  -70    -0.04410
81   71     0.12930
81  -71     0.11470
81   72    -0.14487
81  -72     0.19816
81   73    -0.20284
81  -73     1.55977
81   74     0.33903
81  -74     0.29672
81   75     0.56405
81  -75    -1.00758
81   76    -0.41881
81  -76    -0.87627
81   77     0.03758
81  -77    -0.06229
81   78     1.22053
81  -78    -0.51613
81   79     0.47858
81  -79     0.08309
81   80     0.11175
81  -80     0.11881
81   81    -0.27161
81  -81     0.02775
82    0     0.97128
82    1     1.34455
82   -1     0.42249
82    2    -1.52010
82   -2     0.93849
82    3    -0.17879
82   -3    -1.03322
82    4     0.01521
82   -4    -0.93975
82    5    -0.79597
82   -5     0.10462
82    6     0.72588
82   -6    -0.01860
82    7     1.68978
82   -7     1.03083
82    8    -0.18644
82   -8    -0.00439
82    9    -0.33175
82   -9     0.12341
82   10    -0.83831
82  -10     0.07960
82   11    -0.91023
82  -11    -0.16239
82   12     0.76249
82  -12     0.24980
82   13     0.57053
82  -13    -0.17147
82   14     0.37258
82  -14     0.17635
82   15     0.40027
82  -15     0.94206
82   16     0.73872
82  -16    -0.33683
82   17    -0.56388
82  -17    -1.56656
82   18    -1.15542
82  -18     0.40989
82   19     0.01489
82  -19     0.45054
82   20     0.84106
82  -20    -1.08812
82   21    -0.07787
82  -21    -1.55710
82   22    -0.43824
82  -22     0.04889
82   23     0.54945
82  -23     0.51552
82   24     0.97750
82  -24     1.06262
82   25     0.84358
82  -25     0.08709
82   26     0.76309
82  -26    -0.81852
82   27    -1.24790
82  -27     0.02308
82   28    -2.04791
82  -28     1.49546
82   29    -0.17338
82  -29     1.18907
82   30    -0.23381
82  -30     0.33710
82   31    -1.17696
82  -31    -1.26274
82   32    -0.85468
82  -32     0.71056
82   33     1.90021
82  -33    -0.56295
82   34     2.98136
82  -34    -2.03412
82   35     1.59383
82  -35    -0.69572
82   36    -0.08215
82  -36    -0.06701
82   37     0.83267
82  -37    -0.25066
82   38     0.87323
82  -38     0.03742
82   39    -0.53032
82  -39    -0.61749
82   40    -1.53790
82  -40     0.04566
82   41     0.11732
82  -41    -0.54844
82   42    -0.09345
82  -42    -0.13508
82   43    -0.85323
82  -43    -1.01808
82   44    -0.60872
82  -44    -0.91271
82   45     0.46730
82  -45    -0.60480
82   46    -0.06540
82  -46     0.67541
82   47     0.35491
82  -47    -1.28408
82   48     1.12357
82  -48    -1.19792
82   49     0.60231
82  -49    -1.08733
82   50     0.54685
82  -50    -0.22798
82   51     1.65954
82  -51     0.35431
82   52     1.58706
82  -52     0.22420
82   53     0.94757
82  -53    -0.27853
82   54    -0.38228
82  -54    -0.05254
82   55    -0.01807
82  -55     1.24395
82   56    -1.10141
82  -56     0.37693
82   57    -2.08570
82  -57     0.28908
82   58    -0.07512
82  -58     0.15835
82   59    -0.29965
82  -59    -0.22098
82   60    -0.04268
82  -60    -1.41823
82   61    -0.09251
82  -61    -1.71345
82   62     0.42792
82  -62    -0.48347
82   63    -0.61042
82  -63    -0.13572
82   64     0.32974
82  -64    -0.53892
82   65     0.36656
82  -65     0.59663
82   66     0.64713
82  -66     1.01597
82   67     1.18098
82  -67    -0.91648
82   68     1.07518
82  -68    -1.17595
82   69    -0.45524
82  -69    -0.17372
82   70     1.03922
82  -70     0.58419
82   71     0.02802
82  -71     0.25727
82   72    -0.42981
82  -72    -1.28024
82   73    -0.31782
82  -73    -1.02626
82   74    -0.09728
82  -74    -0.10389
82   75    -0.77952
82  -75     0.04982
82   76    -0.67333
82  -76     0.68380
82   77    -0.43981
82  -77    -0.00807
82   78    -0.24549
82  -78    -0.64142
82   79     0.55430
82  -79     0.33410
82   80    -0.96882
82  -80     0.50427
82   81    -0.82108
82  -81    -0.97466
82   82    -0.51020
82  -82    -0.97082
83    0     0.34592
83    1    -2.55972
83   -1    -0.07305
83    2     0.33529
83   -2    -1.46315
83    3     0.62739
83   -3    -0.14659
83    4    -0.32025
83   -4     0.75230
83    5     0.94920
83   -5    -0.68188
83    6     0.33236
83   -6     0.76184
83    7    -1.73236
83   -7     0.05696
83    8     0.05512
83   -8     0.53011
83    9     0.25008
83   -9    -0.37763
83   10     0.02150
83  -10    -0.37217
83   11     0.23564
83  -11     0.04017
83   12    -0.12059
83  -12     0.05184
83   13    -0.64706
83  -13     0.87452
83   14    -0.24619
83  -14     0.74036
83   15    -0.64211
83  -15    -0.54495
83   16    -0.40570
83  -16    -1.16203
83   17     0.23186
83  -17     0.57467
83   18     1.15274
83  -18     0.21848
83   19    -0.00199
83  -19    -0.75020
83   20    -0.73114
83  -20     0.49726
83   21     0.24458
83  -21     1.92806
83   22     0.25445
83  -22     0.78387
83   23     0.11280
83  -23    -0.35160
83   24    -0.62947
83  -24    -0.80385
83   25    -0.66210
83  -25     0.30903
83   26    -1.29914
83  -26     0.68026
83   27    -0.08177
83  -27     0.24653
83   28     2.56637
83  -28    -0.49488
83   29     0.12907
83  -29    -0.50260
83   30     0.42461
83  -30     0.00104
83   31     2.01889
83  -31     0.45760
83   32     1.81172
83  -32    -0.98511
83   33    -0.18510
83  -33    -0.97753
83   34    -1.87905
83  -34     0.95002
83   35    -2.02063
83  -35     1.63043
83   36    -0.23341
83  -36    -0.39025
83   37    -0.14326
83  -37    -0.61142
83   38    -0.53726
83  -38     0.88187
83   39    -0.12139
83  -39     0.02533
83   40     1.44634
83  -40    -0.30372
83   41     0.36964
83  -41    -0.17368
83   42    -0.38845
83  -42    -0.31817
83   43     0.04682
83  -43    -0.53779
83   44     1.81776
83  -44     0.90316
83   45     0.54651
83  -45     0.46912
83   46    -0.32421
83  -46     0.01848
83   47    -0.61380
83  -47     0.20784
83   48    -0.72034
83  -48     0.73224
83   49    -1.33904
83  -49     0.50730
83   50    -1.63724
83  -50     0.76242
83   51    -1.21463
83  -51    -0.41187
83   52    -0.77421
83  -52     0.24797
83   53    -1.36574
83  -53    -0.27787
83   54    -0.12324
83  -54     0.43460
83   55    -0.23498
83  -55    -0.09449
83   56     0.48133
83  -56    -0.10258
83   57     0.77810
83  -57     0.11717
83   58     0.41294
83  -58     0.82419
83   59    -0.24813
83  -59     0.26046
83   60    -0.68684
83  -60     0.27598
83   61     0.05689
83  -61    -0.07549
83   62     0.16448
83  -62    -0.30461
83   63    -0.46146
83  -63    -0.30177
83   64    -0.44988
83  -64     0.26497
83   65    -0.94069
83  -65     0.99146
83   66     0.42602
83  -66    -0.82962
83   67     0.13087
83  -67    -0.71043
83   68    -0.85623
83  -68     0.93392
83   69    -0.52727
83  -69     0.48852
83   70     0.17965
83  -70    -0.33039
83   71     0.55406
83  -71     0.15240
83   72     0.60067
83  -72    -0.19634
83   73    -0.21203
83  -73     0.21620
83   74     0.02072
83  -74     0.02342
83   75     0.23035
83  -75     0.30836
83   76     0.03724
83  -76    -0.40612
83   77     1.26176
83  -77     0.55646
83   78     0.57728
83  -78     0.24717
83   79    -0.44483
83  -79     0.17913
83   80    -0.21836
83  -80     1.24043
83   81     0.34994
83  -81     1.14295
83   82     0.16215
83  -82    -0.17142
83   83    -1.28533
83  -83     0.32596
84    0    -1.18508
84    1     0.71967
84   -1    -0.23374
84    2     1.25413
84   -2     0.79846
84    3    -0.48610
84   -3     0.70064
84    4     0.19802
84   -4     0.44288
84    5    -0.13888
84   -5     0.52510
84    6    -0.59558
84   -6    -0.75152
84    7     0.09916
84   -7    -1.30382
84    8     0.55992
84   -8     0.40917
84    9    -0.37963
84   -9     0.50091
84   10     0.55366
84  -10     0.15195
84   11     0.27637
84  -11    -0.13626
84   12     0.27202
84  -12    -0.76791
84   13    -0.26292
84  -13    -0.44286
84   14    -0.81386
84  -14    -0.56439
84   15     0.69454
84  -15     0.66805
84   16     0.57728
84  -16     1.50807
84   17     1.19939
84  -17     0.14132
84   18     0.22656
84  -18    -1.00350
84   19    -1.25240
84  -19     0.28555
84   20    -0.30998
84  -20     0.23407
84   21    -0.04081
84  -21    -0.50673
84   22     0.05710
84  -22    -0.86884
84   23    -0.11891
84  -23     0.05430
84   24     0.81915
84  -24     0.51332
84   25     0.50338
84  -25    -0.25589
84   26    -0.14220
84  -26     0.06320
84   27     0.23383
84  -27    -0.09696
84   28    -1.05902
84  -28    -0.04403
84   29    -0.87172
84  -29     0.27343
84   30    -0.50617
84  -30     0.05748
84   31    -0.94860
84  -31     0.46283
84   32    -1.45047
84  -32    -0.17747
84   33    -0.80039
84  -33     1.17899
84   34     1.25223
84  -34     0.21021
84   35     2.21776
84  -35    -1.41884
84   36     1.04810
84  -36    -1.42774
84   37     0.40574
84  -37    -0.35540
84   38     0.32517
84  -38     0.47875
84   39    -0.22823
84  -39     1.19086
84   40    -0.14564
84  -40    -0.27142
84   41    -0.65396
84  -41    -0.10693
84   42    -0.39311
84  -42     0.03665
84   43     0.09617
84  -43     0.91354
84   44    -0.51645
84  -44    -0.21979
84   45    -0.98947
84  -45    -0.23806
84   46    -0.29099
84  -46    -0.84514
84   47     0.10460
84  -47     0.67042
84   48     0.39876
84  -48    -1.12009
84   49     0.76404
84  -49    -0.61390
84   50     0.73792
84  -50    -1.02506
84   51    -0.02845
84  -51     0.00092
84   52     0.76040
84  -52     0.12277
84   53     1.05174
84  -53     0.62769
84   54     1.14682
84  -54    -0.96158
84   55    -0.08964
84  -55     0.50593
84   56     0.84310
84  -56     1.13193
84   57    -0.57799
84  -57    -0.07541
84   58    -0.66610
84  -58    -1.24137
84   59    -1.37990
84  -59    -0.54831
84   60    -0.27871
84  -60     0.07328
84   61    -0.41463
84  -61    -0.12357
84   62     0.00491
84  -62    -1.31141
84   63     0.29994
84  -63    -0.00369
84   64    -0.31899
84  -64    -0.06953
84   65     0.07643
84  -65    -0.67414
84   66    -0.51086
84  -66     0.05171
84   67    -0.54588
84  -67    -0.09479
84   68     0.83392
84  -68    -0.15768
84   69     0.93759
84  -69    -0.53080
84   70     0.87559
84  -70    -0.68458
84   71     1.11548
84  -71    -0.62757
84   72    -0.10345
84  -72     0.18687
84   73    -0.53257
84  -73    -0.31419
84   74    -0.00038
84  -74    -1.16013
84   75     0.06426
84  -75    -0.53576
84   76     0.03314
84  -76     0.71529
84   77    -0.84911
84  -77     0.47882
84   78    -0.56942
84  -78     0.18233
84   79     0.28226
84  -79    -0.54692
84   80     0.28857
84  -80    -0.44018
84   81    -0.69313
84  -81     0.13441
84   82     0.14084
84  -82    -0.04886
84   83     1.07227
84  -83    -0.38331
84   84     0.16850
84  -84    -0.10856
85    0     1.10258
85    1    -0.51143
85   -1    -0.11002
85    2    -1.88765
85   -2     0.46808
85    3    -0.28618
85   -3    -1.02867
85    4    -0.22565
85   -4     0.28650
85    5    -0.49888
85   -5    -0.20253
85    6     0.82536
85   -6    -0.19518
85    7     0.46514
85   -7     1.59746
85    8    -0.53459
85   -8    -0.02692
85    9     0.21482
85   -9    -0.05932
85   10     0.29064
85  -10    -0.33895
85   11    -0.73323
85  -11     0.49313
85   12     0.36535
85  -12    -0.09200
85   13     0.68133
85  -13    -0.29693
85   14     1.06421
85  -14     0.73587
85   15    -0.15419
85  -15     0.33720
85   16    -1.12709
85  -16    -0.08226
85   17    -1.24091
85  -17    -0.27321
85   18    -0.53892
85  -18     1.03052
85   19     1.04016
85  -19     0.18824
85   20     0.19653
85  -20    -0.88266
85   21    -0.41903
85  -21    -0.30027
85   22    -0.45056
85  -22     1.03153
85   23    -0.24987
85  -23     0.45332
85   24    -0.99985
85  -24    -0.11049
85   25    -0.56276
85  -25    -0.06813
85   26     0.57400
85  -26     0.84391
85   27     0.28642
85  -27     0.49195
85   28     0.38603
85  -28    -0.19294
85   29     1.35288
85  -29    -0.51118
85   30     0.23649
85  -30    -0.23568
85   31     0.85546
85  -31    -0.06506
85   32     1.80359
85  -32     0.21673
85   33     1.66351
85  -33    -0.72116
85   34    -0.50083
85  -34    -0.84401
85   35    -1.04931
85  -35     0.68883
85   36    -1.24545
85  -36     1.96088
85   37    -0.58617
85  -37    -0.02228
85   38    -0.57085
85  -38    -0.95460
85   39     0.57372
85  -39    -0.36193
85   40    -0.15967
85  -40     0.08227
85   41     0.71468
85  -41     0.18745
85   42     0.16172
85  -42     0.50094
85   43     0.46452
85  -43    -0.64303
85   44    -0.17924
85  -44    -0.50230
85   45     0.77432
85  -45    -0.21084
85   46     0.02440
85  -46     0.77537
85   47     0.05089
85  -47    -0.43526
85   48     0.12386
85  -48     0.54574
85   49     0.38220
85  -49    -0.11807
85   50     0.02761
85  -50    -0.04375
85   51    -0.20993
85  -51     0.21675
85   52    -0.45658
85  -52    -0.39076
85   53    -0.46087
85  -53    -0.69011
85   54    -1.45781
85  -54    -0.55849
85   55    -0.71553
85  -55     0.22246
85   56    -0.25422
85  -56    -0.17648
85   57     0.10518
85  -57     0.13063
85   58     1.30880
85  -58    -0.34047
85   59     0.67150
85  -59     0.76598
85   60     0.19039
85  -60    -0.23773
85   61     0.52741
85  -61    -0.97144
85   62     0.33911
85  -62     0.03513
85   63    -0.07298
85  -63    -0.49647
85   64     0.40653
85  -64    -0.10575
85   65    -0.34707
85  -65     0.59160
85   66     0.03893
85  -66     0.66551
85   67     0.45088
85  -67     0.15303
85   68    -0.59495
85  -68    -0.32234
85   69    -1.06337
85  -69    -0.08747
85   70    -0.82606
85  -70     0.23798
85   71    -0.70017
85  -71     0.38924
85   72     0.65278
85  -72     0.51959
85   73     0.07318
85  -73     0.74813
85   74     0.30786
85  -74     0.64318
85   75    -0.36489
85  -75    -0.46205
85   76     0.54559
85  -76    -0.67138
85   77     0.61538
85  -77    -0.12852
85   78     0.48530
85  -78     0.66285
85   79     0.52792
85  -79     0.43079
85   80    -0.51461
85  -80     0.40020
85   81    -0.79855
85  -81     0.14019
85   82    -1.08732
85  -82     0.59210
85   83     0.11203
85  -83     0.17328
85   84    -0.52723
85  -84    -0.13890
85   85    -0.16661
85  -85     0.01386
86    0    -0.20165
86    1    -1.57670
86   -1    -0.64809
86    2     1.17984
86   -2    -0.28919
86    3     0.04353
86   -3    -0.16759
86    4     0.23551
86   -4    -0.15259
86    5     0.19729
86   -5     0.53608
86    6    -0.04590
86   -6     0.94524
86    7    -0.09389
86   -7    -1.18660
86    8     0.10525
86   -8    -0.58803
86    9    -0.20378
86   -9     0.86089
86   10    -0.72201
86  -10     0.44404
86   11     0.06319
86  -11    -0.00297
86   12     0.47292
86  -12     0.42394
86   13     0.07131
86  -13     0.24662
86   14    -1.12009
86  -14    -0.62544
86   15    -0.88005
86  -15    -1.04177
86   16     1.18276
86  -16    -0.46095
86   17     0.99321
86  -17     0.43156
86   18     0.35242
86  -18    -0.34565
86   19    -0.31585
86  -19    -0.64046
86   20    -0.66553
86  -20     0.18239
86   21    -0.15374
86  -21     0.17431
86   22    -0.18006
86  -22    -0.41608
86   23    -0.30029
86  -23    -0.48543
86   24     0.41932
86  -24     0.03923
86   25     1.03852
86  -25     0.02507
86   26     0.86074
86  -26    -1.04523
86   27    -0.33150
86  -27    -0.44234
86   28    -0.31697
86  -28     0.92567
86   29    -1.15048
86  -29     1.65775
86   30     0.23104
86  -30     0.45671
86   31    -0.20656
86  -31     0.00435
86   32    -1.15325
86  -32    -0.10055
86   33    -1.45873
86  -33    -0.20235
86   34    -0.28801
86  -34     0.80985
86   35     1.00837
86  -35    -0.05362
86   36     1.79721
86  -36    -1.25218
86   37     0.65021
86  -37    -1.15697
86   38     0.72019
86  -38    -0.89124
86   39    -0.35287
86  -39    -0.90584
86   40    -0.91713
86  -40     0.92058
86   41    -0.73847
86  -41    -0.36859
86   42     0.16670
86  -42    -0.07516
86   43    -0.36687
86  -43     0.26309
86   44    -0.10532
86  -44    -0.13566
86   45     0.00974
86  -45    -0.53707
86   46     0.24314
86  -46    -0.17041
86   47     0.06443
86  -47    -0.34600
86   48     0.35604
86  -48     0.27847
86   49    -0.58922
86  -49    -0.15986
86   50     0.05500
86  -50     0.41343
86   51     0.60170
86  -51     0.18397
86   52     0.48154
86  -52    -0.13064
86   53     0.43531
86  -53     0.29519
86   54     0.10396
86  -54     1.45545
86   55     0.33409
86  -55    -0.73357
86   56     0.20653
86  -56    -0.01725
86   57    -0.39310
86  -57     1.11353
86   58     0.23856
86  -58     0.57260
86   59     0.24647
86  -59    -0.94825
86   60     0.47857
86  -60    -0.73767
86   61    -0.55331
86  -61    -0.44596
86   62    -0.05977
86  -62    -0.11647
86   63     0.07707
86  -63     0.02165
86   64    -0.22563
86  -64    -0.33711
86   65     0.27837
86  -65     0.56041
86   66    -0.00537
86  -66     0.35704
86   67    -0.12138
86  -67    -0.59231
86   68     0.74649
86  -68     0.00746
86   69     0.19169
86  -69     0.17882
86   70    -0.05069
86  -70    -0.27870
86   71     0.05075
86  -71    -0.15959
86   72     0.29252
86  -72    -0.09385
86   73     0.15842
86  -73    -0.07256
86   74    -0.06756
86  -74    -0.75943
86   75     0.14082
86  -75     0.03656
86   76     0.20652
86  -76     0.53388
86   77    -0.41646
86  -77    -0.46631
86   78    -0.32809
86  -78    -0.12444
86   79    -0.10407
86  -79     0.11913
86   80     0.86934
86  -80    -0.64780
86   81     0.66058
86  -81    -0.25850
86   82     0.65414
86  -82     0.69937
86   83     0.34673
86  -83    -0.05995
86   84     0.46503
86  -84     0.79255
86   85     0.95946
86  -85    -0.40219
86   86     0.63353
86  -86     0.60932
87    0     0.75882
87    1     0.82879
87   -1    -0.13318
87    2     0.02113
87   -2     0.07140
87    3    -0.40595
87   -3     0.26359
87    4     0.20284
87   -4    -0.29063
87    5     0.06288
87   -5    -0.52324
87    6    -0.41569
87   -6    -0.85050
87    7    -0.72313
87   -7     0.78577
87    8    -0.07878
87   -8     1.50765
87    9     0.27069
87   -9    -0.48411
87   10     0.14968
87  -10    -0.90319
87   11    -0.30125
87  -11     0.08567
87   12    -0.75826
87  -12     0.45081
87   13    -0.61662
87  -13    -0.11266
87   14     0.70612
87  -14    -0.96392
87   15     1.72201
87  -15     0.99626
87   16     0.08714
87  -16     0.58102
87   17    -0.79473
87  -17    -0.72274
87   18    -0.62323
87  -18    -0.23976
87   19    -0.97013
87  -19     0.94919
87   20     0.68947
87  -20     0.78174
87   21     1.14420
87  -21    -0.38904
87   22     0.79958
87  -22    -0.25195
87   23     0.17411
87  -23     0.96112
87   24    -0.73240
87  -24     0.42168
87   25    -1.92545
87  -25     0.02359
87   26    -1.73700
87  -26     0.74711
87   27    -0.13741
87  -27     1.34418
87   28     0.06091
87  -28     0.14854
87   29     0.39257
87  -29    -0.98562
87   30    -0.19150
87  -30    -0.84235
87   31    -0.12719
87  -31     0.18692
87   32     0.55889
87  -32     0.58169
87   33     2.01913
87  -33     0.80815
87   34     1.45104
87  -34    -0.74491
87   35    -0.89046
87  -35    -0.56960
87   36    -1.34390
87  -36     0.32827
87   37     0.00106
87  -37     1.90384
87   38     0.31365
87  -38     0.97464
87   39    -0.31849
87  -39    -0.20596
87   40     1.36449
87  -40    -0.34359
87   41     1.05777
87  -41    -0.08643
87   42     0.48914
87  -42    -0.46693
87   43     0.26369
87  -43     0.48122
87   44     0.33633
87  -44     0.48284
87   45     0.25392
87  -45     0.44957
87   46     0.70631
87  -46     0.03951
87   47    -0.85693
87  -47     0.02830
87   48    -0.37149
87  -48    -1.07999
87   49     0.12603
87  -49     0.96791
87   50     0.66474
87  -50     0.02260
87   51     0.41508
87  -51    -0.07972
87   52     0.06620
87  -52     0.36200
87   53    -0.33958
87  -53     0.62502
87   54     0.78255
87  -54    -0.85268
87   55     0.06947
87  -55    -1.06402
87   56     0.26168
87  -56    -0.62131
87   57    -0.64362
87  -57    -0.30421
87   58     0.51933
87  -58    -0.33851
87   59     0.49646
87  -59    -0.50915
87   60     0.61706
87  -60     0.21888
87   61     0.07825
87  -61     0.60106
87   62     0.99146
87  -62    -0.54914
87   63     0.27383
87  -63    -0.33164
87   64     0.10750
87  -64    -0.44573
87   65    -0.71822
87  -65    -0.30936
87   66    -0.52651
87  -66    -0.28256
87   67    -0.46082
87  -67     0.49388
87   68     0.07694
87  -68     0.95081
87   69     0.01310
87  -69    -0.44161
87   70    -0.50211
87  -70    -0.47259
87   71    -0.30767
87  -71     0.03912
87   72    -1.01507
87  -72     0.29283
87   73    -0.42737
87  -73     0.47689
87   74    -0.21765
87  -74     0.84439
87   75    -0.35861
87  -75     0.40651
87   76     0.17639
87  -76    -0.15150
87   77     0.19782
87  -77    -0.17092
87   78     0.34237
87  -78     0.55104
87   79     0.25399
87  -79     0.01162
87   80     0.15129
87  -80     0.43523
87   81    -1.12024
87  -81     0.36643
87   82    -0.23780
87  -82    -0.14447
87   83    -0.18162
87  -83    -0.26946
87   84    -0.07551
87  -84    -1.18930
87   85    -0.61722
87  -85    -0.34016
87   86     0.41150
87  -86     0.21797
87   87     0.74511
87  -87    -0.09107
88    0     0.36551
88    1    -1.40392
88   -1     0.22696
88    2    -0.15785
88   -2     0.00333
88    3     0.38883
88   -3     0.13232
88    4    -0.58717
88   -4    -0.05794
88    5     0.06094
88   -5     0.12065
88    6     0.51656
88   -6     1.12238
88    7     0.64257
88   -7     0.13554
88    8     0.50671
88   -8    -1.62178
88    9    -0.63605
88   -9    -0.43249
88   10    -0.20263
88  -10     1.22153
88   11     0.36563
88  -11     0.02090
88   12     1.15328
88  -12    -1.31832
88   13     0.86051
88  -13     0.03349
88   14    -0.16275
88  -14     1.13879
88   15    -1.24898
88  -15    -0.02331
88   16    -0.60661
88  -16    -0.12212
88   17     1.38660
88  -17     0.09186
88   18     0.89769
88  -18     0.16872
88   19     0.65152
88  -19    -0.72348
88   20    -0.27475
88  -20    -0.94024
88   21    -0.93982
88  -21     0.06873
88   22    -1.06022
88  -22     0.01158
88   23    -0.60798
88  -23    -1.17513
88   24     0.01490
88  -24    -0.48294
88   25     0.85490
88  -25     0.09660
88   26     1.40902
88  -26    -0.63056
88   27     0.92389
88  -27    -1.71786
88   28     0.12861
88  -28    -1.05685
88   29    -0.37945
88  -29     0.47719
88   30    -1.16854
88  -30     1.46095
88   31     0.35452
88  -31     0.24562
88   32    -0.37712
88  -32    -0.25584
88   33    -1.02470
88  -33    -0.51132
88   34    -1.07226
88  -34    -0.38732
88   35    -0.08644
88  -35     0.79307
88   36     1.13034
88  -36    -0.01347
88   37     1.38662
88  -37    -0.89889
88   38    -0.36352
88  -38    -0.58331
88   39     0.11959
88  -39    -0.11760
88   40    -0.19764
88  -40    -0.39670
88   41    -0.67434
88  -41     0.16999
88   42    -1.01967
88  -42     0.07424
88   43    -0.22767
88  -43    -0.34557
88   44    -0.64254
88  -44     0.66575
88   45    -0.10277
88  -45     0.26901
88   46    -0.67931
88  -46    -0.65978
88   47     0.88707
88  -47    -0.14099
88   48     0.38084
88  -48     0.83653
88   49     0.84239
88  -49    -0.37871
88   50    -0.18984
88  -50    -0.82555
88   51    -0.65964
88  -51    -0.15370
88   52    -0.20417
88  -52     0.85972
88   53     0.14332
88  -53    -0.04917
88   54     0.33210
88  -54     0.13959
88   55    -0.51129
88  -55     1.10330
88   56     0.03915
88  -56     0.32667
88   57     0.46208
88  -57     0.37271
88   58     0.18707
88  -58     0.52634
88   59    -0.79426
88  -59     0.92975
88   60     0.46468
88  -60    -0.34080
88   61     0.90044
88  -61     0.16075
88   62     0.66977
88  -62     0.11649
88   63    -0.17814
88  -63     1.13415
88   64    -0.06118
88  -64     0.02817
88   65     0.12610
88  -65    -1.08510
88   66     0.22408
88  -66     0.04182
88   67    -0.33857
88  -67     0.41536
88   68     0.15849
88  -68    -0.30929
88   69     0.80286
88  -69     0.37667
88   70     0.18611
88  -70     0.46475
88   71     0.18005
88  -71    -0.33454
88   72     0.68623
88  -72     0.19386
88   73     0.00243
88  -73     0.35598
88   74    -0.51585
88  -74    -0.03771
88   75     0.37912
88  -75     0.24030
88   76     0.65738
88  -76     0.56141
88   77    -0.04302
88  -77     0.45945
88   78    -0.59897
88  -78     0.08889
88   79    -0.53954
88  -79    -0.21545
88   80    -0.25882
88  -80    -0.70572
88   81     0.38674
88  -81    -0.66920
88   82     0.12124
88  -82    -0.20214
88   83     1.13256
88  -83     0.46159
88   84    -0.22425
88  -84     0.67064
88   85     0.55825
88  -85    -0.25304
88   86    -0.27619
88  -86    -0.30700
88   87    -0.74689
88  -87    -0.36665
88   88     0.16652
88  -88     0.02972
89    0    -0.09159
89    1     0.08257
89   -1    -0.41090
89    2     0.02801
89   -2     0.41981
89    3    -0.72101
89   -3    -0.24631
89    4     0.31715
89   -4     0.74677
89    5     0.28294
89   -5     0.40053
89    6     0.07544
89   -6    -1.25895
89    7    -0.15051
89   -7    -0.96775
89    8    -1.00476
89   -8     1.02275
89    9     0.52625
89   -9     1.24612
89   10     0.88151
89  -10    -0.69335
89   11    -0.83851
89  -11    -0.65248
89   12    -0.81813
89  -12     0.65701
89   13    -0.61326
89  -13     1.08486
89   14    -0.36005
89  -14    -0.44873
89   15     0.91651
89  -15    -1.23439
89   16     0.65951
89  -16     0.70383
89   17    -0.68005
89  -17     0.50565
89   18    -0.26272
89  -18    -0.61838
89   19    -0.77795
89  -19    -0.14307
89   20    -0.77223
89  -20     0.11713
89   21    -0.40349
89  -21     0.30178
89   22     1.03277
89  -22    -0.13229
89   23     1.38414
89  -23     0.50950
89   24     0.60678
89  -24     0.42898
89   25    -0.09123
89  -25     0.08652
89   26    -1.43343
89  -26     0.17791
89   27    -1.64556
89  -27     1.21689
89   28    -0.24024
89  -28     1.70683
89   29     0.17421
89  -29     0.54359
89   30     1.25976
89  -30    -1.25359
89   31    -0.27065
89  -31    -1.08354
89   32    -0.06920
89  -32     0.16467
89   33     0.14023
89  -33     0.27726
89   34     1.21023
89  -34     1.58683
89   35     1.48880
89  -35    -0.11500
89   36    -0.82160
89  -36    -0.74884
89   37    -1.29788
89  -37     0.05221
89   38    -0.28103
89  -38     1.10708
89   39     0.49868
89  -39     0.53478
89   40     0.11407
89  -40     0.28096
89   41     0.42117
89  -41    -0.50321
89   42     1.43002
89  -42     0.11421
89   43     0.76452
89  -43    -0.43473
89   44     0.51844
89  -44    -0.71719
89   45     0.12374
89  -45    -0.45413
89   46     0.70858
89  -46     0.82848
89   47     0.05685
89  -47     0.36110
89   48    -0.24061
89  -48     0.12446
89   49    -0.76005
89  -49    -0.92392
89   50    -0.11757
89  -50     0.56427
89   51     0.17499
89  -51     0.31317
89   52     0.57795
89  -52    -0.61115
89   53     0.50077
89  -53     0.45160
89   54    -0.83240
89  -54     0.91143
89   55     0.16034
89  -55    -0.20730
89   56     0.26802
89  -56    -0.36914
89   57     0.29849
89  -57    -0.50643
89   58    -0.25691
89  -58    -0.31558
89   59     0.50351
89  -59    -0.22126
89   60     0.86906
89  -60    -0.16105
89   61    -0.63809
89  -61    -0.47346
89   62    -0.48177
89  -62     0.10158
89   63     0.65802
89  -63    -0.10128
89   64     0.92104
89  -64     0.20085
89   65    -0.23566
89  -65     0.66871
89   66    -0.51726
89  -66    -0.56813
89   67     0.21277
89  -67    -0.45432
89   68    -0.11383
89  -68    -0.25501
89   69    -0.94025
89  -69     0.07659
89   70    -0.29184
89  -70     0.12008
89   71    -0.70715
89  -71     0.16966
89   72    -0.56113
89  -72     0.00933
89   73    -0.35824
89  -73    -0.08216
89   74     0.23275
89  -74     0.76589
89   75    -0.27852
89  -75     0.11165
89   76    -0.41262
89  -76    -0.62995
89   77     0.11365
89  -77    -0.50370
89   78    -0.37685
89  -78     0.41267
89   79     0.41413
89  -79    -0.41882
89   80    -0.10941
89  -80     0.26733
89   81    -0.28004
89  -81     0.35878
89   82    -0.23407
89  -82    -0.05017
89   83    -0.52544
89  -83    -0.65745
89   84     0.80223
89  -84    -0.01482
89   85     0.43759
89  -85    -0.46886
89   86     0.08737
89  -86    -0.47557
89   87     0.03787
89  -87     0.34927
89   88    -0.08361
89  -88     0.26341
89   89    -0.28992
89  -89     0.64600
90    0     0.73955
90    1    -0.92892
90   -1    -0.18576
90    2     0.10001
90   -2     0.24899
90    3     0.83350
90   -3    -0.10846
90    4    -0.16809
90   -4    -0.48664
90    5    -0.22175
90   -5    -0.65025
90    6    -0.24804
90   -6     0.56081
90    7     0.12408
90   -7     1.31384
90    8     1.30473
90   -8     0.15905
90    9     0.04953
90   -9    -0.61861
90   10    -1.48906
90  -10     0.03537
90   11    -0.42741
90  -11     1.21102
90   12     1.21386
90  -12     0.24049
90   13     0.80553
90  -13    -1.27315
90   14     0.33132
90  -14    -0.09516
90   15    -0.42857
90  -15     0.89462
90   16    -0.37064
90  -16    -0.86298
90   17     0.44209
90  -17    -0.38451
90   18     0.50835
90  -18     0.70448
90   19     0.42081
90  -19     0.27082
90   20     1.13019
90  -20    -0.43494
90   21     1.26867
90  -21    -0.08815
90   22    -0.25394
90  -22     0.56505
90   23    -0.93017
90  -23    -0.03926
90   24    -0.70207
90  -24    -0.80468
90   25     0.17265
90  -25    -0.08875
90   26     0.72039
90  -26     0.38114
90   27     0.65232
90  -27    -0.99747
90   28     0.25619
90  -28    -1.82940
90   29     0.13818
90  -29    -0.30245
90   30    -0.14721
90  -30     0.48978
90   31    -0.47657
90  -31     1.31744
90   32    -0.13634
90  -32     0.33618
90   33    -0.55528
90  -33     0.28921
90   34    -0.65646
90  -34    -0.87521
90   35    -0.77790
90  -35    -0.45830
90   36     0.17489
90  -36     0.28176
90   37     1.02192
90  -37    -0.04168
90   38     1.11868
90  -38    -0.63864
90   39    -0.27086
90  -39    -0.83176
90   40    -0.53234
90  -40     0.30412
90   41    -0.91323
90  -41     0.55915
90   42    -0.12483
90  -42     0.44704
90   43    -0.63790
90  -43     0.53352
90   44    -0.12881
90  -44     0.04888
90   45    -0.31071
90  -45     0.93182
90   46    -0.24491
90  -46     0.34191
90   47    -0.99452
90  -47    -0.50061
90   48     0.34017
90  -48    -0.34054
90   49    -0.15547
90  -49     1.17006
90   50     0.81155
90  -50     0.09704
90   51     0.58940
90  -51    -0.56877
90   52    -0.18740
90  -52    -0.37542
90   53    -0.87162
90  -53     0.13169
90   54     0.30262
90  -54    -0.08398
90   55     0.09425
90  -55    -0.44580
90   56     0.27584
90  -56    -0.06425
90   57    -1.04376
90  -57     0.50252
90   58     0.39524
90  -58     0.54632
90   59     0.15028
90  -59    -0.38509
90   60     0.15970
90  -60     0.10533
90   61    -0.24752
90  -61     0.39685
90   62     0.77768
90  -62     0.17358
90   63    -0.31797
90  -63     0.71254
90   64    -0.34135
90  -64     0.94506
90   65    -0.00407
90  -65     0.41529
90   66     0.34210
90  -66    -0.07202
90   67    -0.93730
90  -67    -0.13551
90   68    -0.60421
90  -68     0.11562
90   69     0.26232
90  -69    -0.01163
90   70     0.09191
90  -70     0.20686
90   71     0.44507
90  -71    -0.18088
90   72    -0.42307
90  -72    -0.63849
90   73    -0.12758
90  -73    -0.02678
90   74     0.06333
90  -74    -0.49548
90   75     0.68957
90  -75    -0.04186
90   76    -0.15036
90  -76     1.18541
90   77     0.00043
90  -77     0.15814
90   78     0.82293
90  -78    -0.21115
90   79    -0.23735
90  -79    -0.41177
90   80    -0.53653
90  -80    -0.42838
90   81     0.54584
90  -81    -0.07031
90   82     0.20534
90  -82     0.23929
90   83    -0.03336
90  -83    -0.09140
90   84     0.41212
90  -84     0.43711
90   85     0.18119
90  -85     0.77428
90   86    -0.68775
90  -86    -0.19123
90   87    -0.78737
90  -87    -0.45516
90   88    -0.05780
90  -88    -0.26833
90   89    -0.02820
90  -89    -0.65289
90   90    -0.31063
90  -90     0.09703
91    0     0.41014
91    1     0.31801
91   -1     0.25638
91    2    -0.05510
91   -2    -0.48905
91    3    -0.98751
91   -3    -0.10181
91    4    -0.39936
91   -4     0.57581
91    5     0.77433
91   -5     0.87423
91    6     0.29654
91   -6     0.12583
91    7    -0.39486
91   -7    -0.82539
91    8    -0.60200
91   -8    -0.05714
91    9    -0.42209
91   -9     0.39264
91   10     1.23420
91  -10     0.08466
91   11     1.09008
91  -11    -1.04504
91   12    -0.99005
91  -12    -0.62550
91   13    -0.98660
91  -13     0.76240
91   14    -0.39628
91  -14     0.38876
91   15     0.50348
91  -15    -0.18711
91   16     0.90781
91  -16     0.08737
91   17    -0.48568
91  -17     0.41213
91   18    -0.18993
91  -18     0.15141
91   19     0.49523
91  -19     0.17019
91   20    -0.37988
91  -20     0.13145
91   21    -1.04027
91  -21    -0.23252
91   22    -1.12922
91  -22    -0.42250
91   23     0.15340
91  -23    -0.36895
91   24     0.64549
91  -24     0.58275
91   25    -0.04622
91  -25     0.16062
91   26    -0.07031
91  -26    -0.85443
91   27    -0.27924
91  -27     0.27888
91   28    -0.86840
91  -28     1.29474
91   29    -0.85144
91  -29     0.33313
91   30    -0.56520
91  -30     0.03476
91   31     1.10867
91  -31    -0.42412
91   32     0.07206
91  -32    -0.82991
91   33     1.07460
91  -33    -0.19565
91   34     0.08530
91  -34     0.01481
91   35    -0.06178
91  -35     1.24340
91   36     0.37609
91  -36     0.54863
91   37    -0.55847
91  -37     0.22540
91   38    -0.75376
91  -38     0.20839
91   39     0.06160
91  -39     0.36209
91   40     0.61465
91  -40    -0.37381
91   41     0.83764
91  -41    -0.33853
91   42    -0.02608
91  -42    -0.33172
91   43     0.48007
91  -43     0.17329
91   44     0.25263
91  -44    -0.32529
91   45     0.46821
91  -45    -0.56383
91   46     0.26504
91  -46    -0.53780
91   47     1.10857
91  -47     0.60371
91   48    -0.19883
91  -48     0.26651
91   49    -0.25777
91  -49    -0.30526
91   50    -0.59367
91  -50    -0.59199
91   51    -0.44371
91  -51    -0.25560
91   52    -0.15216
91  -52    -0.01753
91   53     0.88410
91  -53    -0.35920
91   54     0.63090
91  -54     0.13582
91   55    -0.57075
91  -55     0.69521
91   56    -0.43469
91  -56     0.18288
91   57     0.49222
91  -57    -0.00451
91   58    -0.09268
91  -58    -0.27871
91   59    -1.20688
91  -59     0.39076
91   60     0.08891
91  -60    -0.13012
91   61     0.95432
91  -61    -0.14729
91   62     0.30224
91  -62    -1.15157
91   63    -0.86929
91  -63    -0.13051
91   64     0.29198
91  -64    -0.15286
91   65     0.04437
91  -65     0.19021
91   66     0.13521
91  -66    -0.01877
91   67     0.10115
91  -67    -0.58780
91   68     0.72520
91  -68    -0.28656
91   69     0.47428
91  -69     0.09538
91   70    -0.56815
91  -70    -0.25796
91   71    -0.28923
91  -71    -0.41614
91   72    -0.08181
91  -72     0.44240
91   73    -0.19301
91  -73     0.47921
91   74     0.07281
91  -74     0.67449
91   75    -0.32798
91  -75     0.62983
91   76     0.58288
91  -76    -0.52637
91   77     0.47384
91  -77     0.14267
91   78    -0.31704
91  -78    -0.34236
91   79    -0.21962
91  -79    -0.25661
91   80    -0.05890
91  -80     0.26135
91   81     0.04368
91  -81    -0.40879
91   82    -0.06909
91  -82    -0.30289
91   83    -0.09854
91  -83     0.34101
91   84    -0.06733
91  -84     0.27065
91   85     0.41424
91  -85    -0.25575
91   86     0.04310
91  -86     0.02381
91   87    -0.11358
91  -87     0.56908
91   88     0.22882
91  -88    -0.24282
91   89     0.02606
91  -89     0.27228
91   90    -0.38580
91  -90     0.31355
91   91    -0.39367
91  -91    -0.15693
92    0     0.50850
92    1    -1.45606
92   -1    -0.41399
92    2    -0.74452
92   -2     0.66874
92    3     0.66344
92   -3     0.35756
92    4     0.59981
92   -4     0.41180
92    5    -0.91835
92   -5    -0.57273
92    6    -0.30826
92   -6    -0.35205
92    7     0.28913
92   -7     0.05486
92    8     0.30071
92   -8     0.34535
92    9     0.79823
92   -9    -0.17468
92   10    -0.67159
92  -10    -0.19216
92   11    -1.86118
92  -11     0.52462
92   12     0.61803
92  -12     0.85509
92   13     1.48455
92  -13     0.08744
92   14     0.33164
92  -14    -0.95898
92   15    -0.78871
92  -15     0.44853
92   16    -1.10182
92  -16     1.05816
92   17     0.96396
92  -17    -0.53837
92   18     0.75611
92  -18    -0.39749
92   19    -0.81031
92  -19     0.08018
92   20    -0.58948
92  -20    -0.34707
92   21     0.84831
92  -21     0.20022
92   22     1.39364
92  -22     0.73102
92   23    -0.07597
92  -23     0.36078
92   24    -0.30654
92  -24    -0.25246
92   25     0.21766
92  -25    -0.13949
92   26     0.59667
92  -26     0.61809
92   27     0.64900
92  -27     0.56318
92   28     0.80597
92  -28    -0.91313
92   29     0.25287
92  -29    -1.39161
92   30     0.49486
92  -30     0.12129
92   31    -0.31271
92  -31     0.72630
92   32     0.02450
92  -32     0.80043
92   33    -0.34511
92  -33    -0.09350
92   34    -0.93850
92  -34     0.45269
92   35    -0.15694
92  -35    -0.34098
92   36     0.07513
92  -36    -0.09649
92   37     0.28521
92  -37    -0.31620
92   38     0.39918
92  -38     0.09117
92   39     0.42376
92  -39    -0.22421
92   40     0.05681
92  -40    -0.35773
92   41    -0.45450
92  -41     0.04993
92   42    -0.56877
92  -42     0.88387
92   43    -0.53917
92  -43     0.06082
92   44    -0.29727
92  -44     0.76914
92   45    -0.34019
92  -45     0.35974
92   46    -0.42529
92  -46     0.58051
92   47    -0.03268
92  -47    -0.25504
92   48    -0.04926
92  -48    -0.31398
92   49    -0.04923
92  -49    -0.31561
92   50    -0.03502
92  -50     1.04293
92   51     0.13173
92  -51     0.79354
92   52     0.41120
92  -52    -0.01876
92   53    -0.14983
92  -53    -0.15231
92   54    -1.12654
92  -54    -0.22398
92   55    -0.39506
92  -55    -0.17180
92   56     0.48139
92  -56    -0.23341
92   57     0.37984
92  -57    -0.58060
92   58    -0.93250
92  -58     0.10439
92   59    -0.24284
92  -59     0.27172
92   60     0.45716
92  -60     0.10967
92   61    -0.06478
92  -61     0.34454
92   62    -0.40253
92  -62     0.62364
92   63     0.31851
92  -63     0.20342
92   64     0.19888
92  -64     0.18107
92   65    -0.64551
92  -65     0.08074
92   66     0.08985
92  -66     0.26740
92   67    -0.25185
92  -67     0.37803
92   68    -0.44561
92  -68    -0.06246
92   69    -0.40348
92  -69    -0.27497
92   70     0.56332
92  -70     0.14763
92   71     0.12189
92  -71    -0.09635
92   72     0.17620
92  -72    -0.12762
92   73    -0.38415
92  -73    -0.76633
92   74    -0.29668
92  -74    -0.50651
92   75     0.19133
92  -75     0.28802
92   76    -0.51475
92  -76     0.99037
92   77    -0.45446
92  -77     0.06290
92   78    -0.17597
92  -78    -0.02189
92   79     0.50157
92  -79    -0.76727
92   80    -0.32083
92  -80    -1.02690
92   81    -0.08111
92  -81    -0.80084
92   82    -0.27580
92  -82    -0.23641
92   83    -0.13490
92  -83    -0.20153
92   84     0.12901
92  -84     0.08516
92   85     0.43329
92  -85     0.12041
92   86     0.73342
92  -86     0.15019
92   87    -0.03870
92  -87     0.13155
92   88    -0.17242
92  -88    -0.48372
92   89     0.75047
92  -89    -0.13836
92   90     0.67277
92  -90    -0.34298
92   91     0.17658
92  -91    -0.18594
92   92     0.51387
92  -92     0.31072
93    0    -0.13976
93    1     0.57480
93   -1    -0.08613
93    2     1.24461
93   -2     0.48257
93    3    -0.83109
93   -3    -1.02469
93    4    -1.13914
93   -4    -0.49840
93    5     0.20943
93   -5     0.50946
93    6     0.92654
93   -6     0.44367
93    7     0.33677
93   -7     0.42120
93    8    -0.63139
93   -8    -0.35806
93    9    -1.00294
93   -9     0.70502
93   10     0.08717
93  -10     0.44027
93   11     1.09015
93  -11    -0.30724
93   12     0.80317
93  -12    -0.83860
93   13    -1.14209
93  -13    -0.24055
93   14    -0.67007
93  -14     0.60903
93   15     0.53367
93  -15    -0.49562
93   16     1.11108
93  -16    -0.93258
93   17    -0.41883
93  -17     0.40587
93   18    -1.39762
93  -18     0.49568
93   19    -0.22200
93  -19     0.20689
93   20     1.07147
93  -20     0.90728
93   21     0.07793
93  -21     0.54117
93   22    -0.60293
93  -22    -0.62536
93   23    -0.07102
93  -23    -0.80552
93   24     0.21000
93  -24    -0.11825
93   25    -0.53833
93  -25     0.58893
93   26    -1.06594
93  -26    -0.23401
93   27    -0.34522
93  -27    -0.51997
93   28     0.33114
93  -28     0.82073
93   29    -0.21680
93  -29     1.66709
93   30    -0.92696
93  -30    -0.31665
93   31    -0.69119
93  -31    -0.55312
93   32    -0.29865
93  -32    -0.10486
93   33    -0.19998
93  -33     0.24681
93   34     1.25424
93  -34     0.01043
93   35     0.66950
93  -35    -0.29096
93   36    -0.13644
93  -36    -0.28360
93   37    -0.04727
93  -37     0.22070
93   38    -0.58597
93  -38     0.58655
93   39    -0.24068
93  -39     0.76270
93   40     0.13855
93  -40     0.62271
93   41     0.35885
93  -41    -0.19936
93   42     0.96503
93  -42    -0.78945
93   43    -0.32979
93  -43    -0.27715
93   44     0.42121
93  -44    -0.27234
93   45     0.26608
93  -45    -0.63506
93   46     0.32614
93  -46    -0.49801
93   47    -0.31589
93  -47    -0.20699
93   48     0.86000
93  -48     0.58711
93   49    -0.23128
93  -49    -0.00554
93   50     0.27591
93  -50    -0.60237
93   51     0.16890
93  -51    -0.48785
93   52     0.02999
93  -52    -0.08212
93   53    -0.10263
93  -53    -0.64990
93   54     1.06731
93  -54    -0.52665
93   55     0.89170
93  -55    -0.20375
93   56     0.33825
93  -56    -0.11777
93   57    -0.23084
93  -57     0.19961
93   58     0.72482
93  -58     0.12138
93   59    -0.06095
93  -59    -0.36044
93   60    -0.99184
93  -60    -0.55325
93   61    -0.78957
93  -61    -0.59757
93   62     0.15986
93  -62     0.00429
93   63    -0.24803
93  -63    -0.70561
93   64     0.13665
93  -64    -0.48919
93   65    -0.37514
93  -65     0.04184
93   66     0.06574
93  -66    -0.02008
93   67     0.15712
93  -67     0.00333
93   68     0.20695
93  -68    -0.48484
93   69     0.36666
93  -69    -0.03158
93   70     0.37008
93  -70     0.49640
93   71    -0.05727
93  -71    -0.07357
93   72     0.06352
93  -72    -0.60422
93   73     0.40379
93  -73     0.07277
93   74     0.11138
93  -74    -0.18511
93   75     0.01575
93  -75     0.09129
93   76     0.38095
93  -76     0.12576
93   77     0.41711
93  -77     0.23300
93   78     0.26452
93  -78     0.09768
93   79     0.22572
93  -79     0.18898
93   80    -0.08655
93  -80    -0.08373
93   81     0.25201
93  -81    -0.25233
93   82     0.02471
93  -82    -0.49438
93   83     0.11443
93  -83    -0.23405
93   84     0.18782
93  -84    -0.29577
93   85    -0.34621
93  -85    -0.03972
93   86    -0.04611
93  -86     0.20381
93   87    -0.06130
93  -87     0.12647
93   88    -0.16192
93  -88     0.33909
93   89     0.09376
93  -89     0.21386
93   90     0.68481
93  -90     0.31464
93   91     0.11058
93  -91     0.03403
93   92     0.32600
93  -92    -0.35743
93   93     0.12079
93  -93    -0.10889
94    0     1.18323
94    1    -0.30175
94   -1     0.17196
94    2    -1.12975
94   -2    -0.54421
94    3    -0.30667
94   -3     0.44485
94    4     1.06785
94   -4     0.70668
94    5     0.49076
94   -5     0.27781
94    6    -1.19637
94   -6    -0.31168
94    7    -0.67685
94   -7    -0.30138
94    8     0.74935
94   -8     0.27407
94    9     0.79872
94   -9    -0.21116
94   10     0.51927
94  -10    -0.47942
94   11    -1.03674
94  -11    -0.19409
94   12    -1.24821
94  -12     0.54142
94   13     1.10075
94  -13     0.72872
94   14     1.15362
94  -14    -0.33894
94   15     0.07593
94  -15    -0.57499
94   16    -1.20592
94  -16     0.28102
94   17    -0.10178
94  -17     0.43240
94   18     1.43510
94  -18    -0.30055
94   19     0.59563
94  -19    -0.50724
94   20    -1.04752
94  -20    -0.80831
94   21    -0.75028
94  -21    -0.45592
94   22     0.01945
94  -22     0.31528
94   23     0.24471
94  -23     0.95162
94   24    -0.57646
94  -24     0.38040
94   25     0.15125
94  -25    -0.55251
94   26     0.73668
94  -26    -0.20295
94   27     0.21539
94  -27     0.56685
94   28    -0.39538
94  -28    -0.27487
94   29    -0.11857
94  -29    -1.09125
94   30     0.27064
94  -30    -0.60805
94   31     0.53715
94  -31     0.38260
94   32    -0.12907
94  -32     0.22809
94   33     0.26410
94  -33    -0.15688
94   34    -0.43825
94  -34    -0.39435
94   35    -0.79864
94  -35     0.24974
94   36    -0.25964
94  -36     0.34147
94   37     0.18015
94  -37     0.44941
94   38     0.45184
94  -38    -0.33691
94   39    -0.00428
94  -39    -0.63186
94   40    -0.29583
94  -40    -0.27920
94   41    -0.20780
94  -41     0.14305
94   42    -0.35822
94  -42     0.40639
94   43    -0.04024
94  -43     0.91000
94   44     0.04592
94  -44     0.07613
94   45    -0.22266
94  -45     0.76195
94   46    -0.05440
94  -46     0.64504
94   47     0.18703
94  -47     0.96029
94   48     0.03955
94  -48    -0.36645
94   49     0.21266
94  -49    -0.33131
94   50    -0.45879
94  -50    -0.12276
94   51    -0.47400
94  -51     0.56682
94   52    -0.44781
94  -52     0.94936
94   53    -0.08586
94  -53     0.95767
94   54    -0.34740
94  -54     0.62417
94   55    -1.16829
94  -55     0.24244
94   56    -0.86439
94  -56     0.00040
94   57     0.05724
94  -57     0.08955
94   58     0.26768
94  -58     0.25650
94   59    -0.65222
94  -59     0.33490
94   60    -0.22407
94  -60     0.03706
94   61     0.00660
94  -61    -0.06190
94   62     0.55205
94  -62    -0.26040
94   63    -0.22115
94  -63     0.48699
94   64     0.06525
94  -64    -0.17954
94   65    -0.32794
94  -65     0.18269
94   66    -0.18487
94  -66    -0.08327
94   67    -0.12494
94  -67    -0.61779
94   68     0.37467
94  -68     0.49962
94   69    -0.25597
94  -69     0.28398
94   70    -0.03300
94  -70     0.13192
94   71     0.55563
94  -71    -0.27569
94   72     0.10543
94  -72    -0.22054
94   73     0.44362
94  -73    -0.19353
94   74     0.31263
94  -74    -0.22236
94   75     0.22721
94  -75    -0.12929
94   76     0.23329
94  -76     0.44698
94   77    -0.18791
94  -77     0.38429
94   78     0.15790
94  -78    -0.27044
94   79    -0.31193
94  -79     0.46041
94   80    -0.20694
94  -80     0.11699
94   81    -0.05465
94  -81    -0.33502
94   82    -0.11321
94  -82    -0.49457
94   83     0.42175
94  -83    -0.07313
94   84    -0.13581
94  -84     0.07758
94   85    -0.49261
94  -85    -0.04423
94   86     0.09710
94  -86    -0.09569
94   87     0.71460
94  -87    -0.21081
94   88     0.26369
94  -88    -0.45754
94   89    -0.13322
94  -89     0.48155
94   90     0.55922
94  -90    -0.13954
94   91     0.41457
94  -91    -0.31965
94   92     0.38727
94  -92    -0.08882
94   93     0.50876
94  -93     0.43226
94   94     0.00245
94  -94    -0.19308
95    0    -0.32831
95    1    -0.64480
95   -1    -0.38673
95    2     0.80866
95   -2     0.66859
95    3     0.38428
95   -3     0.42413
95    4    -0.73023
95   -4    -0.34004
95    5    -0.86110
95   -5    -0.96070
95    6     0.15492
95   -6    -0.14071
95    7     0.73084
95   -7     0.31409
95    8    -0.25884
95   -8     0.32420
95    9    -0.63750
95   -9     0.07334
95   10    -0.46897
95  -10     0.38027
95   11     0.40716
95  -11     0.42333
95   12     0.84934
95  -12    -0.21847
95   13    -0.36404
95  -13    -0.34043
95   14    -1.32480
95  -14     0.11872
95   15     0.05214
95  -15     0.87310
95   16     1.47621
95  -16     0.19765
95   17     0.66968
95  -17    -0.91969
95   18    -0.78135
95  -18    -0.37665
95   19    -1.12988
95  -19     0.11373
95   20     0.05449
95  -20     0.37473
95   21     0.79778
95  -21     0.97820
95   22     0.05052
95  -22     0.55593
95   23    -0.47188
95  -23    -0.59938
95   24     1.10626
95  -24    -0.65812
95   25     0.43038
95  -25    -0.13266
95   26    -0.39436
95  -26     0.17406
95   27    -1.02348
95  -27    -0.57809
95   28    -0.20329
95  -28    -0.28827
95   29     1.09018
95  -29     0.79998
95   30     0.46360
95  -30     1.23113
95   31    -0.22181
95  -31    -0.49729
95   32     0.06310
95  -32    -0.57434
95   33    -0.16641
95  -33     0.29825
95   34    -0.50346
95  -34     0.72490
95   35     0.29904
95  -35     0.36576
95   36     0.41408
95  -36     0.15620
95   37     0.13935
95  -37    -0.60007
95   38    -0.16668
95  -38    -0.02580
95   39    -0.01398
95  -39     0.46178
95   40     0.00847
95  -40     0.51275
95   41     0.41036
95  -41     0.03103
95   42     0.34075
95  -42    -0.39023
95   43     0.25308
95  -43    -0.82075
95   44    -0.51297
95  -44    -0.08551
95   45     0.06961
95  -45    -0.21434
95   46     0.48660
95  -46    -0.42846
95   47     0.08878
95  -47    -0.58996
95   48    -0.48900
95  -48    -0.27817
95   49     0.03054
95  -49     0.17250
95   50     0.35077
95  -50    -0.00322
95   51     0.44329
95  -51    -0.89415
95   52     0.73728
95  -52    -0.60815
95   53     0.60745
95  -53    -0.44517
95   54     0.17015
95  -54    -1.02395
95   55     0.56595
95  -55    -0.82424
95   56     0.44923
95  -56    -0.56668
95   57     0.17486
95  -57    -0.45398
95   58    -0.13613
95  -58    -0.33786
95   59     0.73479
95  -59    -0.05909
95   60     0.22393
95  -60    -0.15354
95   61     0.38114
95  -61     0.09634
95   62    -0.35950
95  -62    -0.14119
95   63    -0.25829
95  -63    -0.55132
95   64    -0.10724
95  -64    -0.38470
95   65     0.04545
95  -65    -0.42615
95   66     0.48419
95  -66    -0.09371
95   67    -0.57664
95  -67     0.01100
95   68    -0.23835
95  -68    -0.51621
95   69     0.05469
95  -69    -0.78167
95   70     0.39996
95  -70     0.14419
95   71    -0.01191
95  -71     0.73695
95   72     0.28102
95  -72     0.54487
95   73     0.03918
95  -73    -0.34553
95   74     0.02794
95  -74    -0.24090
95   75     0.04859
95  -75    -0.24754
95   76     0.12788
95  -76    -0.14586
95   77     0.16341
95  -77     0.07217
95   78    -0.19878
95  -78     0.28793
95   79     1.01008
95  -79    -0.29097
95   80     0.49149
95  -80    -0.05865
95   81    -0.09828
95  -81    -0.41109
95   82    -0.34586
95  -82    -0.57255
95   83     0.17096
95  -83    -0.33980
95   84    -0.42267
95  -84    -0.34204
95   85     0.05950
95  -85    -0.21875
95   86    -0.32253
95  -86     0.30506
95   87    -0.50802
95  -87     0.11285
95   88    -0.29730
95  -88     0.12170
95   89    -0.11552
95  -89     0.24468
95   90    -0.14505
95  -90    -0.39244
95   91     0.24887
95  -91    -0.01015
95   92     0.35239
95  -92    -0.49014
95   93     0.38587
95  -93    -0.26467
95   94     0.59171
95  -94    -0.17885
95   95     0.60377
95  -95     0.08877
96    0     0.23281
96    1    -0.07563
96   -1     0.08500
96    2    -0.21987
96   -2     0.29089
96    3    -1.04679
96   -3    -0.84379
96    4     0.27065
96   -4     0.18421
96    5     1.04994
96   -5     0.76282
96    6     0.22952
96   -6     0.32386
96    7    -0.72286
96   -7    -0.13644
96    8    -0.02276
96   -8    -0.16890
96    9     0.55284
96   -9     0.17039
96   10     0.44152
96  -10    -0.30179
96   11    -0.23783
96  -11    -0.23560
96   12    -0.51151
96  -12     0.18820
96   13    -0.34626
96  -13     0.47293
96   14     1.12292
96  -14     0.28999
96   15     0.25741
96  -15    -0.42183
96   16    -1.04985
96  -16    -0.12676
96   17    -0.56056
96  -17     0.51424
96   18     0.72403
96  -18     1.06736
96   19     1.35188
96  -19    -0.03485
96   20     0.24903
96  -20    -0.61063
96   21    -0.41430
96  -21    -0.79079
96   22    -0.01563
96  -22    -0.85092
96   23     0.14253
96  -23     0.03841
96   24    -0.79884
96  -24     0.47676
96   25    -0.74292
96  -25     0.77755
96   26     0.20652
96  -26    -0.02741
96   27     1.19414
96  -27     0.39506
96   28     0.44619
96  -28     0.29699
96   29    -0.98257
96  -29    -0.70661
96   30    -0.80483
96  -30    -0.84315
96   31    -0.20412
96  -31     0.43229
96   32    -0.29581
96  -32     0.79464
96   33    -0.07361
96  -33    -0.17086
96   34     0.44376
96  -34    -0.76822
96   35    -0.19250
96  -35    -0.69241
96   36    -0.58054
96  -36    -0.50142
96   37    -0.30865
96  -37     0.33140
96   38     0.04326
96  -38     0.49155
96   39     0.37351
96  -39    -0.55152
96   40     0.23883
96  -40    -0.32520
96   41    -0.32422
96  -41     0.10035
96   42    -0.25804
96  -42     0.43751
96   43    -0.21097
96  -43     0.47092
96   44     0.04675
96  -44     0.43352
96   45    -0.27776
96  -45     0.19826
96   46    -0.05242
96  -46     0.40495
96   47    -0.47176
96  -47     0.49092
96   48     0.07912
96  -48     1.21541
96   49     0.09407
96  -49     0.28950
96   50     0.38986
96  -50    -0.18255
96   51    -0.29119
96  -51     0.00587
96   52    -0.68914
96  -52     0.67666
96   53    -0.52313
96  -53     0.63409
96   54    -0.46979
96  -54     0.98700
96   55    -0.51943
96  -55     0.61869
96   56     0.13323
96  -56     0.65077
96   57    -0.67089
96  -57     0.04554
96   58     0.14144
96  -58     0.02319
96   59    -0.45964
96  -59     0.12531
96   60    -0.69802
96  -60     0.16099
96   61    -0.65172
96  -61    -0.10720
96   62     0.41380
96  -62     0.21138
96   63     0.45228
96  -63     0.41124
96   64     0.24861
96  -64     0.33573
96   65    -0.19865
96  -65    -0.04283
96   66    -0.29695
96  -66    -0.20672
96   67    -0.16847
96  -67    -0.07308
96   68     0.64248
96  -68     0.61172
96   69     0.29710
96  -69     0.75365
96   70    -0.15786
96  -70     0.03299
96   71    -0.01262
96  -71    -0.15306
96   72     0.45033
96  -72     0.16118
96   73     0.17889
96  -73     0.06707
96   74     0.01121
96  -74     0.07310
96   75    -0.16955
96  -75     0.11551
96   76     0.05275
96  -76    -0.24519
96   77     0.14259
96  -77     0.11008
96   78     0.32839
96  -78     0.34332
96   79    -0.10140
96  -79    -0.00678
96   80    -0.35041
96  -80    -0.14886
96   81     0.02434
96  -81     0.08768
96   82     0.02795
96  -82     0.15953
96   83     0.45016
96  -83     0.23632
96   84     0.62123
96  -84    -0.06743
96   85     0.24062
96  -85     0.47692
96   86    -0.05980
96  -86    -0.37414
96   87    -0.18275
96  -87    -0.11863
96   88     0.30552
96  -88    -0.06305
96   89    -0.10753
96  -89    -0.04772
96   90    -0.17628
96  -90     0.24176
96   91    -0.40842
96  -91     0.00275
96   92    -0.56645
96  -92     0.08790
96   93    -0.40250
96  -93     0.01141
96   94    -0.02080
96  -94     0.07806
96   95     0.17322
96  -95    -0.64664
96   96    -0.19181
96  -96    -0.09103
97    0     0.36522
97    1    -0.85670
97   -1    -0.27738
97    2     0.55488
97   -2    -0.24889
97    3     0.42297
97   -3     0.65480
97    4     0.10459
97   -4     0.59512
97    5    -0.56049
97   -5     0.15683
97    6    -0.47080
97   -6    -0.62082
97    7     0.69789
97   -7    -0.36864
97    8     0.14531
97   -8     0.29347
97    9    -0.77933
97   -9    -0.01321
97   10    -0.41608
97  -10    -0.15953
97   11    -0.16672
97  -11     0.17052
97   12     0.49185
97  -12     0.11314
97   13     0.64424
97  -13    -0.38844
97   14    -1.00531
97  -14    -0.41958
97   15    -0.68183
97  -15    -0.13326
97   16     0.87777
97  -16     0.38146
97   17     0.76931
97  -17     0.27901
97   18    -0.37946
97  -18    -0.88265
97   19    -1.34215
97  -19    -0.39529
97   20    -0.35683
97  -20     0.08218
97   21     0.19655
97  -21     0.49692
97   22    -0.00179
97  -22     0.80837
97   23    -0.08074
97  -23     0.40769
97   24    -0.09852
97  -24    -0.34630
97   25     0.86355
97  -25    -0.76939
97   26     0.33193
97  -26    -0.19609
97   27    -0.69468
97  -27    -0.10903
97   28    -0.74097
97  -28    -0.37871
97   29     0.11460
97  -29     0.42708
97   30     0.83481
97  -30     0.57827
97   31     0.38374
97  -31    -0.12908
97   32    -0.05010
97  -32    -0.89436
97   33     0.11935
97  -33    -0.33830
97   34     0.10681
97  -34     0.56912
97   35    -0.17461
97  -35     0.69383
97   36     0.02220
97  -36     0.16096
97   37     0.40773
97  -37     0.09779
97   38    -0.02908
97  -38    -0.48129
97   39    -0.25839
97  -39     0.11719
97   40    -0.18137
97  -40     0.37911
97   41    -0.07760
97  -41     0.32886
97   42     0.40073
97  -42    -0.07626
97   43     0.18939
97  -43    -0.46646
97   44     0.31102
97  -44    -0.77840
97   45    -0.25405
97  -45    -0.14070
97   46     0.32424
97  -46    -0.52188
97   47     0.60341
97  -47    -0.29598
97   48     0.29666
97  -48    -0.73801
97   49    -0.30901
97  -49    -0.12269
97   50    -0.29307
97  -50    -0.31527
97   51     0.32755
97  -51    -0.06997
97   52     0.42579
97  -52    -0.54629
97   53     0.45077
97  -53    -0.47305
97   54     0.76194
97  -54    -0.20471
97   55     0.44304
97  -55    -0.63370
97   56     0.07014
97  -56    -0.91836
97   57     0.14870
97  -57    -0.17759
97   58     0.14812
97  -58    -0.55741
97   59     0.55867
97  -59    -0.30453
97   60     0.68123
97  -60    -0.19588
97   61     0.43313
97  -61    -0.15241
97   62     0.22910
97  -62     0.10204
97   63    -0.19360
97  -63    -0.08221
97   64    -0.03821
97  -64    -0.15322
97   65    -0.42350
97  -65    -0.02937
97   66    -0.07590
97  -66    -0.03377
97   67    -0.62027
97  -67    -0.42444
97   68    -0.26953
97  -68    -0.42082
97   69    -0.35677
97  -69    -0.59927
97   70     0.42872
97  -70    -0.25687
97   71     0.13363
97  -71     0.15389
97   72    -0.07745
97  -72     0.42418
97   73     0.33942
97  -73     0.00478
97   74     0.18381
97  -74     0.03358
97   75     0.39363
97  -75    -0.30542
97   76    -0.23712
97  -76    -0.07231
97   77    -0.37742
97  -77     0.06810
97   78    -0.07303
97  -78     0.05839
97   79     0.13470
97  -79    -0.31689
97   80     0.62924
97  -80    -0.09216
97   81     0.18172
97  -81    -0.19046
97   82     0.10723
97  -82    -0.50361
97   83    -0.25403
97  -83    -0.89914
97   84    -0.23477
97  -84    -0.13730
97   85    -0.06374
97  -85    -0.11806
97   86     0.08299
97  -86     0.10204
97   87     0.05708
97  -87     0.25102
97   88    -0.47940
97  -88     0.37822
97   89     0.16157
97  -89     0.26158
97   90    -0.16422
97  -90     0.07673
97   91     0.06834
97  -91    -0.08413
97   92     0.19868
97  -92    -0.60460
97   93    -0.01876
97  -93    -0.12513
97   94    -0.21662
97  -94    -0.31722
97   95     0.02854
97  -95     0.00209
97   96     0.69412
97  -96    -0.13841
97   97     0.09146
97  -97     0.04463
98    0     0.30940
98    1     0.25203
98   -1     0.37386
98    2    -0.11785
98   -2     0.30150
98    3    -0.54182
98   -3    -0.31252
98    4    -1.22450
98   -4    -0.38206
98    5     0.27004
98   -5    -0.17239
98    6     0.48413
98   -6     0.80383
98    7    -0.46928
98   -7     0.45686
98    8    -0.25401
98   -8    -0.16129
98    9     0.50357
98   -9     0.06650
98   10     0.31832
98  -10     0.14257
98   11     0.09460
98  -11    -0.50554
98   12    -0.11297
98  -12    -0.01202
98   13    -0.43457
98  -13     0.74239
98   14     0.50313
98  -14     0.61244
98   15     1.12375
98  -15     0.22246
98   16    -0.61882
98  -16    -0.44723
98   17    -1.01325
98  -17    -0.37544
98   18     0.08184
98  -18     0.91317
98   19     0.91516
98  -19     1.08560
98   20     0.84665
98  -20    -0.20544
98   21     0.13852
98  -21    -0.38915
98   22     0.03401
98  -22    -0.35432
98   23     0.39165
98  -23    -0.38964
98   24     0.53134
98  -24    -0.20397
98   25    -0.62940
98  -25     0.01680
98   26    -0.58929
98  -26     0.60329
98   27     0.15190
98  -27     0.11806
98   28     0.83393
98  -28     0.12619
98   29     0.68292
98  -29    -0.40375
98   30    -0.52989
98  -30    -0.68153
98   31    -0.22071
98  -31    -0.48785
98   32    -0.08746
98  -32     0.63250
98   33    -0.38340
98  -33     0.61688
98   34    -0.20387
98  -34    -0.06571
98   35     0.69532
98  -35    -0.71882
98   36     0.32001
98  -36    -0.24941
98   37    -0.07317
98  -37    -0.34326
98   38    -0.36631
98  -38     0.27540
98   39     0.26982
98  -39     0.08298
98   40     0.26882
98  -40    -0.41917
98   41     0.12211
98  -41    -0.30295
98   42    -0.43414
98  -42     0.53603
98   43    -0.20008
98  -43     0.67635
98   44    -0.05885
98  -44     0.50046
98   45    -0.09595
98  -45     0.36864
98   46    -0.34767
98  -46     0.23900
98   47    -0.08483
98  -47     0.37794
98   48    -0.56957
98  -48     0.23574
98   49    -0.38532
98  -49     0.20111
98   50     0.11084
98  -50     0.55278
98   51     0.32068
98  -51     0.37986
98   52    -0.20632
98  -52     0.31275
98   53    -0.46677
98  -53     0.47445
98   54    -0.58589
98  -54     0.41362
98   55    -0.53434
98  -55     0.47882
98   56    -0.67379
98  -56     0.47499
98   57    -0.01719
98  -57     0.40615
98   58    -0.11185
98  -58     0.55448
98   59    -0.21726
98  -59     0.26522
98   60    -0.40682
98  -60     0.16417
98   61    -0.27910
98  -61     0.23021
98   62    -0.34197
98  -62    -0.31425
98   63    -0.25549
98  -63     0.54357
98   64     0.24224
98  -64     0.29258
98   65     0.49607
98  -65     0.05538
98   66     0.62121
98  -66    -0.25265
98   67     0.06913
98  -67    -0.41150
98   68     0.22505
98  -68    -0.02845
98   69     0.12045
98  -69     0.45299
98   70    -0.27813
98  -70     0.84002
98   71    -0.38089
98  -71     0.00189
98   72     0.39748
98  -72     0.37128
98   73    -0.03888
98  -73     0.50833
98   74     0.04742
98  -74     0.30342
98   75    -0.00270
98  -75     0.07427
98   76     0.11979
98  -76    -0.29511
98   77    -0.15773
98  -77    -0.13258
98   78    -0.23063
98  -78     0.07221
98   79    -0.12037
98  -79     0.30045
98   80    -0.32015
98  -80    -0.03996
98   81     0.02315
98  -81    -0.24281
98   82     0.00183
98  -82    -0.31080
98   83    -0.19352
98  -83    -0.06341
98   84    -0.18781
98  -84    -0.03422
98   85    -0.07426
98  -85     0.16010
98   86    -0.21290
98  -86     0.14535
98   87    -0.35308
98  -87     0.00012
98   88    -0.20261
98  -88    -0.47345
98   89    -0.20738
98  -89    -0.06105
98   90    -0.15817
98  -90     0.08951
98   91    -0.37457
98  -91     0.13351
98   92     0.18455
98  -92     0.31067
98   93    -0.27523
98  -93    -0.21830
98   94    -0.70213
98  -94     0.18491
98   95    -0.09987
98  -95     0.06095
98   96    -0.24762
98  -96     0.08859
98   97    -0.20947
98  -97     0.23546
98   98    -0.04643
98  -98     0.22899
99    0     0.26912
99    1    -0.54789
99   -1    -0.18360
99    2    -0.29530
99   -2    -0.19457
99    3     0.09174
99   -3    -0.48851
99    4     0.64063
99   -4     0.31044
99    5    -0.06223
99   -5     0.12111
99    6    -0.34320
99   -6    -0.06719
99    7     0.00102
99   -7    -0.50533
99    8     0.49785
99   -8    -0.02527
99    9    -0.26650
99   -9     0.29799
99   10     0.24394
99  -10    -0.04852
99   11    -0.07179
99  -11     0.28571
99   12    -0.35644
99  -12     0.32345
99   13    -0.18201
99  -13    -0.33141
99   14    -0.07976
99  -14    -0.34545
99   15    -0.86661
99  -15     0.09483
99   16     0.23211
99  -16     0.54819
99   17     1.13286
99  -17     0.32201
99   18     0.58915
99  -18    -0.45700
99   19    -0.75948
99  -19    -1.03736
99   20    -1.41820
99  -20    -0.16728
99   21    -0.03275
99  -21     0.17869
99   22    -0.14225
99  -22     0.21563
99   23    -0.41178
99  -23     0.40964
99   24    -0.10388
99  -24     0.46578
99   25     0.48751
99  -25     0.06784
99   26     0.87327
99  -26    -0.65215
99   27    -0.04048
99  -27    -0.31440
99   28    -0.56495
99  -28     0.14116
99   29    -0.53953
99  -29     0.55401
99   30     0.24110
99  -30     1.06450
99   31     0.47392
99  -31     0.93145
99   32     0.38661
99  -32    -0.37657
99   33     0.29195
99  -33    -0.73678
99   34     0.09137
99  -34    -0.30225
99   35    -0.50282
99  -35     0.67105
99   36    -0.45374
99  -36     0.43893
99   37    -0.23525
99  -37     0.03043
99   38     0.38163
99  -38    -0.03292
99   39     0.20358
99  -39    -0.40697
99   40     0.10095
99  -40     0.11570
99   41    -0.04809
99  -41    -0.06123
99   42     0.07345
99  -42    -0.62035
99   43    -0.04828
99  -43    -0.38299
99   44    -0.19790
99  -44    -0.54195
99   45     0.00008
99  -45    -0.52424
99   46     0.21571
99  -46    -0.09884
99   47     0.18864
99  -47    -0.42556
99   48     0.47879
99  -48    -0.10665
99   49     0.23584
99  -49    -0.26781
99   50    -0.13965
99  -50     0.01276
99   51    -0.04491
99  -51    -0.39884
99   52     0.65297
99  -52    -0.18014
99   53     0.39400
99  -53    -0.29383
99   54     0.03100
99  -54    -0.27677
99   55     0.64903
99  -55    -0.24788
99   56     0.91652
99  -56    -0.21215
99   57    -0.07814
99  -57    -0.53493
99   58    -0.04980
99  -58     0.08967
99   59    -0.04505
99  -59    -0.26831
99   60     0.52621
99  -60     0.08254
99   61     0.46028
99  -61    -0.32139
99   62     0.27663
99  -62    -0.21474
99   63     0.53869
99  -63    -0.14210
99   64     0.19756
99  -64    -0.01454
99   65    -0.35051
99  -65     0.30870
99   66    -0.33662
99  -66     0.43084
99   67    -0.32329
99  -67     0.48155
99   68     0.17523
99  -68     0.13011
99   69    -0.23441
99  -69    -0.31882
99   70    -0.09746
99  -70    -0.13729
99   71    -0.18701
99  -71     0.05791
99   72    -0.02343
99  -72    -0.22928
99   73    -0.34048
99  -73     0.15450
99   74    -0.06058
99  -74     0.26585
99   75     0.03810
99  -75     0.04337
99   76     0.09535
99  -76    -0.13221
99   77     0.44976
99  -77    -0.08495
99   78    -0.28272
99  -78     0.17933
99   79     0.24949
99  -79    -0.15441
99   80     0.12093
99  -80    -0.21014
99   81     0.08884
99  -81    -0.21560
99   82     0.18176
99  -82    -0.22873
99   83     0.50316
99  -83    -0.10094
99   84     0.00472
99  -84    -0.32374
99   85    -0.23032
99  -85    -0.35577
99   86    -0.38458
99  -86    -0.45381
99   87    -0.19996
99  -87    -0.04146
99   88     0.33228
99  -88     0.29085
99   89    -0.07603
99  -89     0.00170
99   90    -0.08382
99  -90    -0.10084
99   91     0.27233
99  -91    -0.21606
99   92     0.01134
99  -92    -0.30077
99   93     0.22172
99  -93    -0.06175
99   94     0.62728
99  -94     0.04024
99   95    -0.24359
99  -95     0.21861
99   96    -0.01485
99  -96     0.10367
99   97     0.10324
99  -97     0.11424
99   98    -0.13950
99  -98    -0.22356
99   99    -0.36294
99  -99     0.17639
100    0     0.00974
100    1    -0.48447
100   -1    -0.04418
100    2     0.48022
100   -2     0.86649
100    3     0.04650
100   -3     0.20677
100    4    -0.16293
100   -4    -0.06972
100    5    -0.41164
100   -5    -0.19096
100    6     0.38211
100   -6    -0.30659
100    7    -0.02115
100   -7     0.53302
100    8    -0.59751
100   -8     0.32214
100    9     0.38233
100   -9    -0.04489
100   10    -0.11655
100  -10     0.14908
100   11    -0.22342
100  -11    -0.24338
100   12     0.11821
100  -12    -0.53219
100   13    -0.11231
100  -13    -0.11051
100   14    -0.22027
100  -14     0.09431
100   15     0.46534
100  -15     0.32376
100   16    -0.02034
100  -16    -0.07331
100   17    -0.94412
100  -17    -0.62627
100   18    -0.76334
100  -18    -0.06755
100   19     0.46714
100  -19     0.96446
100   20     0.91256
100  -20     0.57400
100   21     0.31134
100  -21    -0.05284
100   22     0.36969
100  -22    -0.04748
100   23     0.02540
100  -23     0.11887
100   24     0.12671
100  -24    -0.44968
100   25    -0.20140
100  -25    -0.02870
100   26    -0.50808
100  -26     0.29007
100   27    -0.01515
100  -27     0.67895
100   28     0.32063
100  -28     0.10041
100   29     0.40546
100  -29    -0.66565
100   30    -0.27240
100  -30    -1.10217
100   31    -0.37242
100  -31    -0.66870
100   32    -0.12338
100  -32     0.09357
100   33    -0.10976
100  -33     0.44374
100   34    -0.36260
100  -34     0.37330
100   35    -0.11671
100  -35    -0.39023
100   36     0.41634
100  -36    -0.41164
100   37     0.46064
100  -37     0.09056
100   38    -0.29094
100  -38     0.05213
100   39    -0.16373
100  -39     0.11625
100   40     0.16936
100  -40    -0.11897
100   41     0.08805
100  -41    -0.16413
100   42     0.40879
100  -42     0.41154
100   43     0.19134
100  -43     0.66446
100   44     0.10343
100  -44     0.69879
100   45     0.10821
100  -45     0.62903
100   46    -0.04544
100  -46     0.12110
100   47    -0.52311
100  -47     0.47745
100   48     0.28283
100  -48     0.42501
100   49    -0.40074
100  -49     0.39779
100   50    -0.53470
100  -50    -0.50031
100   51    -0.54731
100  -51     0.00974
100   52    -0.47308
100  -52     0.20448
100   53    -0.26817
100  -53     0.22597
100   54    -0.38805
100  -54     0.12589
100   55    -0.43919
100  -55     0.38364
100   56    -0.55435
100  -56     0.42743
100   57    -0.53402
100  -57     0.21055
100   58    -0.18735
100  -58     0.29849
100   59    -0.25850
100  -59     0.35683
100   60    -0.31219
100  -60     0.32973
100   61    -0.68248
100  -61     0.31204
100   62    -0.13706
100  -62     0.34257
100   63    -0.12649
100  -63     0.08997
100   64    -0.17575
100  -64     0.21161
100   65    -0.24209
100  -65     0.15840
100   66     0.01509
100  -66     0.15780
100   67    -0.15932
100  -67     0.16037
100   68    -0.07494
100  -68     0.01215
100   69     0.29485
100  -69    -0.11210
100   70     0.71563
100  -70     0.06912
100   71    -0.05591
100  -71    -0.06761
100   72    -0.55910
100  -72    -0.03578
100   73    -0.25487
100  -73    -0.14439
100   74    -0.00238
100  -74    -0.04810
100   75     0.01005
100  -75    -0.07966
100   76    -0.20204
100  -76     0.24100
100   77     0.13785
100  -77    -0.20658
100   78     0.13531
100  -78    -0.19125
100   79    -0.24271
100  -79    -0.00662
100   80    -0.33200
100  -80     0.24898
100   81     0.07426
100  -81    -0.16893
100   82    -0.03836
100  -82    -0.00271
100   83    -0.48934
100  -83    -0.44584
100   84    -0.11887
100  -84     0.00346
100   85     0.12071
100  -85     0.29025
100   86    -0.18966
100  -86     0.31308
100   87    -0.53375
100  -87    -0.26218
100   88    -0.48545
100  -88    -0.39376
100   89    -0.47917
100  -89    -0.39914
100   90     0.12449
100  -90    -0.00066
100   91    -0.04219
100  -91     0.11001
100   92    -0.36812
100  -92    -0.02889
100   93     0.20028
100  -93     0.22560
100   94    -0.08968
100  -94     0.00324
100   95     0.20773
100  -95    -0.09812
100   96     0.20086
100  -96    -0.00159
100   97    -0.05525
100  -97    -0.07294
100   98    -0.08762
100  -98     0.04620
100   99     0.51304
100  -99     0.56175
100  100    -0.22782
100 -100    -0.16439
101    0    -0.12154
101    1     0.08926
101   -1    -0.08785
101    2     0.37219
101   -2     0.00317
101    3    -0.62317
101   -3     0.24581
101    4    -0.04237
101   -4     0.12436
101    5     0.73840
101   -5     0.15508
101    6    -0.32497
101   -6     0.14027
101    7     0.00551
101   -7    -0.18439
101    8     0.10191
101   -8    -0.10735
101    9    -0.74628
101   -9    -0.19765
101   10    -0.16074
101  -10    -0.28609
101   11     0.68591
101  -11     0.26351
101   12     0.46473
101  -12     0.51928
101   13    -0.15004
101  -13     0.44935
101   14    -0.25116
101  -14    -0.40328
101   15    -0.07116
101  -15    -0.75042
101   16    -0.11758
101  -16     0.19676
101   17     0.60974
101  -17     0.83565
101   18     0.93436
101  -18     0.35635
101   19    -0.14605
101  -19    -0.89766
101   20    -0.63909
101  -20    -0.65257
101   21    -0.47588
101  -21     0.14100
101   22    -0.06540
101  -22     0.04992
101   23    -0.14368
101  -23    -0.38989
101   24    -0.48544
101  -24     0.12874
101   25    -0.04863
101  -25     0.54912
101   26     0.48353
101  -26     0.19332
101   27     0.50231
101  -27    -0.89033
101   28    -0.23307
101  -28    -0.40346
101   29    -0.47102
101  -29     0.32517
101   30    -0.15785
101  -30     0.86820
101   31     0.18584
101  -31     0.74669
101   32     0.01978
101  -32     0.35100
101   33     0.21872
101  -33    -0.06987
101   34     0.49123
101  -34    -0.06891
101   35     0.51585
101  -35     0.00548
101   36     0.02377
101  -36     0.44037
101   37    -0.18653
101  -37    -0.05185
101   38    -0.07056
101  -38    -0.19407
101   39     0.27555
101  -39    -0.11313
101   40    -0.15372
101  -40     0.12416
101   41    -0.02912
101  -41     0.50254
101   42     0.03893
101  -42    -0.04796
101   43     0.19661
101  -43    -0.75382
101   44    -0.08146
101  -44    -0.70000
101   45    -0.08427
101  -45    -0.55983
101   46    -0.15023
101  -46    -0.53033
101   47     0.14900
101  -47    -0.08329
101   48    -0.07373
101  -48    -0.62776
101   49     0.22190
101  -49    -0.56555
101   50     0.23953
101  -50    -0.24833
101   51     0.46011
101  -51     0.32804
101   52     0.50503
101  -52     0.16374
101   53     0.49402
101  -53    -0.14316
101   54     0.45021
101  -54    -0.03473
101   55     0.09345
101  -55    -0.25673
101   56     0.28749
101  -56    -0.33861
101   57     0.86538
101  -57    -0.06948
101   58     0.15979
101  -58    -0.34375
101   59    -0.08969
101  -59    -0.09993
101   60     0.08852
101  -60    -0.08758
101   61     0.21546
101  -61     0.10678
101   62     0.12035
101  -62    -0.22409
101   63    -0.19107
101  -63     0.05890
101   64    -0.08212
101  -64    -0.15231
101   65     0.03293
101  -65    -0.21396
101   66    -0.01061
101  -66    -0.19871
101   67    -0.48953
101  -67    -0.14068
101   68    -0.21919
101  -68     0.25507
101   69    -0.28329
101  -69     0.40236
101   70    -0.15997
101  -70     0.49662
101   71    -0.26193
101  -71     0.05528
101   72     0.43309
101  -72     0.32514
101   73     0.06758
101  -73     0.05963
101   74    -0.21793
101  -74     0.36641
101   75    -0.57134
101  -75    -0.00366
101   76     0.00288
101  -76    -0.01696
101   77     0.11901
101  -77    -0.16761
101   78     0.16827
101  -78    -0.05305
101   79    -0.00338
101  -79     0.04568
101   80     0.23843
101  -80    -0.01424
101   81     0.38626
101  -81    -0.22650
101   82    -0.03481
101  -82    -0.58934
101   83     0.43486
101  -83     0.05735
101   84     0.30194
101  -84    -0.05860
101   85    -0.16703
101  -85    -0.29439
101   86    -0.55838
101  -86    -0.17481
101   87    -0.24993
101  -87     0.13542
101   88    -0.17161
101  -88    -0.13009
101   89     0.45458
101  -89     0.15327
101   90    -0.12126
101  -90     0.40277
101   91    -0.36911
101  -91     0.04081
101   92     0.39978
101  -92    -0.25971
101   93    -0.09391
101  -93    -0.52785
101   94    -0.03301
101  -94     0.16276
101   95    -0.26222
101  -95     0.23291
101   96     0.22696
101  -96     0.22451
101   97     0.16556
101  -97     0.10708
101   98     0.04669
101  -98    -0.16816
101   99     0.03978
101  -99    -0.45088
101  100     0.27828
101 -100    -0.09057
101  101     0.37648
101 -101    -0.34436
102    0     0.53782
102    1    -0.60565
102   -1    -0.23287
102    2    -0.52245
102   -2     0.01494
102    3     0.12329
102   -3     0.01757
102    4    -0.27191
102   -4    -0.12887
102    5    -0.45026
102   -5    -0.25031
102    6     0.08976
102   -6     0.19821
102    7    -0.00852
102   -7     0.05721
102    8    -0.04311
102   -8     0.17745
102    9     0.54341
102   -9     0.09672
102   10     0.58660
102  -10     0.43987
102   11    -0.68742
102  -11    -0.18353
102   12    -0.42572
102  -12    -0.23131
102   13     0.38117
102  -13    -0.24160
102   14     0.52209
102  -14     0.43275
102   15     0.15096
102  -15     0.28868
102   16     0.03716
102  -16     0.15022
102   17    -0.38523
102  -17    -0.53810
102   18    -0.76720
102  -18    -0.30987
102   19    -0.32426
102  -19     0.64761
102   20     0.41924
102  -20     0.35948
102   21     0.22679
102  -21    -0.05560
102   22    -0.06724
102  -22    -0.12169
102   23     0.34123
102  -23     0.32779
102   24     0.28834
102  -24     0.04315
102   25     0.09822
102  -25    -0.53318
102   26    -0.28203
102  -26    -0.47844
102   27    -0.42119
102  -27     0.78275
102   28     0.13174
102  -28     0.79464
102   29     0.78592
102  -29     0.16296
102   30     0.45910
102  -30    -0.79511
102   31    -0.21010
102  -31    -0.93110
102   32    -0.20539
102  -32    -0.39599
102   33     0.00768
102  -33     0.12913
102   34    -0.24299
102  -34     0.20186
102   35    -0.38767
102  -35    -0.00942
102   36    -0.12291
102  -36    -0.40570
102   37    -0.05905
102  -37    -0.03603
102   38     0.25251
102  -38     0.38702
102   39    -0.05865
102  -39     0.33042
102   40     0.15526
102  -40     0.12486
102   41    -0.06993
102  -41    -0.35007
102   42    -0.52698
102  -42    -0.03675
102   43    -0.08762
102  -43     0.33459
102   44     0.29854
102  -44     0.79479
102   45     0.01896
102  -45     0.76791
102   46     0.26735
102  -46     0.40635
102   47     0.08735
102  -47     0.19876
102   48    -0.38492
102  -48     0.52082
102   49     0.12164
102  -49     0.53403
102   50    -0.14455
102  -50     0.37722
102   51    -0.26041
102  -51    -0.27896
102   52    -0.36036
102  -52    -0.23560
102   53    -0.58578
102  -53     0.07591
102   54    -0.53127
102  -54     0.05676
102   55    -0.33381
102  -55    -0.14207
102   56    -0.67435
102  -56     0.26728
102   57    -0.69818
102  -57    -0.17693
102   58    -0.12741
102  -58    -0.05360
102   59    -0.00689
102  -59    -0.15232
102   60    -0.00463
102  -60     0.45037
102   61    -0.14806
102  -61     0.01728
102   62    -0.41742
102  -62    -0.02315
102   63    -0.17569
102  -63    -0.24501
102   64     0.42762
102  -64    -0.02104
102   65     0.14931
102  -65     0.31790
102   66     0.28012
102  -66     0.08393
102   67     0.14427
102  -67     0.02783
102   68     0.11998
102  -68    -0.05234
102   69    -0.36160
102  -69    -0.00572
102   70     0.18867
102  -70     0.34504
102   71     0.27487
102  -71     0.30106
102   72    -0.16050
102  -72    -0.34335
102   73    -0.47814
102  -73    -0.42019
102   74    -0.06432
102  -74    -0.53426
102   75    -0.00451
102  -75    -0.21244
102   76    -0.18158
102  -76    -0.10122
102   77    -0.29432
102  -77    -0.09482
102   78    -0.16575
102  -78    -0.02083
102   79     0.02759
102  -79    -0.04655
102   80     0.05238
102  -80     0.07959
102   81    -0.10917
102  -81     0.12948
102   82     0.09643
102  -82    -0.09618
102   83     0.16438
102  -83    -0.44932
102   84    -0.14033
102  -84    -0.08230
102   85    -0.28141
102  -85    -0.28626
102   86    -0.23708
102  -86     0.26514
102   87    -0.00532
102  -87    -0.16665
102   88    -0.07201
102  -88    -0.10700
102   89    -0.28383
102  -89    -0.21943
102   90     0.17510
102  -90    -0.08468
102   91     0.24141
102  -91    -0.06410
102   92    -0.12922
102  -92     0.03118
102   93     0.23078
102  -93     0.08140
102   94     0.00024
102  -94     0.04224
102   95     0.19295
102  -95     0.19903
102   96    -0.46017
102  -96     0.06206
102   97     0.19828
102  -97     0.05619
102   98     0.27759
102  -98    -0.16659
102   99    -0.05165
102  -99    -0.12210
102  100     0.06135
102 -100     0.10438
102  101     0.26631
102 -101     0.07672
102  102     0.03175
102 -102    -0.21302
103    0    -0.40122
103    1    -0.54220
103   -1     0.09201
103    2     0.92472
103   -2     0.30007
103    3    -0.13040
103   -3    -0.54634
103    4    -0.31437
103   -4     0.32230
103    5     0.13266
103   -5     0.44356
103    6     0.30772
103   -6    -0.12569
103    7    -0.05083
103   -7    -0.26216
103    8     0.61482
103   -8     0.17797
103    9    -0.08973
103   -9     0.18883
103   10    -0.88377
103  -10    -0.52890
103   11     0.05074
103  -11    -0.31725
103   12     0.34819
103  -12     0.36682
103   13    -0.27340
103  -13     0.56532
103   14    -0.68716
103  -14    -0.02080
103   15    -0.41514
103  -15    -0.10887
103   16    -0.03367
103  -16    -0.16963
103   17     0.08524
103  -17     0.29515
103   18     0.73914
103  -18     0.54737
103   19     0.43083
103  -19    -0.41158
103   20    -0.05519
103  -20    -0.84934
103   21    -0.35228
103  -21    -0.10525
103   22    -0.28756
103  -22     0.27549
103   23    -0.03968
103  -23    -0.08293
103   24    -0.00360
103  -24    -0.31301
103   25    -0.01559
103  -25    -0.02438
103   26     0.20203
103  -26     0.48540
103   27     0.17974
103  -27    -0.38166
103   28     0.05843
103  -28    -0.73154
103   29    -0.32141
103  -29    -0.22399
103   30    -0.42096
103  -30     0.76893
103   31    -0.01934
103  -31     0.78471
103   32     0.22357
103  -32     0.26576
103   33    -0.22394
103  -33     0.07837
103   34    -0.34646
103  -34     0.05611
103   35    -0.13652
103  -35     0.20469
103   36     0.06169
103  -36     0.42526
103   37     0.00663
103  -37     0.25746
103   38    -0.08932
103  -38    -0.22984
103   39     0.16908
103  -39    -0.42446
103   40     0.03524
103  -40    -0.25450
103   41    -0.06518
103  -41     0.21147
103   42     0.28354
103  -42     0.35877
103   43    -0.02932
103  -43     0.10878
103   44    -0.15961
103  -44    -0.36592
103   45    -0.04484
103  -45    -0.78218
103   46     0.19247
103  -46    -0.35044
103   47     0.00558
103  -47    -0.19832
103   48     0.37537
103  -48    -0.30324
103   49     0.05125
103  -49    -0.18910
103   50    -0.03703
103  -50    -0.61526
103   51    -0.03065
103  -51    -0.21644
103   52     0.31590
103  -52     0.16258
103   53     0.54136
103  -53     0.08495
103   54     0.76029
103  -54    -0.17186
103   55     0.39669
103  -55     0.09930
103   56     0.48095
103  -56    -0.30194
103   57     0.40949
103  -57     0.11145
103   58     0.41069
103  -58     0.27221
103   59     0.19164
103  -59    -0.05676
103   60     0.18779
103  -60     0.07164
103   61     0.42461
103  -61     0.13279
103   62     0.13784
103  -62     0.48176
103   63     0.01453
103  -63     0.13853
103   64    -0.77681
103  -64    -0.09068
103   65    -0.52737
103  -65    -0.29642
103   66    -0.09974
103  -66    -0.35018
103   67    -0.15992
103  -67     0.08461
103   68    -0.31954
103  -68     0.08637
103   69    -0.52723
103  -69    -0.18211
103   70     0.06791
103  -70     0.00498
103   71    -0.23729
103  -71    -0.14801
103   72    -0.08033
103  -72     0.18143
103   73     0.17172
103  -73     0.15154
103   74     0.11483
103  -74     0.23122
103   75    -0.13939
103  -75    -0.07445
103   76    -0.12857
103  -76    -0.24636
103   77     0.07013
103  -77    -0.33146
103   78    -0.02575
103  -78    -0.04131
103   79     0.23264
103  -79    -0.07525
103   80    -0.20997
103  -80    -0.27257
103   81     0.09910
103  -81    -0.03992
103   82     0.28109
103  -82     0.08274
103   83     0.14553
103  -83     0.14294
103   84     0.32203
103  -84    -0.13532
103   85     0.34440
103  -85    -0.02139
103   86     0.05791
103  -86    -0.16190
103   87    -0.33078
103  -87    -0.22619
103   88    -0.51683
103  -88    -0.10870
103   89    -0.16702
103  -89     0.14866
103   90     0.24802
103  -90     0.36933
103   91    -0.05290
103  -91     0.39722
103   92    -0.45694
103  -92     0.52691
103   93    -0.11356
103  -93    -0.27707
103   94     0.27884
103  -94    -0.02480
103   95    -0.06856
103  -95     0.00447
103   96     0.07520
103  -96     0.22827
103   97     0.06597
103  -97    -0.08898
103   98    -0.17109
103  -98    -0.04078
103   99     0.03453
103  -99    -0.13145
103  100     0.05974
103 -100    -0.25863
103  101    -0.32093
103 -101     0.00251
103  102     0.31760
103 -102     0.05233
103  103    -0.01732
103 -103     0.09770
104    0     0.87352
104    1     0.12555
104   -1     0.01725
104    2    -0.76952
104   -2    -0.04976
104    3    -0.23153
104   -3     0.21986
104    4     0.74392
104   -4     0.11156
104    5     0.00769
104   -5    -0.27641
104    6    -0.54966
104   -6    -0.18856
104    7    -0.01727
104   -7     0.40342
104    8    -0.61981
104   -8     0.16190
104    9    -0.03751
104   -9    -0.10945
104   10     0.87750
104  -10     0.34053
104   11     0.04637
104  -11     0.55996
104   12    -0.66258
104  -12    -0.24504
104   13    -0.31598
104  -13    -0.59878
104   14     0.88509
104  -14    -0.11206
104   15     0.56328
104  -15     0.23369
104   16    -0.05008
104  -16     0.08822
104   17    -0.24059
104  -17    -0.43446
104   18    -0.24984
104  -18    -0.74071
104   19    -0.28852
104  -19     0.37164
104   20    -0.00423
104  -20     0.82410
104   21     0.47287
104  -21    -0.06719
104   22     0.18422
104  -22    -0.32030
104   23    -0.04389
104  -23     0.13564
104   24     0.15592
104  -24     0.46462
104   25    -0.05000
104  -25     0.07824
104   26     0.14629
104  -26    -0.40238
104   27    -0.15505
104  -27     0.20543
104   28    -0.33019
104  -28     0.67865
104   29     0.20727
104  -29     0.38471
104   30     0.18803
104  -30    -0.42849
104   31     0.34382
104  -31    -0.76517
104   32    -0.35088
104  -32    -0.32247
104   33     0.09800
104  -33     0.05003
104   34     0.55436
104  -34     0.02850
104   35     0.40684
104  -35    -0.14492
104   36     0.07591
104  -36    -0.39478
104   37    -0.03314
104  -37    -0.44137
104   38    -0.43933
104  -38     0.06221
104   39    -0.17893
104  -39     0.34965
104   40    -0.21788
104  -40     0.50801
104   41     0.41032
104  -41     0.07886
104   42    -0.08910
104  -42    -0.27751
104   43    -0.49347
104  -43    -0.33308
104   44    -0.14587
104  -44    -0.00258
104   45     0.15592
104  -45     0.71125
104   46     0.02409
104  -46     0.57803
104   47    -0.09430
104  -47     0.51721
104   48    -0.14256
104  -48    -0.00081
104   49    -0.10129
104  -49     0.49729
104   50    -0.02630
104  -50     0.31658
104   51    -0.04264
104  -51    -0.00059
104   52    -0.15785
104  -52    -0.10127
104   53    -0.29158
104  -53    -0.10660
104   54    -0.50356
104  -54     0.26364
104   55    -0.01990
104  -55     0.21740
104   56    -0.13174
104  -56     0.15385
104   57    -0.26645
104  -57     0.12337
104   58    -0.50824
104  -58    -0.17658
104   59    -0.17139
104  -59    -0.19905
104   60     0.10792
104  -60    -0.14431
104   61    -0.33773
104  -61     0.01970
104   62     0.28168
104  -62    -0.09874
104   63    -0.04495
104  -63    -0.12843
104   64     0.29976
104  -64    -0.26998
104   65     0.26852
104  -65    -0.03656
104   66     0.03353
104  -66     0.13939
104   67     0.20355
104  -67    -0.23780
104   68     0.66479
104  -68    -0.23497
104   69     0.65691
104  -69     0.24554
104   70     0.06851
104  -70     0.16650
104   71    -0.17126
104  -71     0.42087
104   72     0.04643
104  -72     0.22417
104   73    -0.25135
104  -73    -0.54464
104   74     0.12468
104  -74    -0.19278
104   75     0.09112
104  -75    -0.37863
104   76     0.06742
104  -76     0.19974
104   77    -0.01186
104  -77    -0.35572
104   78     0.05810
104  -78    -0.10715
104   79    -0.21648
104  -79    -0.36277
104   80    -0.23539
104  -80     0.16894
104   81    -0.15967
104  -81     0.29383
104   82    -0.10138
104  -82     0.09177
104   83     0.16253
104  -83    -0.09624
104   84     0.19664
104  -84    -0.25395
104   85    -0.23102
104  -85     0.22341
104   86    -0.22037
104  -86    -0.06257
104   87    -0.17403
104  -87    -0.40592
104   88     0.20378
104  -88    -0.15205
104   89     0.00911
104  -89    -0.16857
104   90     0.14620
104  -90    -0.16136
104   91     0.07988
104  -91    -0.08269
104   92     0.22426
104  -92    -0.09394
104   93     0.34320
104  -93     0.00903
104   94     0.12747
104  -94    -0.19905
104   95     0.09650
104  -95    -0.03432
104   96    -0.31887
104  -96     0.36153
104   97    -0.05122
104  -97     0.25716
104   98     0.12320
104  -98     0.37392
104   99    -0.09510
104  -99     0.36225
104  100     0.06106
104 -100    -0.17452
104  101     0.29882
104 -101    -0.26496
104  102     0.11692
104 -102     0.07358
104  103    -0.11867
104 -103     0.04538
104  104    -0.15012
104 -104    -0.18550
105    0    -0.53135
105    1    -1.18583
105   -1    -0.36815
105    2     0.56649
105   -2     0.52154
105    3     0.38771
105   -3     0.10711
105    4    -0.73418
105   -4    -0.45614
105    5    -0.13959
105   -5     0.32266
105    6     0.41019
105   -6     0.46904
105    7    -0.10302
105   -7    -0.39387
105    8     0.30413
105   -8    -0.15567
105    9     0.26403
105   -9     0.21341
105   10    -0.41690
105  -10     0.14438
105   11    -0.26736
105  -11    -0.64774
105   12     0.60291
105  -12    -0.15366
105   13     0.29897
105  -13     0.48093
105   14    -0.71569
105  -14     0.10621
105   15    -0.57560
105  -15    -0.48857
105   16     0.17795
105  -16     0.13155
105   17     0.55286
105  -17     0.48737
105   18     0.14305
105  -18     0.85493
105   19     0.16681
105  -19     0.12396
105   20     0.17491
105  -20    -0.64821
105   21    -0.04965
105  -21     0.01417
105   22    -0.20229
105  -22     0.36457
105   23    -0.09999
105  -23    -0.18146
105   24    -0.24184
105  -24    -0.53906
105   25    -0.22494
105  -25     0.01329
105   26     0.01112
105  -26     0.33972
105   27     0.42624
105  -27     0.22088
105   28     0.35350
105  -28    -0.88124
105   29    -0.08180
105  -29    -0.73612
105   30    -0.37565
105  -30     0.13065
105   31    -0.28102
105  -31     0.60238
105   32     0.34904
105  -32     0.37691
105   33    -0.07770
105  -33    -0.14520
105   34    -0.33748
105  -34    -0.09505
105   35    -0.37454
105  -35     0.03100
105   36    -0.09675
105  -36     0.20407
105   37    -0.05396
105  -37     0.29622
105   38     0.01273
105  -38     0.00449
105   39    -0.14087
105  -39    -0.49192
105   40     0.06071
105  -40    -0.45630
105   41    -0.43354
105  -41    -0.45628
105   42     0.00874
105  -42     0.11150
105   43     0.42331
105  -43     0.34867
105   44     0.29909
105  -44     0.24072
105   45    -0.12722
105  -45    -0.24897
105   46    -0.42093
105  -46    -0.54337
105   47     0.02745
105  -47    -0.17513
105   48    -0.01750
105  -48     0.11759
105   49     0.04511
105  -49    -0.24142
105   50     0.13620
105  -50    -0.17204
105   51     0.25195
105  -51    -0.09324
105   52     0.18660
105  -52    -0.06612
105   53     0.13482
105  -53     0.41538
105   54     0.36717
105  -54     0.08128
105   55     0.40139
105  -55    -0.33296
105   56    -0.04022
105  -56     0.02676
105   57     0.02123
105  -57    -0.25839
105   58     0.43897
105  -58     0.07082
105   59     0.43547
105  -59     0.13993
105   60    -0.05714
105  -60     0.18217
105   61     0.03089
105  -61     0.14244
105   62    -0.02825
105  -62     0.44013
105   63     0.05539
105  -63     0.35141
105   64    -0.08599
105  -64     0.37373
105   65    -0.16155
105  -65     0.00553
105   66    -0.15982
105  -66    -0.11774
105   67    -0.12740
105  -67    -0.29771
105   68    -0.29543
105  -68    -0.07227
105   69    -0.56094
105  -69    -0.30495
105   70     0.07871
105  -70    -0.10664
105   71     0.27674
105  -71    -0.01908
105   72     0.34473
105  -72     0.20002
105   73    -0.17768
105  -73     0.31151
105   74    -0.13009
105  -74     0.10918
105   75    -0.16872
105  -75     0.13855
105   76     0.21246
105  -76    -0.00330
105   77     0.15980
105  -77    -0.10455
105   78     0.19791
105  -78    -0.43326
105   79     0.20974
105  -79    -0.03092
105   80     0.05350
105  -80    -0.04166
105   81     0.16730
105  -81    -0.19418
105   82     0.05084
105  -82     0.09067
105   83     0.02037
105  -83     0.18336
105   84    -0.13219
105  -84     0.33128
105   85     0.12438
105  -85    -0.04576
105   86     0.10278
105  -86    -0.04225
105   87     0.11084
105  -87     0.16074
105   88    -0.38212
105  -88    -0.12383
105   89     0.28534
105  -89    -0.03534
105   90    -0.16875
105  -90     0.04459
105   91     0.00681
105  -91     0.44302
105   92    -0.03524
105  -92     0.52426
105   93    -0.43084
105  -93     0.21602
105   94    -0.20321
105  -94     0.08287
105   95     0.25572
105  -95     0.01977
105   96     0.26196
105  -96     0.09144
105   97     0.16394
105  -97    -0.14902
105   98     0.16270
105  -98    -0.31288
105   99     0.16059
105  -99    -0.18547
105  100    -0.03947
105 -100     0.45042
105  101    -0.05614
105 -101     0.41604
105  102     0.23157
105 -102     0.28410
105  103     0.01487
105 -103     0.21975
105  104    -0.54844
105 -104     0.22178
105  105    -0.10867
105 -105     0.38108
106    0     0.46995
106    1     0.73389
106   -1     0.28407
106    2    -0.21646
106   -2    -0.05539
106    3    -0.84517
106   -3    -0.57378
106    4     0.18723
106   -4     0.36342
106    5     0.53218
106   -5    -0.19326
106    6    -0.00024
106   -6    -0.14192
106    7    -0.22619
106   -7     0.17606
106    8    -0.04004
106   -8     0.39968
106    9    -0.37275
106   -9    -0.17839
106   10     0.26112
106  -10    -0.39522
106   11     0.54253
106  -11     0.60168
106   12    -0.37995
106  -12     0.49803
106   13    -0.66680
106  -13    -0.41396
106   14     0.21477
106  -14    -0.17234
106   15     0.59829
106  -15     0.60631
106   16     0.23220
106  -16     0.27716
106   17    -0.48897
106  -17    -0.14687
106   18    -0.21982
106  -18    -0.82829
106   19    -0.07950
106  -19    -0.50932
106   20    -0.24039
106  -20     0.51536
106   21    -0.21698
106  -21     0.39539
106   22     0.36555
106  -22    -0.43101
106   23     0.15391
106  -23    -0.07719
106   24     0.08194
106  -24     0.39924
106   25     0.16713
106  -25     0.16945
106   26    -0.12560
106  -26    -0.43749
106   27    -0.22265
106  -27    -0.40505
106   28    -0.27702
106  -28     0.77311
106   29     0.13093
106  -29     0.82596
106   30     0.57976
106  -30     0.06802
106   31     0.39979
106  -31    -0.51991
106   32     0.03949
106  -32    -0.52543
106   33    -0.29187
106  -33     0.14332
106   34    -0.15970
106  -34     0.33981
106   35     0.48707
106  -35     0.18698
106   36     0.34429
106  -36    -0.08662
106   37     0.24166
106  -37    -0.12782
106   38     0.13539
106  -38    -0.13872
106   39     0.09747
106  -39     0.08000
106   40     0.14654
106  -40     0.48318
106   41    -0.05716
106  -41     0.50565
106   42     0.19243
106  -42     0.09196
106   43     0.07825
106  -43    -0.14510
106   44    -0.24879
106  -44    -0.30427
106   45    -0.22043
106  -45    -0.34599
106   46     0.10511
106  -46     0.18565
106   47     0.17644
106  -47     0.39332
106   48    -0.07843
106  -48     0.15484
106   49    -0.11104
106  -49     0.10936
106   50    -0.12512
106  -50     0.29320
106   51    -0.29386
106  -51     0.65194
106   52    -0.07096
106  -52    -0.02562
106   53    -0.09213
106  -53    -0.39888
106   54    -0.15242
106  -54    -0.23654
106   55    -0.53060
106  -55     0.29019
106   56     0.10157
106  -56     0.25881
106   57     0.16208
106  -57     0.42894
106   58    -0.09481
106  -58     0.42496
106   59    -0.13388
106  -59    -0.23827
106   60     0.27935
106  -60    -0.20556
106   61     0.22104
106  -61    -0.13357
106   62     0.14381
106  -62    -0.13799
106   63     0.22279
106  -63    -0.10683
106   64     0.18245
106  -64    -0.31169
106   65     0.17637
106  -65    -0.23352
106   66     0.15900
106  -66    -0.03300
106   67     0.08093
106  -67     0.42728
106   68     0.01101
106  -68     0.14912
106   69     0.00748
106  -69    -0.09698
106   70     0.02569
106  -70     0.26826
106   71    -0.24187
106  -71     0.07188
106   72     0.00671
106  -72     0.08344
106   73     0.20364
106  -73    -0.14051
106   74    -0.10838
106  -74    -0.32375
106   75     0.10097
106  -75    -0.17721
106   76    -0.03988
106  -76     0.12672
106   77    -0.07786
106  -77    -0.02948
106   78     0.09308
106  -78     0.44632
106   79     0.10312
106  -79    -0.10619
106   80    -0.04763
106  -80    -0.28214
106   81    -0.11953
106  -81    -0.16533
106   82    -0.25457
106  -82     0.17185
106   83    -0.03537
106  -83     0.19416
106   84     0.12144
106  -84     0.42158
106   85    -0.20482
106  -85     0.09752
106   86    -0.05112
106  -86     0.21855
106   87    -0.00003
106  -87     0.04163
106   88    -0.05197
106  -88    -0.07786
106   89    -0.17001
106  -89    -0.09542
106   90     0.23572
106  -90     0.12524
106   91     0.07263
106  -91     0.05085
106   92    -0.03484
106  -92    -0.30039
106   93    -0.03619
106  -93    -0.29313
106   94    -0.15252
106  -94    -0.02757
106   95    -0.00361
106  -95     0.05024
106   96    -0.12810
106  -96    -0.27438
106   97    -0.08252
106  -97     0.27471
106   98    -0.08585
106  -98     0.19860
106   99     0.10479
106  -99    -0.04340
106  100     0.03569
106 -100    -0.41217
106  101    -0.13507
106 -101     0.15115
106  102    -0.15985
106 -102     0.20472
106  103     0.05567
106 -103     0.02333
106  104     0.43827
106 -104     0.29499
106  105    -0.22397
106 -105    -0.14530
106  106    -0.20233
106 -106     0.13795
107    0     0.04787
107    1    -1.45075
107   -1    -0.63134
107    2     0.27053
107   -2     0.08385
107    3     0.70143
107   -3     0.47081
107    4    -0.12388
107   -4    -0.08235
107    5    -0.67427
107   -5    -0.01087
107    6     0.24623
107   -6     0.15510
107    7     0.28874
107   -7     0.18403
107    8    -0.06989
107   -8    -0.21755
107    9     0.37052
107   -9     0.21308
107   10     0.08158
107  -10     0.22566
107   11    -0.53781
107  -11    -0.27946
107   12     0.10460
107  -12    -0.55839
107   13     0.47065
107  -13     0.17313
107   14    -0.03769
107  -14     0.41449
107   15    -0.79622
107  -15    -0.30278
107   16    -0.54895
107  -16    -0.62538
107   17     0.40923
107  -17     0.02811
107   18     0.61188
107  -18     0.91053
107   19    -0.00513
107  -19     0.58769
107   20     0.12885
107  -20    -0.25958
107   21     0.16047
107  -21    -0.55490
107   22    -0.28139
107  -22     0.56823
107   23     0.00265
107  -23     0.28816
107   24     0.16392
107  -24    -0.37133
107   25    -0.01521
107  -25    -0.26737
107   26    -0.31385
107  -26     0.24291
107   27     0.11240
107  -27     0.47581
107   28     0.28652
107  -28    -0.09830
107   29     0.29890
107  -29    -0.71778
107   30    -0.30538
107  -30    -0.27955
107   31    -0.47380
107  -31     0.28565
107   32     0.01094
107  -32     0.43116
107   33     0.50250
107  -33     0.15058
107   34    -0.08760
107  -34    -0.51933
107   35    -0.42211
107  -35    -0.33069
107   36    -0.52117
107  -36     0.00504
107   37    -0.08152
107  -37    -0.11845
107   38     0.22321
107  -38     0.14374
107   39     0.00190
107  -39    -0.03562
107   40    -0.16503
107  -40    -0.46965
107   41    -0.11489
107  -41    -0.53948
107   42    -0.45851
107  -42    -0.37874
107   43    -0.08145
107  -43     0.05036
107   44     0.07075
107  -44     0.19814
107   45     0.36670
107  -45     0.12157
107   46     0.14446
107  -46     0.00671
107   47    -0.26465
107  -47    -0.35940
107   48    -0.08009
107  -48    -0.24900
107   49    -0.00625
107  -49     0.05522
107   50    -0.09292
107  -50    -0.37115
107   51    -0.00599
107  -51    -0.17939
107   52    -0.16169
107  -52    -0.11577
107   53     0.10347
107  -53     0.26625
107   54    -0.07725
107  -54     0.56308
107   55     0.20083
107  -55     0.14271
107   56     0.22474
107  -56    -0.26445
107   57    -0.15677
107  -57    -0.00493
107   58    -0.22571
107  -58    -0.16463
107   59     0.11649
107  -59     0.16283
107   60     0.28878
107  -60     0.24756
107   61    -0.00376
107  -61     0.06796
107   62    -0.11033
107  -62     0.15581
107   63    -0.20666
107  -63     0.22966
107   64    -0.21275
107  -64     0.64065
107   65    -0.18356
107  -65     0.45910
107   66    -0.10170
107  -66    -0.00591
107   67    -0.07135
107  -67    -0.19288
107   68    -0.00694
107  -68    -0.34734
107   69     0.14324
107  -69    -0.18192
107   70    -0.00467
107  -70    -0.24723
107   71     0.04430
107  -71    -0.25854
107   72     0.16541
107  -72     0.12297
107   73     0.00119
107  -73    -0.01441
107   74     0.09915
107  -74     0.37489
107   75    -0.08318
107  -75    -0.18491
107   76     0.09072
107  -76     0.18971
107   77    -0.11803
107  -77     0.00541
107   78    -0.05837
107  -78    -0.21860
107   79     0.46763
107  -79    -0.47602
107   80    -0.04640
107  -80     0.30572
107   81    -0.14565
107  -81     0.03364
107   82    -0.01562
107  -82     0.07611
107   83    -0.08862
107  -83     0.08787
107   84     0.03170
107  -84    -0.10189
107   85    -0.06914
107  -85     0.32170
107   86    -0.12164
107  -86     0.02339
107   87    -0.37469
107  -87     0.02209
107   88     0.04791
107  -88     0.13966
107   89    -0.25813
107  -89     0.00418
107   90     0.01388
107  -90    -0.20254
107   91     0.01140
107  -91     0.19061
107   92    -0.03152
107  -92     0.48425
107   93    -0.11491
107  -93     0.02913
107   94    -0.18779
107  -94    -0.01688
107   95    -0.00921
107  -95    -0.15964
107   96    -0.05244
107  -96     0.20754
107   97     0.19523
107  -97    -0.00098
107   98    -0.01470
107  -98     0.08483
107   99     0.24715
107  -99    -0.00661
107  100     0.19600
107 -100     0.11992
107  101     0.37936
107 -101     0.07683
107  102     0.23993
107 -102     0.07896
107  103    -0.03561
107 -103    -0.12807
107  104     0.16229
107 -104    -0.09394
107  105     0.19868
107 -105     0.20503
107  106    -0.22661
107 -106     0.07485
107  107    -0.28084
107 -107     0.02126
108    0    -0.04784
108    1     0.46757
108   -1     0.33539
108    2     0.18215
108   -2     0.62791
108    3    -0.73621
108   -3    -0.34468
108    4     0.00440
108   -4    -0.06623
108    5     0.32118
108   -5     0.21237
108    6     0.07310
108   -6    -0.29311
108    7    -0.18944
108   -7    -0.17063
108    8    -0.15258
108   -8     0.44159
108    9    -0.12697
108   -9     0.37686
108   10    -0.27515
108  -10    -0.06122
108   11     0.26434
108  -11    -0.22021
108   12     0.23383
108  -12     0.66364
108   13    -0.42138
108  -13     0.22490
108   14    -0.13717
108  -14    -0.70675
108   15     0.71702
108  -15    -0.08700
108   16     0.58441
108  -16     0.57690
108   17    -0.19253
108  -17     0.06559
108   18    -0.55875
108  -18    -0.44945
108   19     0.17033
108  -19    -0.22193
108   20     0.19276
108  -20    -0.07842
108   21    -0.41540
108  -21     0.56465
108   22    -0.17513
108  -22    -0.39644
108   23     0.03244
108  -23    -0.55148
108   24    -0.08654
108  -24     0.33909
108   25    -0.08522
108  -25     0.41577
108   26     0.37383
108  -26    -0.14520
108   27    -0.01504
108  -27    -0.51523
108   28    -0.31391
108  -28    -0.29926
108   29    -0.45006
108  -29     0.62832
108   30     0.15530
108  -30     0.33827
108   31     0.55160
108  -31     0.02429
108   32     0.25612
108  -32    -0.33634
108   33    -0.28427
108  -33    -0.10093
108   34    -0.11847
108  -34     0.36119
108   35     0.30519
108  -35     0.20877
108   36     0.49112
108  -36     0.09942
108   37     0.12326
108  -37     0.01906
108   38    -0.25190
108  -38     0.07856
108   39    -0.19842
108  -39     0.00398
108   40     0.23493
108  -40     0.42717
108   41     0.33115
108  -41     0.66411
108   42     0.32582
108  -42     0.51096
108   43     0.29558
108  -43     0.00219
108   44     0.19256
108  -44    -0.00777
108   45     0.04757
108  -45    -0.01235
108   46     0.17525
108  -46    -0.01998
108   47     0.25867
108  -47    -0.07253
108   48     0.19502
108  -48     0.01735
108   49     0.00207
108  -49     0.11043
108   50     0.04445
108  -50    -0.02705
108   51     0.13457
108  -51     0.03555
108   52    -0.13290
108  -52     0.27325
108   53    -0.27686
108  -53    -0.02836
108   54    -0.25807
108  -54    -0.26977
108   55    -0.04294
108  -55    -0.22927
108   56    -0.25557
108  -56     0.10672
108   57    -0.08966
108  -57     0.03763
108   58    -0.26017
108  -58    -0.00427
108   59    -0.05340
108  -59     0.05990
108   60    -0.29495
108  -60     0.06805
108   61    -0.09658
108  -61    -0.05272
108   62     0.00359
108  -62     0.04346
108   63    -0.04680
108  -63    -0.27356
108   64     0.35856
108  -64    -0.25690
108   65     0.27349
108  -65    -0.37206
108   66     0.32417
108  -66    -0.20355
108   67     0.19667
108  -67     0.08588
108   68     0.06815
108  -68     0.38016
108   69    -0.02497
108  -69     0.04924
108   70    -0.19461
108  -70    -0.27403
108   71    -0.17004
108  -71    -0.05349
108   72    -0.07331
108  -72     0.20754
108   73    -0.09868
108  -73     0.09777
108   74     0.39668
108  -74    -0.06227
108   75    -0.06889
108  -75    -0.17085
108   76     0.21491
108  -76    -0.06775
108   77     0.12642
108  -77    -0.00918
108   78     0.07664
108  -78     0.33232
108   79    -0.19995
108  -79     0.40099
108   80    -0.09984
108  -80    -0.11418
108   81     0.07075
108  -81    -0.37159
108   82     0.02295
108  -82    -0.15451
108   83    -0.10204
108  -83     0.01157
108   84    -0.13083
108  -84     0.16925
108   85    -0.12391
108  -85     0.04233
108   86    -0.03077
108  -86     0.20416
108   87    -0.00336
108  -87     0.11588
108   88    -0.06220
108  -88     0.06942
108   89    -0.06344
108  -89     0.09683
108   90    -0.29306
108  -90    -0.14332
108   91     0.31271
108  -91     0.25539
108   92     0.22776
108  -92    -0.08633
108   93     0.19086
108  -93     0.07149
108   94     0.27065
108  -94    -0.40547
108   95     0.05857
108  -95    -0.24063
108   96    -0.08051
108  -96    -0.16759
108   97    -0.16084
108  -97     0.01124
108   98    -0.09595
108  -98    -0.18915
108   99    -0.28851
108  -99     0.10005
108  100     0.02430
108 -100     0.06903
108  101     0.05653
108 -101     0.05184
108  102     0.01814
108 -102     0.21501
108  103     0.02236
108 -103    -0.04024
108  104     0.10393
108 -104    -0.17843
108  105     0.09780
108 -105    -0.01687
108  106    -0.02916
108 -106    -0.05227
108  107    -0.18965
108 -107     0.09559
108  108    -0.04904
108 -108    -0.36069
109    0     0.47865
109    1    -0.91898
109   -1    -0.24538
109    2    -0.34637
109   -2    -0.51022
109    3     0.46270
109   -3     0.02102
109    4     0.08882
109   -4     0.04204
109    5    -0.50754
109   -5    -0.17186
109    6    -0.21524
109   -6     0.23081
109    7     0.31683
109   -7     0.11728
109    8     0.22689
109   -8     0.00192
109    9    -0.00410
109   -9    -0.28351
109   10     0.38083
109  -10     0.11888
109   11     0.18001
109  -11     0.28888
109   12    -0.30678
109  -12    -0.46390
109   13     0.10822
109  -13    -0.40065
109   14     0.16328
109  -14     0.38856
109   15    -0.39975
109  -15     0.21640
109   16    -0.72250
109  -16    -0.23264
109   17    -0.03643
109  -17    -0.33109
109   18     0.62462
109  -18     0.35507
109   19    -0.02197
109  -19     0.40948
109   20    -0.15963
109  -20     0.09429
109   21     0.40091
109  -21    -0.27295
109   22     0.14055
109  -22     0.16555
109   23    -0.19964
109  -23     0.62787
109   24     0.17974
109  -24    -0.31568
109   25     0.15554
109  -25    -0.51000
109   26    -0.18066
109  -26     0.16268
109   27    -0.16539
109  -27     0.55559
109   28     0.05589
109  -28     0.41124
109   29     0.49801
109  -29    -0.35360
109   30     0.16609
109  -30    -0.36782
109   31    -0.17942
109  -31    -0.25050
109   32    -0.41244
109  -32     0.16669
109   33     0.21435
109  -33     0.19069
109   34     0.45158
109  -34    -0.01448
109   35    -0.01335
109  -35    -0.23368
109   36    -0.33584
109  -36    -0.07798
109   37    -0.37561
109  -37    -0.14996
109   38     0.01731
109  -38    -0.33369
109   39     0.18002
109  -39    -0.08450
109   40    -0.09995
109  -40    -0.12915
109   41    -0.23314
109  -41    -0.60250
109   42    -0.28682
109  -42    -0.51945
109   43    -0.45750
109  -43    -0.13010
109   44    -0.08263
109  -44     0.22944
109   45    -0.08263
109  -45     0.10178
109   46     0.03155
109  -46     0.17170
109   47    -0.03362
109  -47     0.21017
109   48    -0.23986
109  -48     0.09975
109   49    -0.01395
109  -49     0.01666
109   50     0.02348
109  -50     0.11206
109   51     0.04399
109  -51     0.12120
109   52     0.06840
109  -52    -0.31860
109   53     0.04207
109  -53    -0.40521
109   54     0.22061
109  -54    -0.06832
109   55     0.00801
109  -55     0.24035
109   56    -0.00866
109  -56     0.16830
109   57     0.04348
109  -57     0.00257
109   58     0.27253
109  -58    -0.03035
109   59    -0.21228
109  -59    -0.10255
109   60     0.16057
109  -60    -0.05363
109   61     0.41323
109  -61    -0.05578
109   62     0.16060
109  -62    -0.12034
109   63     0.22345
109  -63    -0.05543
109   64    -0.09972
109  -64     0.12362
109   65    -0.36491
109  -65     0.50288
109   66    -0.29712
109  -66     0.18510
109   67     0.09885
109  -67    -0.04632
109   68    -0.11268
109  -68    -0.14521
109   69    -0.04221
109  -69     0.09867
109   70    -0.00994
109  -70     0.38600
109   71     0.19459
109  -71    -0.02939
109   72     0.05818
109  -72    -0.13469
109   73     0.00645
109  -73    -0.00509
109   74    -0.15648
109  -74     0.19148
109   75     0.07229
109  -75     0.18303
109   76     0.04519
109  -76     0.08210
109   77    -0.04394
109  -77    -0.09190
109   78    -0.18247
109  -78    -0.22959
109   79     0.04500
109  -79    -0.45855
109   80     0.38609
109  -80    -0.08850
109   81    -0.00365
109  -81     0.07378
109   82    -0.35226
109  -82     0.06644
109   83     0.09243
109  -83    -0.00554
109   84    -0.00486
109  -84     0.21682
109   85    -0.14624
109  -85     0.01560
109   86    -0.08482
109  -86     0.17592
109   87    -0.10257
109  -87    -0.10295
109   88    -0.12523
109  -88    -0.16267
109   89     0.16021
109  -89     0.01323
109   90    -0.05988
109  -90     0.06354
109   91    -0.24797
109  -91    -0.06030
109   92    -0.13240
109  -92     0.15630
109   93    -0.21162
109  -93     0.12566
109   94    -0.05200
109  -94     0.16005
109   95     0.06486
109  -95     0.17576
109   96     0.07662
109  -96    -0.00549
109   97     0.18048
109  -97     0.06878
109   98    -0.12882
109  -98     0.15256
109   99     0.04405
109  -99    -0.04511
109  100    -0.06490
109 -100    -0.15991
109  101    -0.17313
109 -101     0.04540
109  102     0.04407
109 -102     0.00374
109  103     0.10449
109 -103     0.35175
109  104    -0.00285
109 -104    -0.01440
109  105    -0.02338
109 -105    -0.43938
109  106     0.07078
109 -106    -0.04397
109  107     0.29437
109 -107    -0.12187
109  108    -0.13064
109 -108    -0.13521
109  109     0.05081
109 -109     0.10143
110    0    -0.14094
110    1     0.07754
110   -1    -0.16019
110    2     0.36208
110   -2     0.39485
110    3    -0.55851
110   -3     0.09508
110    4    -0.27856
110   -4    -0.16702
110    5     0.48534
110   -5     0.30613
110    6     0.41563
110   -6    -0.03169
110    7    -0.21753
110   -7    -0.14966
110    8    -0.07980
110   -8    -0.02632
110    9     0.08268
110   -9     0.37848
110   10    -0.09564
110  -10     0.07646
110   11    -0.55158
110  -11    -0.27613
110   12     0.14935
110  -12     0.17306
110   13    -0.01774
110  -13     0.62082
110   14    -0.21461
110  -14     0.02976
110   15     0.15623
110  -15    -0.25727
110   16     0.82043
110  -16     0.22747
110   17     0.27856
110  -17     0.31171
110   18    -0.41089
110  -18    -0.34570
110   19    -0.27228
110  -19    -0.38583
110   20     0.08310
110  -20     0.18613
110   21    -0.09683
110  -21     0.30899
110   22    -0.18649
110  -22    -0.05040
110   23     0.19781
110  -23    -0.55371
110   24    -0.23145
110  -24    -0.04974
110   25    -0.25907
110  -25     0.52073
110   26    -0.06919
110  -26     0.10893
110   27     0.29745
110  -27    -0.29753
110   28     0.06681
110  -28    -0.33395
110   29    -0.45879
110  -29     0.14585
110   30    -0.33048
110  -30     0.41878
110   31     0.07262
110  -31     0.19588
110   32     0.41487
110  -32    -0.20031
110   33     0.03186
110  -33    -0.07669
110   34    -0.55003
110  -34     0.14850
110   35    -0.17278
110  -35     0.36715
110   36     0.33064
110  -36     0.02610
110   37     0.52221
110  -37     0.21105
110   38     0.04502
110  -38     0.15012
110   39    -0.16137
110  -39     0.16295
110   40    -0.14323
110  -40     0.06957
110   41     0.02320
110  -41     0.38936
110   42     0.19933
110  -42     0.62411
110   43     0.29908
110  -43     0.41321
110   44     0.06467
110  -44    -0.04487
110   45    -0.04050
110  -45    -0.08583
110   46    -0.05701
110  -46    -0.03278
110   47     0.11952
110  -47     0.19706
110   48     0.20396
110  -48    -0.11869
110   49     0.02223
110  -49    -0.06676
110   50    -0.04731
110  -50    -0.13588
110   51     0.07012
110  -51     0.08000
110   52     0.05333
110  -52     0.26225
110   53     0.01018
110  -53     0.27772
110   54    -0.20694
110  -54     0.01544
110   55    -0.36427
110  -55    -0.11600
110   56    -0.10168
110  -56    -0.12530
110   57     0.04459
110  -57     0.04507
110   58    -0.15290
110  -58     0.00820
110   59    -0.05868
110  -59    -0.10101
110   60    -0.07200
110  -60    -0.12513
110   61    -0.06220
110  -61    -0.00077
110   62    -0.33997
110  -62     0.24180
110   63    -0.27510
110  -63     0.01123
110   64     0.04623
110  -64    -0.04508
110   65     0.26247
110  -65    -0.38109
110   66     0.34378
110  -66    -0.14313
110   67    -0.03881
110  -67    -0.04503
110   68     0.14038
110  -68    -0.00296
110   69     0.05812
110  -69    -0.01288
110   70     0.01701
110  -70    -0.31856
110   71    -0.12567
110  -71    -0.28985
110   72    -0.20822
110  -72    -0.08699
110   73    -0.17937
110  -73    -0.05844
110   74    -0.12761
110  -74     0.10125
110   75     0.23220
110  -75    -0.26019
110   76     0.14407
110  -76    -0.06976
110   77     0.05128
110  -77     0.03854
110   78     0.11948
110  -78     0.31031
110   79    -0.22908
110  -79     0.04304
110   80    -0.37759
110  -80     0.11242
110   81     0.22025
110  -81    -0.18188
110   82    -0.03970
110  -82     0.02647
110   83     0.01061
110  -83    -0.09254
110   84    -0.14957
110  -84    -0.11090
110   85    -0.16080
110  -85    -0.04358
110   86     0.07003
110  -86    -0.06659
110   87    -0.05651
110  -87     0.11211
110   88     0.21037
110  -88     0.00028
110   89    -0.17864
110  -89    -0.00635
110   90     0.29037
110  -90    -0.07396
110   91     0.16894
110  -91    -0.13876
110   92     0.08024
110  -92    -0.07710
110   93     0.10975
110  -93    -0.01788
110   94     0.06332
110  -94    -0.15226
110   95     0.27650
110  -95    -0.30139
110   96     0.24566
110  -96    -0.03172
110   97     0.07996
110  -97    -0.01861
110   98    -0.11990
110  -98    -0.20118
110   99    -0.03988
110  -99    -0.11896
110  100    -0.09292
110 -100     0.00462
110  101    -0.16520
110 -101     0.15647
110  102    -0.14671
110 -102     0.10384
110  103    -0.09670
110 -103     0.00779
110  104     0.13964
110 -104     0.16842
110  105    -0.11114
110 -105    -0.09132
110  106    -0.06773
110 -106    -0.18294
110  107    -0.07338
110 -107     0.03463
110  108    -0.09645
110 -108     0.07926
110  109     0.11907
110 -109    -0.49044
110  110    -0.18881
110 -110    -0.25658
111    0     0.24919
111    1    -0.55945
111   -1     0.02216
111    2    -0.15179
111   -2     0.09389
111    3     0.22459
111   -3    -0.28534
111    4     0.34766
111   -4     0.15312
111    5    -0.28166
111   -5    -0.13428
111    6    -0.37349
111   -6    -0.03098
111    7    -0.07363
111   -7     0.12271
111    8     0.07887
111   -8     0.19831
111    9     0.04739
111   -9     0.01328
111   10    -0.23571
111  -10    -0.07246
111   11     0.59049
111  -11     0.35247
111   12     0.27272
111  -12     0.17650
111   13    -0.10711
111  -13    -0.56961
111   14     0.11710
111  -14    -0.45344
111   15     0.04430
111  -15     0.18693
111   16    -0.69022
111  -16    -0.02520
111   17    -0.36334
111  -17    -0.24686
111   18     0.44495
111  -18     0.13746
111   19     0.34485
111  -19     0.43286
111   20    -0.18546
111  -20    -0.12809
111   21    -0.05679
111  -21    -0.28601
111   22     0.09914
111  -22    -0.01684
111   23    -0.26417
111  -23     0.58717
111   24    -0.08405
111  -24     0.43674
111   25     0.21288
111  -25    -0.54007
111   26     0.09425
111  -26    -0.56703
111   27    -0.24878
111  -27     0.16181
111   28    -0.35014
111  -28     0.13680
111   29     0.17018
111  -29     0.01878
111   30     0.50838
111  -30    -0.25309
111   31     0.13631
111  -31    -0.04981
111   32    -0.13204
111  -32     0.15064
111   33    -0.17368
111  -33     0.02318
111   34     0.43679
111  -34    -0.17719
111   35     0.25269
111  -35    -0.32063
111   36    -0.26671
111  -36     0.03496
111   37    -0.20495
111  -37     0.04661
111   38    -0.06287
111  -38     0.08215
111   39     0.19148
111  -39    -0.31475
111   40     0.14555
111  -40    -0.15781
111   41    -0.14160
111  -41    -0.41858
111   42    -0.09669
111  -42    -0.53006
111   43    -0.16306
111  -43    -0.54551
111   44    -0.17142
111  -44    -0.08279
111   45    -0.00719
111  -45     0.15150
111   46     0.01905
111  -46     0.12011
111   47     0.03783
111  -47    -0.20503
111   48    -0.18680
111  -48    -0.06929
111   49    -0.06402
111  -49     0.10194
111   50    -0.04359
111  -50    -0.04263
111   51    -0.12837
111  -51    -0.11284
111   52    -0.18144
111  -52     0.05340
111   53     0.01961
111  -53     0.03398
111   54     0.14102
111  -54    -0.15686
111   55     0.39203
111  -55    -0.11444
111   56    -0.05446
111  -56    -0.00501
111   57    -0.08039
111  -57    -0.06099
111   58    -0.02492
111  -58    -0.16210
111   59     0.02790
111  -59    -0.02246
111   60     0.06447
111  -60     0.06626
111   61    -0.02625
111  -61     0.21795
111   62     0.02256
111  -62     0.15311
111   63     0.09362
111  -63    -0.00614
111   64    -0.04575
111  -64     0.03245
111   65    -0.08153
111  -65     0.11176
111   66    -0.22799
111  -66     0.33957
111   67     0.07228
111  -67     0.02544
111   68     0.17300
111  -68     0.05075
111   69     0.05657
111  -69     0.05831
111   70    -0.11074
111  -70     0.31406
111   71     0.05543
111  -71     0.24899
111   72     0.24503
111  -72     0.05973
111   73     0.14339
111  -73    -0.09299
111   74    -0.04655
111  -74     0.16438
111   75    -0.52849
111  -75     0.15051
111   76     0.06890
111  -76     0.17554
111   77     0.13625
111  -77    -0.09303
111   78     0.15102
111  -78     0.01298
111   79     0.14425
111  -79    -0.24110
111   80     0.20339
111  -80    -0.17166
111   81     0.01702
111  -81    -0.16196
111   82     0.06152
111  -82    -0.06159
111   83    -0.11471
111  -83     0.07145
111   84    -0.01029
111  -84     0.09454
111   85     0.15239
111  -85     0.13576
111   86    -0.21328
111  -86     0.14845
111   87    -0.03717
111  -87     0.05939
111   88    -0.09102
111  -88     0.11220
111   89     0.13888
111  -89     0.04570
111   90     0.00299
111  -90     0.17880
111   91    -0.00301
111  -91     0.25173
111   92    -0.05630
111  -92     0.02375
111   93     0.16144
111  -93     0.13128
111   94     0.04751
111  -94    -0.12009
111   95    -0.10791
111  -95    -0.02285
111   96     0.09942
111  -96    -0.02377
111   97     0.08029
111  -97     0.01947
111   98    -0.02141
111  -98     0.09151
111   99    -0.06669
111  -99     0.19519
111  100    -0.11060
111 -100    -0.23474
111  101     0.05129
111 -101    -0.14424
111  102     0.03150
111 -102    -0.08961
111  103    -0.01194
111 -103     0.09878
111  104    -0.09716
111 -104    -0.00526
111  105     0.11266
111 -105     0.08587
111  106    -0.12007
111 -106     0.04818
111  107     0.03043
111 -107    -0.06095
111  108    -0.17325
111 -108     0.33730
111  109    -0.07878
111 -109     0.23554
111  110     0.28841
111 -110     0.02968
111  111     0.16292
111 -111     0.17035
112    0     0.11069
112    1    -0.00510
112   -1     0.10860
112    2     0.21173
112   -2     0.12127
112    3    -0.32849
112   -3     0.03201
112    4    -0.36916
112   -4    -0.10621
112    5     0.00909
112   -5     0.11834
112    6     0.41534
112   -6     0.10596
112    7     0.17893
112   -7    -0.14715
112    8    -0.22049
112   -8    -0.17446
112    9     0.02335
112   -9     0.09101
112   10     0.45198
112  -10     0.19833
112   11    -0.14811
112  -11    -0.16763
112   12    -0.52511
112  -12    -0.28384
112   13    -0.15875
112  -13     0.37141
112   14    -0.06577
112  -14     0.47106
112   15    -0.04243
112  -15    -0.08780
112   16     0.41995
112  -16    -0.05853
112   17     0.47967
112  -17     0.40430
112   18    -0.11806
112  -18     0.11439
112   19    -0.23410
112  -19    -0.36569
112   20     0.29218
112  -20    -0.07919
112   21     0.08374
112  -21     0.34958
112   22    -0.21134
112  -22     0.04907
112   23     0.17544
112  -23    -0.50673
112   24     0.29999
112  -24    -0.45787
112   25    -0.18632
112  -25     0.28449
112   26    -0.40585
112  -26     0.62536
112   27     0.08283
112  -27    -0.07183
112   28     0.42937
112  -28    -0.16445
112   29     0.14320
112  -29    -0.19569
112   30    -0.38044
112  -30     0.03722
112   31    -0.30618
112  -31     0.10968
112   32    -0.03042
112  -32    -0.12985
112   33     0.25413
112  -33    -0.09513
112   34    -0.16414
112  -34     0.14958
112   35    -0.28234
112  -35     0.42794
112   36    -0.05242
112  -36     0.21034
112   37     0.01714
112  -37    -0.04502
112   38    -0.15038
112  -38    -0.05655
112   39    -0.26386
112  -39     0.11754
112   40    -0.25486
112  -40     0.30082
112   41    -0.04636
112  -41     0.25868
112   42     0.25620
112  -42     0.37088
112   43     0.13844
112  -43     0.59286
112   44     0.11755
112  -44     0.28008
112   45    -0.02713
112  -45    -0.08645
112   46    -0.05476
112  -46    -0.05662
112   47    -0.01058
112  -47     0.24543
112   48     0.13034
112  -48     0.28252
112   49     0.12659
112  -49    -0.02440
112   50     0.02433
112  -50     0.04298
112   51     0.07789
112  -51    -0.09724
112   52     0.01439
112  -52    -0.06031
112   53    -0.06041
112  -53     0.05017
112   54     0.09182
112  -54     0.11001
112   55    -0.06032
112  -55     0.16349
112   56    -0.14569
112  -56     0.08437
112   57    -0.07255
112  -57     0.02930
112   58     0.01070
112  -58     0.04623
112   59    -0.11790
112  -59    -0.12103
112   60    -0.12700
112  -60    -0.39006
112   61     0.09414
112  -61    -0.40717
112   62     0.25449
112  -62    -0.18343
112   63     0.13891
112  -63    -0.09521
112   64    -0.21685
112  -64    -0.07075
112   65    -0.08100
112  -65    -0.15698
112   66     0.21159
112  -66    -0.47681
112   67    -0.06518
112  -67    -0.24106
112   68    -0.08394
112  -68    -0.16300
112   69    -0.05696
112  -69     0.10478
112   70    -0.05205
112  -70    -0.02758
112   71     0.04603
112  -71    -0.04408
112   72    -0.11955
112  -72    -0.03489
112   73    -0.04592
112  -73     0.05625
112   74    -0.06888
112  -74    -0.06550
112   75     0.08813
112  -75    -0.00170
112   76    -0.01213
112  -76    -0.06070
112   77    -0.02895
112  -77    -0.07367
112   78    -0.04120
112  -78    -0.09071
112   79    -0.00573
112  -79    -0.06712
112   80    -0.19053
112  -80    -0.02337
112   81    -0.23520
112  -81     0.01247
112   82    -0.08941
112  -82     0.08093
112   83    -0.05223
112  -83    -0.04776
112   84    -0.08876
112  -84     0.03771
112   85    -0.12924
112  -85    -0.16317
112   86     0.09901
112  -86     0.01126
112   87    -0.07434
112  -87    -0.06710
112   88    -0.13114
112  -88     0.04713
112   89     0.01195
112  -89    -0.10719
112   90    -0.18749
112  -90     0.05974
112   91     0.21509
112  -91     0.04766
112   92     0.34804
112  -92    -0.21712
112   93     0.06244
112  -93    -0.14693
112   94     0.09292
112  -94    -0.12074
112   95     0.13301
112  -95     0.07180
112   96     0.10051
112  -96     0.00103
112   97    -0.10552
112  -97     0.21421
112   98    -0.01976
112  -98    -0.02628
112   99    -0.11328
112  -99    -0.15222
112  100     0.02814
112 -100    -0.01643
112  101    -0.02970
112 -101     0.01637
112  102    -0.07104
112 -102    -0.05882
112  103    -0.25746
112 -103    -0.09691
112  104    -0.00692
112 -104     0.08782
112  105    -0.12126
112 -105    -0.20800
112  106    -0.04937
112 -106    -0.01877
112  107     0.04529
112 -107     0.06424
112  108     0.00694
112 -108     0.29201
112  109    -0.14531
112 -109    -0.13706
112  110     0.09709
112 -110    -0.22927
112  111     0.15289
112 -111    -0.11046
112  112    -0.02703
112 -112     0.28460
113    0     0.28492
113    1    -0.59675
113   -1    -0.27457
113    2    -0.33956
113   -2    -0.00488
113    3     0.17088
113   -3    -0.00843
113    4     0.28627
113   -4    -0.06885
113    5    -0.12251
113   -5     0.01647
113    6    -0.05035
113   -6    -0.08322
113    7     0.08720
113   -7     0.10369
113    8     0.15736
113   -8     0.30947
113    9    -0.03258
113   -9     0.05731
113   10    -0.34334
113  -10    -0.29783
113   11    -0.11537
113  -11     0.02217
113   12     0.48927
113  -12     0.61263
113   13     0.23598
113  -13     0.07701
113   14    -0.17074
113  -14    -0.46793
113   15     0.11074
113  -15    -0.17965
113   16    -0.21662
113  -16     0.19197
113   17    -0.45871
113  -17    -0.23054
113   18     0.08628
113  -18     0.01787
113   19     0.34609
113  -19     0.51960
113   20    -0.29306
113  -20     0.11873
113   21    -0.17767
113  -21    -0.49411
113   22     0.13025
113  -22    -0.25840
113   23    -0.01530
113  -23     0.33282
113   24    -0.35129
113  -24     0.35267
113   25    -0.05806
113  -25    -0.08237
113   26     0.34072
113  -26    -0.41638
113   27     0.11524
113  -27    -0.05189
113   28    -0.40143
113  -28     0.24469
113   29    -0.22611
113  -29     0.02657
113   30     0.23370
113  -30    -0.11173
113   31     0.30830
113  -31    -0.03575
113   32    -0.02669
113  -32     0.07662
113   33    -0.06748
113  -33     0.27413
113   34    -0.02149
113  -34    -0.14535
113   35     0.36608
113  -35    -0.43588
113   36     0.19895
113  -36    -0.37570
113   37    -0.03345
113  -37    -0.14825
113   38     0.18264
113  -38     0.06083
113   39     0.15418
113  -39     0.19836
113   40     0.30255
113  -40    -0.04747
113   41     0.06959
113  -41    -0.28325
113   42    -0.21529
113  -42    -0.48970
113   43    -0.22323
113  -43    -0.41466
113   44    -0.12583
113  -44    -0.27774
113   45     0.01457
113  -45    -0.11640
113   46     0.09031
113  -46     0.14345
113   47    -0.01714
113  -47    -0.04268
113   48    -0.05391
113  -48    -0.24652
113   49    -0.16774
113  -49    -0.05425
113   50    -0.01496
113  -50     0.05344
113   51     0.22701
113  -51     0.12007
113   52     0.05802
113  -52    -0.05663
113   53    -0.03723
113  -53    -0.05288
113   54    -0.26173
113  -54    -0.18570
113   55     0.11763
113  -55     0.03783
113   56     0.11835
113  -56     0.13898
113   57    -0.03685
113  -57     0.05570
113   58     0.00003
113  -58     0.03980
113   59     0.03376
113  -59    -0.06189
113   60     0.10842
113  -60     0.01576
113   61    -0.05547
113  -61     0.24865
113   62    -0.22821
113  -62     0.26663
113   63     0.00360
113  -63     0.19827
113   64    -0.00843
113  -64     0.25661
113   65     0.05233
113  -65     0.18338
113   66    -0.23166
113  -66     0.38718
113   67    -0.12411
113  -67     0.17183
113   68     0.05277
113  -68     0.01306
113   69     0.10801
113  -69    -0.18631
113   70    -0.01354
113  -70     0.12543
113   71    -0.06074
113  -71     0.15714
113   72    -0.17771
113  -72     0.22895
113   73     0.01213
113  -73     0.11676
113   74    -0.06725
113  -74    -0.01077
113   75    -0.17086
113  -75     0.00012
113   76    -0.46122
113  -76     0.09277
113   77    -0.09943
113  -77    -0.02924
113   78     0.01962
113  -78     0.06645
113   79    -0.17363
113  -79    -0.00171
113   80     0.08251
113  -80     0.03714
113   81     0.28414
113  -81    -0.19912
113   82     0.10212
113  -82    -0.29836
113   83     0.03869
113  -83    -0.25545
113   84    -0.22463
113  -84     0.15032
113   85    -0.06580
113  -85     0.13881
113   86     0.07234
113  -86    -0.09328
113   87    -0.03065
113  -87     0.12678
113   88     0.04091
113  -88     0.07036
113   89     0.02774
113  -89     0.10228
113   90     0.13556
113  -90     0.08700
113   91    -0.07217
113  -91    -0.06672
113   92    -0.13884
113  -92     0.30780
113   93    -0.12227
113  -93    -0.02047
113   94     0.02808
113  -94    -0.03011
113   95     0.17215
113  -95    -0.16433
113   96     0.03299
113  -96    -0.12169
113   97     0.29817
113  -97    -0.14857
113   98    -0.04825
113  -98    -0.02697
113   99    -0.22103
113  -99     0.01134
113  100    -0.49238
113 -100    -0.07339
113  101    -0.19505
113 -101    -0.01451
113  102     0.18636
113 -102    -0.08504
113  103     0.26425
113 -103    -0.12782
113  104     0.25574
113 -104    -0.08708
113  105    -0.02215
113 -105    -0.07975
113  106    -0.00413
113 -106     0.05446
113  107     0.06795
113 -107    -0.19057
113  108     0.14981
113 -108     0.13808
113  109     0.01636
113 -109     0.18678
113  110    -0.33552
113 -110     0.09015
113  111     0.20079
113 -111     0.07462
113  112     0.07169
113 -112     0.00983
113  113     0.09703
113 -113     0.33936
114    0    -0.20487
114    1     0.04156
114   -1     0.06826
114    2     0.37920
114   -2     0.36294
114    3    -0.38749
114   -3     0.06146
114    4    -0.16961
114   -4    -0.14352
114    5    -0.00330
114   -5     0.10941
114    6     0.14334
114   -6     0.31957
114    7     0.03365
114   -7     0.10997
114    8    -0.08169
114   -8    -0.08478
114    9    -0.00768
114   -9    -0.00237
114   10     0.27605
114  -10     0.27443
114   11     0.33927
114  -11    -0.01025
114   12    -0.32680
114  -12    -0.49396
114   13    -0.37595
114  -13    -0.25199
114   14     0.12483
114  -14     0.33779
114   15    -0.11168
114  -15     0.31326
114   16     0.02799
114  -16    -0.26397
114   17     0.44463
114  -17     0.00476
114   18     0.04224
114  -18     0.09196
114   19    -0.47967
114  -19    -0.20009
114   20     0.08917
114  -20    -0.13551
114   21     0.39420
114  -21     0.53902
114   22     0.00409
114  -22     0.35040
114   23    -0.07069
114  -23    -0.22817
114   24     0.26669
114  -24    -0.45166
114   25     0.18669
114  -25    -0.12218
114   26    -0.24233
114  -26     0.28315
114   27    -0.46948
114  -27     0.10877
114   28     0.18256
114  -28    -0.24495
114   29     0.29875
114  -29    -0.11780
114   30     0.17913
114  -30     0.15977
114   31    -0.11168
114  -31     0.05174
114   32     0.08691
114  -32    -0.13919
114   33     0.01377
114  -33    -0.33250
114   34    -0.13285
114  -34    -0.02787
114   35    -0.27902
114  -35     0.30297
114   36    -0.11264
114  -36     0.53141
114   37     0.20590
114  -37     0.21310
114   38    -0.04229
114  -38    -0.03311
114   39    -0.33599
114  -39    -0.22651
114   40    -0.33566
114  -40    -0.24541
114   41    -0.18561
114  -41     0.16637
114   42     0.11110
114  -42     0.33397
114   43     0.31305
114  -43     0.35095
114   44     0.23703
114  -44     0.49924
114   45    -0.01298
114  -45     0.23137
114   46    -0.14532
114  -46    -0.11499
114   47    -0.09819
114  -47    -0.18153
114   48    -0.11794
114  -48     0.19345
114   49     0.06899
114  -49     0.16557
114   50     0.09158
114  -50    -0.11128
114   51    -0.18184
114  -51    -0.04968
114   52    -0.05112
114  -52     0.01815
114   53     0.05500
114  -53    -0.04215
114   54    -0.05704
114  -54     0.05236
114   55     0.00025
114  -55     0.01748
114   56    -0.09630
114  -56     0.15305
114   57     0.10103
114  -57     0.01624
114   58    -0.09632
114  -58     0.02627
114   59    -0.17347
114  -59     0.24444
114   60    -0.15636
114  -60    -0.12842
114   61     0.00698
114  -61    -0.27952
114   62    -0.03522
114  -62    -0.25741
114   63     0.13997
114  -63    -0.30959
114   64     0.07837
114  -64    -0.23077
114   65     0.15325
114  -65    -0.22423
114   66     0.12999
114  -66    -0.26914
114   67     0.24343
114  -67    -0.35904
114   68     0.13287
114  -68    -0.15325
114   69    -0.06650
114  -69    -0.04224
114   70    -0.18510
114  -70    -0.20188
114   71    -0.10342
114  -71    -0.32015
114   72     0.09261
114  -72     0.02275
114   73     0.09672
114  -73    -0.10247
114   74     0.07700
114  -74     0.12969
114   75    -0.02441
114  -75    -0.12513
114   76     0.20274
114  -76    -0.01125
114   77    -0.04794
114  -77    -0.09222
114   78    -0.10040
114  -78    -0.01387
114   79     0.04192
114  -79    -0.20911
114   80     0.03279
114  -80     0.02382
114   81    -0.05516
114  -81    -0.07208
114   82    -0.19904
114  -82     0.24217
114   83     0.08561
114  -83     0.00922
114   84     0.19070
114  -84    -0.20815
114   85     0.04634
114  -85    -0.04157
114   86    -0.28758
114  -86    -0.05892
114   87     0.06084
114  -87     0.10717
114   88     0.03913
114  -88     0.14384
114   89     0.03937
114  -89     0.01267
114   90    -0.05830
114  -90    -0.22326
114   91    -0.12319
114  -91     0.07551
114   92     0.13901
114  -92    -0.00755
114   93     0.31106
114  -93    -0.02805
114   94     0.12028
114  -94    -0.11974
114   95     0.10549
114  -95    -0.16550
114   96     0.18231
114  -96    -0.14254
114   97    -0.05442
114  -97    -0.03784
114   98     0.03489
114  -98     0.09651
114   99     0.03303
114  -99    -0.02911
114  100    -0.01694
114 -100    -0.11964
114  101    -0.09732
114 -101    -0.20271
114  102     0.10533
114 -102    -0.19108
114  103    -0.05415
114 -103     0.16353
114  104     0.22999
114 -104    -0.03486
114  105     0.10609
114 -105    -0.11170
114  106     0.13810
114 -106    -0.14866
114  107    -0.09551
114 -107    -0.15235
114  108    -0.06020
114 -108     0.15141
114  109     0.03729
114 -109     0.13975
114  110     0.00196
114 -110     0.23403
114  111     0.00762
114 -111    -0.23577
114  112     0.02966
114 -112    -0.02573
114  113     0.26653
114 -113     0.09818
114  114     0.07300
114 -114     0.11499
115    0     0.34373
115    1    -0.41606
115   -1    -0.16182
115    2    -0.28211
115   -2    -0.17041
115    3     0.10002
115   -3    -0.10236
115    4     0.24288
115   -4     0.03434
115    5    -0.16169
115   -5     0.07387
115    6    -0.32834
115   -6    -0.23226
115    7    -0.00431
115   -7    -0.20712
115    8     0.14389
115   -8     0.03837
115    9     0.20901
115   -9     0.42209
115   10    -0.20217
115  -10    -0.00034
115   11    -0.23232
115  -11    -0.31952
115   12     0.23263
115  -12     0.25544
115   13     0.38918
115  -13     0.58986
115   14    -0.00770
115  -14    -0.18980
115   15     0.02135
115  -15    -0.44218
115   16    -0.03482
115  -16     0.04405
115   17    -0.26543
115  -17     0.09519
115   18    -0.10229
115  -18    -0.12321
115   19     0.42209
115  -19     0.20115
115   20     0.16999
115  -20     0.31927
115   21    -0.40277
115  -21    -0.32304
115   22    -0.21425
115  -22    -0.49887
115   23     0.18443
115  -23     0.07442
115   24    -0.05042
115  -24     0.49190
115   25    -0.28883
115  -25     0.09902
115   26     0.01112
115  -26    -0.34349
115   27     0.43333
115  -27    -0.14862
115   28    -0.09776
115  -28     0.11652
115   29    -0.38918
115  -29     0.20121
115   30    -0.23883
115  -30    -0.16922
115   31     0.09218
115  -31    -0.20890
115   32     0.04947
115  -32     0.07046
115   33     0.05881
115  -33     0.24369
115   34     0.10447
115  -34     0.37350
115   35     0.12964
115  -35    -0.05875
115   36    -0.04678
115  -36    -0.44262
115   37    -0.19069
115  -37    -0.29764
115   38    -0.03218
115  -38    -0.08970
115   39     0.33903
115  -39     0.17502
115   40     0.19604
115  -40     0.32788
115   41     0.10484
115  -41    -0.05155
115   42    -0.02090
115  -42    -0.19850
115   43    -0.17758
115  -43    -0.33196
115   44    -0.30070
115  -44    -0.34446
115   45    -0.08286
115  -45    -0.16325
115   46     0.24649
115  -46     0.20012
115   47     0.26749
115  -47     0.18678
115   48     0.32046
115  -48    -0.11132
115   49     0.05244
115  -49    -0.13608
115   50    -0.12992
115  -50    -0.01866
115   51     0.04342
115  -51     0.14087
115   52     0.04454
115  -52     0.17568
115   53     0.17164
115  -53     0.03909
115   54     0.10560
115  -54     0.00799
115   55    -0.05422
115  -55    -0.15613
115   56     0.05571
115  -56    -0.06788
115   57    -0.12968
115  -57     0.02055
115   58    -0.30605
115  -58     0.06908
115   59    -0.06015
115  -59    -0.04229
115   60     0.13165
115  -60     0.06175
115   61     0.03107
115  -61     0.08644
115   62     0.00655
115  -62     0.16283
115   63    -0.14731
115  -63     0.18236
115   64    -0.02519
115  -64     0.21950
115   65     0.02677
115  -65     0.18959
115   66    -0.14721
115  -66     0.18304
115   67    -0.25144
115  -67     0.28144
115   68    -0.01108
115  -68     0.18702
115   69     0.18899
115  -69     0.06918
115   70     0.11105
115  -70     0.25174
115   71    -0.02777
115  -71     0.20506
115   72    -0.19458
115  -72    -0.09596
115   73    -0.21445
115  -73    -0.05602
115   74    -0.16806
115  -74    -0.15636
115   75     0.05781
115  -75    -0.00805
115   76     0.04661
115  -76    -0.00261
115   77    -0.10164
115  -77     0.01113
115   78    -0.03856
115  -78    -0.10441
115   79    -0.07010
115  -79    -0.19214
115   80    -0.22610
115  -80    -0.11915
115   81    -0.23926
115  -81    -0.02280
115   82    -0.02301
115  -82     0.08093
115   83    -0.16538
115  -83    -0.11821
115   84    -0.10449
115  -84    -0.15533
115   85    -0.01498
115  -85    -0.25384
115   86     0.06976
115  -86     0.06441
115   87    -0.02713
115  -87    -0.24939
115   88    -0.04629
115  -88     0.09882
115   89    -0.04242
115  -89     0.05721
115   90    -0.07574
115  -90     0.18901
115   91     0.14082
115  -91     0.13900
115   92    -0.20936
115  -92     0.08794
115   93    -0.02425
115  -93    -0.05660
115   94    -0.09038
115  -94    -0.10376
115   95    -0.05624
115  -95    -0.03700
115   96     0.20736
115  -96    -0.05376
115   97     0.11151
115  -97    -0.12955
115   98     0.24388
115  -98    -0.18451
115   99    -0.02404
115  -99    -0.10118
115  100     0.04048
115 -100    -0.10019
115  101    -0.19178
115 -101    -0.09969
115  102    -0.30340
115 -102    -0.06128
115  103     0.06042
115 -103    -0.18358
115  104     0.25488
115 -104     0.22040
115  105     0.16002
115 -105     0.17763
115  106     0.13126
115 -106     0.05793
115  107     0.00542
115 -107    -0.08102
115  108     0.08157
115 -108    -0.12724
115  109    -0.00195
115 -109     0.15765
115  110     0.11819
115 -110     0.04046
115  111    -0.25846
115 -111    -0.04445
115  112    -0.34885
115 -112    -0.27771
115  113    -0.06461
115 -113    -0.31916
115  114    -0.00344
115 -114     0.06983
115  115     0.30667
115 -115     0.07598
116    0    -0.12255
116    1    -0.13870
116   -1     0.01770
116    2     0.42668
116   -2     0.19543
116    3    -0.25609
116   -3     0.11330
116    4    -0.33589
116   -4    -0.22638
116    5     0.07836
116   -5    -0.14208
116    6     0.24253
116   -6     0.14231
116    7     0.04669
116   -7     0.19854
116    8    -0.16115
116   -8     0.03761
116    9    -0.21924
116   -9    -0.14807
116   10     0.18920
116  -10     0.14479
116   11     0.28849
116  -11     0.39423
116   12     0.04560
116  -12     0.03472
116   13    -0.39061
116  -13    -0.45182
116   14    -0.11573
116  -14     0.07882
116   15     0.17148
116  -15     0.43278
116   16     0.05151
116  -16     0.18670
116   17     0.22275
116  -17    -0.05168
116   18     0.21671
116  -18     0.05489
116   19    -0.24983
116  -19    -0.13659
116   20    -0.49809
116  -20    -0.30335
116   21     0.19103
116  -21     0.20348
116   22     0.15744
116  -22     0.57693
116   23    -0.08543
116  -23     0.05897
116   24    -0.03760
116  -24    -0.43571
116   25     0.27587
116  -25    -0.24785
116   26     0.12167
116  -26     0.14569
116   27    -0.19788
116  -27     0.27670
116   28    -0.00534
116  -28    -0.10479
116   29     0.39222
116  -29    -0.34058
116   30     0.17387
116  -30    -0.06530
116   31    -0.07208
116  -31     0.23464
116   32     0.00568
116  -32     0.13103
116   33     0.12511
116  -33    -0.14882
116   34     0.14735
116  -34    -0.36019
116   35    -0.09565
116  -35    -0.11624
116   36    -0.02548
116  -36     0.21031
116   37     0.00983
116  -37     0.29602
116   38     0.17388
116  -38     0.11128
116   39    -0.06781
116  -39    -0.07780
116   40    -0.16633
116  -40    -0.19596
116   41    -0.12749
116  -41    -0.12823
116   42     0.08004
116  -42     0.11560
116   43     0.07679
116  -43     0.28136
116   44     0.22391
116  -44     0.18820
116   45     0.08000
116  -45     0.15362
116   46    -0.06240
116  -46     0.16665
116   47    -0.23287
116  -47     0.03678
116   48    -0.24629
116  -48    -0.02059
116   49    -0.17063
116  -49     0.25806
116   50     0.08772
116  -50     0.13452
116   51     0.12423
116  -51    -0.11111
116   52    -0.15925
116  -52    -0.14008
116   53    -0.15709
116  -53    -0.04317
116   54    -0.06393
116  -54    -0.12436
116   55    -0.04211
116  -55    -0.01811
116   56    -0.01076
116  -56    -0.09472
116   57     0.06715
116  -57     0.03108
116   58     0.20701
116  -58    -0.01114
116   59     0.14907
116  -59    -0.01287
116   60    -0.24794
116  -60    -0.01870
116   61    -0.14445
116  -61    -0.05197
116   62    -0.11524
116  -62    -0.09830
116   63     0.09573
116  -63    -0.16656
116   64     0.01792
116  -64    -0.18760
116   65     0.08210
116  -65    -0.20808
116   66     0.00962
116  -66    -0.09020
116   67     0.27422
116  -67    -0.18323
116   68     0.17681
116  -68    -0.10704
116   69     0.03985
116  -69    -0.03554
116   70     0.07797
116  -70    -0.07471
116   71    -0.15071
116  -71    -0.26185
116   72    -0.05448
116  -72    -0.05000
116   73     0.17904
116  -73     0.15726
116   74     0.03055
116  -74     0.12303
116   75     0.04965
116  -75    -0.01963
116   76     0.05256
116  -76    -0.17464
116   77     0.35950
116  -77    -0.06226
116   78     0.25643
116  -78     0.01423
116   79     0.02864
116  -79    -0.03724
116   80     0.03151
116  -80     0.06726
116   81     0.05215
116  -81     0.03626
116   82    -0.05906
116  -82    -0.03954
116   83     0.02118
116  -83     0.04471
116   84     0.04984
116  -84     0.16694
116   85     0.05980
116  -85     0.01502
116   86    -0.09990
116  -86    -0.15480
116   87    -0.05416
116  -87    -0.05878
116   88     0.01497
116  -88    -0.04184
116   89     0.08952
116  -89     0.11603
116   90     0.09672
116  -90     0.11637
116   91    -0.08595
116  -91    -0.23088
116   92     0.04635
116  -92    -0.37921
116   93    -0.06126
116  -93    -0.17800
116   94     0.14543
116  -94     0.08613
116   95     0.17705
116  -95    -0.01487
116   96     0.06905
116  -96     0.00629
116   97     0.21388
116  -97    -0.06967
116   98    -0.18108
116  -98     0.15667
116   99     0.10713
116  -99    -0.01065
116  100    -0.01346
116 -100     0.00374
116  101     0.09130
116 -101    -0.11632
116  102     0.10635
116 -102     0.00765
116  103    -0.01754
116 -103    -0.04344
116  104     0.12418
116 -104    -0.28699
116  105     0.06183
116 -105    -0.02380
116  106     0.12782
116 -106     0.09990
116  107     0.27458
116 -107    -0.03807
116  108     0.05759
116 -108    -0.06028
116  109     0.19948
116 -109    -0.02456
116  110     0.02925
116 -110    -0.08810
116  111     0.03633
116 -111    -0.00179
116  112    -0.12126
116 -112     0.01967
116  113     0.10792
116 -113    -0.09260
116  114    -0.11152
116 -114     0.00546
116  115    -0.21331
116 -115    -0.05349
116  116     0.06463
116 -116     0.02493
117    0     0.38534
117    1    -0.42526
117   -1     0.03590
117    2    -0.35708
117   -2    -0.12915
117    3     0.12195
117   -3    -0.14393
117    4     0.41956
117   -4     0.13771
117    5    -0.03275
117   -5     0.16945
117    6    -0.25482
117   -6     0.08407
117    7    -0.09776
117   -7    -0.18452
117    8     0.06838
117   -8    -0.00072
117    9     0.24614
117   -9     0.08245
117   10    -0.13636
117  -10     0.10056
117   11    -0.36835
117  -11    -0.18052
117   12    -0.16714
117  -12    -0.17076
117   13     0.28987
117  -13     0.53373
117   14     0.09639
117  -14     0.22652
117   15    -0.02505
117  -15    -0.31394
117   16    -0.11074
117  -16    -0.32141
117   17    -0.19160
117  -17     0.04344
117   18    -0.18224
117  -18     0.05176
117   19     0.05509
117  -19     0.05181
117   20     0.52027
117  -20     0.23134
117   21     0.08927
117  -21     0.00745
117   22    -0.14980
117  -22    -0.51471
117   23    -0.12362
117  -23    -0.19216
117   24     0.10773
117  -24     0.30766
117   25    -0.01611
117  -25     0.30970
117   26    -0.22849
117  -26    -0.12070
117   27    -0.00070
117  -27    -0.38075
117   28     0.19034
117  -28     0.12714
117   29    -0.17661
117  -29     0.27477
117   30    -0.13149
117  -30     0.24456
117   31     0.01780
117  -31    -0.11424
117   32    -0.01256
117  -32    -0.24166
117   33    -0.12111
117  -33    -0.02183
117   34    -0.05631
117  -34     0.21656
117   35     0.09205
117  -35     0.36431
117   36     0.10071
117  -36    -0.00185
117   37    -0.09629
117  -37    -0.28695
117   38    -0.34042
117  -38    -0.23206
117   39    -0.09567
117  -39    -0.01327
117   40     0.19310
117  -40     0.13356
117   41     0.09330
117  -41     0.15391
117   42    -0.15155
117  -42    -0.02534
117   43    -0.06316
117  -43    -0.20316
117   44    -0.13369
117  -44    -0.03993
117   45    -0.34957
117  -45    -0.07032
117   46    -0.13654
117  -46    -0.05032
117   47    -0.01837
117  -47     0.06283
117   48     0.14166
117  -48     0.09851
117   49     0.28995
117  -49    -0.16001
117   50    -0.04445
117  -50    -0.06016
117   51     0.00344
117  -51     0.09953
117   52     0.06838
117  -52     0.12860
117   53     0.04136
117  -53     0.16482
117   54     0.04833
117  -54     0.06484
117   55     0.10846
117  -55     0.17086
117   56    -0.06914
117  -56     0.15046
117   57     0.05103
117  -57     0.11820
117   58    -0.18693
117  -58     0.07889
117   59    -0.29006
117  -59     0.01043
117   60     0.00812
117  -60    -0.00875
117   61     0.12676
117  -61     0.01846
117   62     0.11537
117  -62     0.11542
117   63    -0.07350
117  -63     0.16053
117   64    -0.13214
117  -64     0.28610
117   65     0.13127
117  -65     0.23063
117   66     0.04785
117  -66     0.08391
117   67    -0.10702
117  -67     0.09790
117   68    -0.23399
117  -68     0.06615
117   69     0.01611
117  -69    -0.04841
117   70    -0.07206
117  -70     0.11486
117   71     0.02242
117  -71     0.16909
117   72    -0.07425
117  -72     0.26046
117   73     0.06385
117  -73    -0.19795
117   74    -0.13894
117  -74    -0.19676
117   75     0.03879
117  -75    -0.29926
117   76    -0.08918
117  -76     0.19578
117   77    -0.15574
117  -77     0.09753
117   78    -0.08655
117  -78     0.16767
117   79     0.02490
117  -79    -0.04486
117   80     0.15941
117  -80    -0.19827
117   81     0.10689
117  -81    -0.24013
117   82    -0.09390
117  -82     0.11751
117   83    -0.16729
117  -83    -0.01076
117   84    -0.29161
117  -84    -0.07243
117   85    -0.09414
117  -85    -0.19799
117   86     0.07360
117  -86    -0.06156
117   87     0.14978
117  -87    -0.08266
117   88     0.01594
117  -88    -0.21243
117   89    -0.04690
117  -89    -0.01675
117   90    -0.13821
117  -90    -0.08367
117   91    -0.01300
117  -91     0.00321
117   92     0.01525
117  -92     0.18682
117   93    -0.08837
117  -93     0.15938
117   94     0.13101
117  -94    -0.21853
117   95     0.12234
117  -95    -0.25388
117   96    -0.06402
117  -96    -0.07281
117   97    -0.03142
117  -97    -0.08638
117   98     0.32843
117  -98    -0.09745
117   99    -0.09557
117  -99    -0.13443
117  100     0.05842
117 -100    -0.04031
117  101    -0.08862
117 -101     0.01488
117  102    -0.08796
117 -102    -0.24531
117  103     0.04156
117 -103    -0.16570
117  104     0.14086
117 -104    -0.18331
117  105     0.07485
117 -105     0.15742
117  106     0.15386
117 -106     0.11769
117  107    -0.03519
117 -107    -0.01319
117  108     0.13828
117 -108     0.12399
117  109     0.14118
117 -109     0.17587
117  110    -0.02122
117 -110     0.12948
117  111     0.17455
117 -111     0.16520
117  112    -0.03408
117 -112     0.15403
117  113    -0.18444
117 -113    -0.16660
117  114     0.12720
117 -114    -0.14265
117  115    -0.03849
117 -115    -0.14288
117  116     0.04786
117 -116    -0.04948
117  117    -0.04061
117 -117    -0.04788
118    0    -0.30577
118    1    -0.09050
118   -1    -0.02197
118    2     0.35558
118   -2     0.17658
118    3    -0.13136
118   -3     0.20705
118    4    -0.41154
118   -4    -0.12129
118    5    -0.02994
118   -5    -0.17549
118    6     0.32314
118   -6    -0.06158
118    7     0.01745
118   -7     0.09488
118    8    -0.03229
118   -8    -0.02970
118    9    -0.09515
118   -9    -0.10745
118   10     0.07825
118  -10    -0.22453
118   11     0.24929
118  -11     0.12178
118   12     0.02990
118  -12     0.28329
118   13    -0.28128
118  -13    -0.34125
118   14    -0.16231
118  -14    -0.41733
118   15     0.02607
118  -15     0.31001
118   16     0.08872
118  -16     0.45979
118   17     0.19749
118  -17     0.05381
118   18     0.25900
118  -18     0.04003
118   19    -0.00360
118  -19    -0.06217
118   20    -0.43292
118  -20    -0.25353
118   21    -0.25816
118  -21    -0.09717
118   22     0.15254
118  -22     0.33214
118   23     0.20865
118  -23     0.30405
118   24    -0.10907
118  -24    -0.08929
118   25    -0.10348
118  -25    -0.28785
118   26     0.12953
118  -26     0.00213
118   27     0.00105
118  -27     0.34537
118   28    -0.24324
118  -28     0.20594
118   29     0.10682
118  -29    -0.19392
118   30     0.23839
118  -30    -0.24028
118   31     0.10510
118  -31    -0.03673
118   32    -0.07216
118  -32     0.16318
118   33     0.05359
118  -33     0.04146
118   34    -0.04853
118  -34    -0.06282
118   35     0.01046
118  -35    -0.13805
118   36    -0.04962
118  -36     0.05517
118   37     0.16634
118  -37     0.20679
118   38     0.21470
118  -38     0.16772
118   39     0.00933
118  -39    -0.02144
118   40    -0.12075
118  -40    -0.23082
118   41     0.02219
118  -41    -0.20714
118   42     0.15724
118  -42    -0.02612
118   43     0.13609
118  -43     0.21928
118   44     0.12862
118  -44     0.11775
118   45     0.19604
118  -45    -0.07730
118   46     0.21307
118  -46    -0.10295
118   47    -0.01385
118  -47    -0.05563
118   48    -0.25611
118  -48    -0.08944
118   49    -0.29093
118  -49     0.05164
118   50    -0.13713
118  -50     0.09658
118   51    -0.02392
118  -51    -0.09619
118   52    -0.05607
118  -52    -0.01546
118   53    -0.07969
118  -53    -0.12097
118   54    -0.08373
118  -54    -0.14692
118   55    -0.05021
118  -55    -0.15358
118   56    -0.15800
118  -56    -0.13549
118   57    -0.07839
118  -57    -0.21755
118   58    -0.02556
118  -58    -0.02176
118   59     0.27209
118  -59    -0.07183
118   60    -0.00108
118  -60     0.00403
118   61    -0.12668
118  -61     0.00177
118   62    -0.08673
118  -62    -0.13672
118   63    -0.05807
118  -63    -0.12004
118   64     0.06527
118  -64    -0.16769
118   65    -0.01381
118  -65    -0.20298
118   66    -0.07323
118  -66     0.04025
118   67    -0.01515
118  -67    -0.02259
118   68     0.26516
118  -68    -0.05774
118   69     0.17788
118  -69     0.15869
118   70     0.20516
118  -70     0.16506
118   71     0.09526
118  -71     0.03219
118   72     0.15321
118  -72    -0.18956
118   73    -0.09008
118  -73    -0.00169
118   74     0.07925
118  -74     0.14906
118   75    -0.05447
118  -75     0.26425
118   76     0.04903
118  -76    -0.14957
118   77     0.17326
118  -77    -0.18895
118   78     0.23166
118  -78    -0.01187
118   79     0.19120
118  -79    -0.02648
118   80     0.06905
118  -80     0.05900
118   81    -0.07521
118  -81     0.03891
118   82    -0.06825
118  -82     0.07859
118   83    -0.03459
118  -83     0.10675
118   84     0.13028
118  -84     0.00231
118   85     0.19652
118  -85     0.09692
118   86    -0.21031
118  -86     0.02036
118   87    -0.11407
118  -87    -0.20564
118   88     0.10785
118  -88     0.24202
118   89     0.08269
118  -89    -0.07436
118   90     0.03197
118  -90     0.02204
118   91    -0.07266
118  -91     0.07691
118   92    -0.24803
118  -92     0.02109
118   93     0.06944
118  -93    -0.11933
118   94    -0.05030
118  -94    -0.04892
118   95     0.03550
118  -95     0.00878
118   96     0.10827
118  -96    -0.08819
118   97     0.18622
118  -97    -0.06557
118   98     0.19951
118  -98    -0.11735
118   99     0.09409
118  -99     0.01731
118  100    -0.16196
118 -100     0.04550
118  101    -0.06879
118 -101     0.12440
118  102    -0.00966
118 -102     0.26468
118  103    -0.10920
118 -103     0.17518
118  104    -0.01044
118 -104     0.08876
118  105     0.12531
118 -105    -0.19146
118  106     0.09838
118 -106    -0.21127
118  107     0.17464
118 -107    -0.00718
118  108    -0.04489
118 -108     0.13700
118  109     0.04981
118 -109    -0.08476
118  110     0.14998
118 -110     0.08279
118  111     0.01367
118 -111     0.06536
118  112    -0.02754
118 -112    -0.08535
118  113    -0.13944
118 -113     0.02954
118  114    -0.10862
118 -114     0.03223
118  115     0.05625
118 -115     0.15597
118  116     0.01821
118 -116    -0.12559
118  117    -0.06721
118 -117    -0.02768
118  118    -0.16257
118 -118    -0.02301
119    0     0.44340
119    1    -0.23889
119   -1    -0.03526
119    2    -0.42518
119   -2     0.10515
119    3    -0.06963
119   -3    -0.23900
119    4     0.43429
119   -4    -0.00630
119    5     0.02112
119   -5     0.28912
119    6    -0.20707
119   -6     0.13496
119    7    -0.07165
119   -7    -0.11575
119    8     0.06933
119   -8     0.00989
119    9     0.11495
119   -9     0.33162
119   10     0.06293
119  -10     0.21361
119   11    -0.10066
119  -11    -0.17624
119   12    -0.10303
119  -12    -0.18852
119   13     0.17107
119  -13     0.14818
119   14     0.05445
119  -14     0.44572
119   15     0.06285
119  -15    -0.03498
119   16    -0.02732
119  -16    -0.34334
119   17    -0.13471
119  -17    -0.16989
119   18    -0.20418
119  -18     0.03967
119   19    -0.05820
119  -19     0.17079
119   20     0.16933
119  -20     0.18492
119   21     0.22012
119  -21     0.31162
119   22    -0.09650
119  -22    -0.27394
119   23    -0.02112
119  -23    -0.30782
119   24    -0.08227
119  -24    -0.02163
119   25     0.02926
119  -25     0.19183
119   26     0.00030
119  -26     0.00909
119   27     0.05880
119  -27    -0.35300
119   28     0.11442
119  -28    -0.30939
119   29    -0.09265
119  -29     0.10396
119   30    -0.07394
119  -30     0.22686
119   31    -0.08636
119  -31     0.14116
119   32     0.10157
119  -32     0.00626
119   33    -0.00533
119  -33    -0.06208
119   34     0.05559
119  -34     0.01872
119   35     0.01794
119  -35     0.05382
119   36     0.01270
119  -36    -0.01292
119   37    -0.00364
119  -37    -0.14914
119   38    -0.08983
119  -38    -0.19238
119   39    -0.02305
119  -39    -0.06687
119   40     0.04499
119  -40     0.11162
119   41    -0.01665
119  -41     0.09137
119   42    -0.05456
119  -42     0.05112
119   43    -0.20011
119  -43    -0.10052
119   44    -0.07456
119  -44    -0.02763
119   45    -0.13789
119  -45     0.10971
119   46    -0.30292
119  -46     0.08008
119   47    -0.14956
119  -47     0.12377
119   48     0.18679
119  -48     0.10246
119   49     0.19127
119  -49    -0.11353
119   50     0.22963
119  -50    -0.27706
119   51    -0.00169
119  -51     0.05685
119   52     0.08562
119  -52     0.10722
119   53     0.19727
119  -53     0.12889
119   54     0.03182
119  -54     0.08240
119   55     0.01933
119  -55     0.01864
119   56     0.04124
119  -56     0.01054
119   57    -0.08579
119  -57     0.08314
119   58    -0.08747
119  -58     0.04621
119   59    -0.19301
119  -59     0.02328
119   60    -0.23521
119  -60     0.02514
119   61     0.11028
119  -61     0.06273
119   62     0.11465
119  -62     0.17396
119   63     0.06631
119  -63     0.13501
119   64    -0.21803
119  -64     0.06251
119   65    -0.16188
119  -65     0.11811
119   66    -0.03847
119  -66     0.13717
119   67     0.19524
119  -67     0.00333
119   68    -0.15817
119  -68     0.10391
119   69    -0.08856
119  -69     0.09098
119   70    -0.07339
119  -70     0.11232
119   71    -0.12943
119  -71     0.08696
119   72    -0.27076
119  -72     0.20293
119   73    -0.09095
119  -73     0.10059
119   74    -0.19104
119  -74     0.04231
119   75     0.15668
119  -75    -0.13518
119   76     0.25253
119  -76     0.00647
119   77    -0.00323
119  -77     0.05397
119   78    -0.16367
119  -78     0.03060
119   79    -0.05660
119  -79     0.06489
119   80    -0.06124
119  -80     0.13466
119   81     0.14476
119  -81    -0.13199
119   82     0.00889
119  -82     0.02137
119   83    -0.01988
119  -83     0.02597
119   84    -0.20329
119  -84     0.05023
119   85    -0.24040
119  -85    -0.03644
119   86    -0.06637
119  -86     0.06353
119   87     0.04045
119  -87     0.04016
119   88     0.05722
119  -88    -0.07567
119   89     0.08349
119  -89     0.06888
119   90     0.07469
119  -90     0.00025
119   91    -0.06318
119  -91    -0.23182
119   92     0.06163
119  -92    -0.36524
119   93    -0.13625
119  -93    -0.11585
119   94    -0.08056
119  -94     0.02212
119   95     0.03873
119  -95    -0.12703
119   96     0.15772
119  -96    -0.08476
119   97    -0.00167
119  -97    -0.09893
119   98     0.03741
119  -98    -0.09685
119   99     0.11369
119  -99    -0.26983
119  100     0.16996
119 -100    -0.13286
119  101     0.05440
119 -101    -0.05728
119  102    -0.22323
119 -102    -0.19503
119  103     0.04005
119 -103    -0.04262
119  104     0.06839
119 -104    -0.01794
119  105     0.03101
119 -105     0.02453
119  106     0.07591
119 -106     0.03762
119  107    -0.13956
119 -107     0.03477
119  108    -0.02184
119 -108    -0.10136
119  109     0.08056
119 -109     0.00280
119  110     0.01945
119 -110     0.10416
119  111     0.10816
119 -111     0.11400
119  112     0.00869
119 -112     0.02651
119  113    -0.00069
119 -113    -0.06316
119  114    -0.18104
119 -114     0.07121
119  115     0.05697
119 -115    -0.06501
119  116     0.06548
119 -116    -0.08908
119  117     0.18478
119 -117    -0.03760
119  118     0.08697
119 -118    -0.20903
119  119    -0.00224
119 -119    -0.07280
120    0    -0.34367
120    1    -0.21692
120   -1     0.03906
120    2     0.41061
120   -2    -0.06556
120    3     0.01091
120   -3     0.17389
120    4    -0.41282
120   -4     0.16276
120    5    -0.21717
120   -5    -0.24917
120    6     0.20053
120   -6    -0.11590
120    7     0.12425
120   -7     0.17753
120    8    -0.13078
120   -8     0.10463
120    9    -0.03869
120   -9    -0.14208
120   10     0.04085
120  -10    -0.18727
120   11     0.26388
120  -11     0.00388
120   12     0.18692
120  -12     0.23985
120   13    -0.23477
120  -13     0.05015
120   14    -0.18590
120  -14    -0.42622
120   15    -0.08401
120  -15    -0.16167
120   16     0.00327
120  -16     0.38398
120   17     0.09183
120  -17     0.20995
120   18     0.20968
120  -18    -0.06857
120   19     0.14619
120  -19    -0.07297
120   20    -0.08355
120  -20    -0.18029
120   21    -0.19808
120  -21    -0.28328
120   22    -0.08313
120  -22     0.13293
120   23     0.10658
120  -23     0.22378
120   24     0.14119
120  -24     0.12865
120   25    -0.01077
120  -25    -0.15495
120   26    -0.08736
120  -26    -0.03145
120   27    -0.07514
120  -27     0.23371
120   28     0.04013
120  -28     0.30764
120   29    -0.03391
120  -29     0.00851
120   30     0.06299
120  -30    -0.15423
120   31     0.06771
120  -31    -0.13010
120   32    -0.01640
120  -32     0.05331
120   33     0.05550
120  -33     0.09190
120   34     0.02092
120  -34     0.11041
120   35    -0.09915
120  -35    -0.11999
120   36    -0.16462
120  -36     0.05587
120   37    -0.15482
120  -37     0.22864
120   38     0.16190
120  -38     0.23780
120   39     0.07357
120  -39     0.07378
120   40    -0.12532
120  -40    -0.05560
120   41    -0.04790
120  -41    -0.08079
120   42     0.12597
120  -42    -0.08108
120   43     0.25200
120  -43     0.07392
120   44     0.12008
120  -44     0.18465
120   45     0.06829
120  -45     0.10526
120   46     0.24173
120  -46    -0.14929
120   47     0.13962
120  -47    -0.17893
120   48    -0.09261
120  -48    -0.14958
120   49    -0.20721
120  -49    -0.01388
120   50    -0.22436
120  -50     0.24239
120   51    -0.08037
120  -51     0.04025
120   52    -0.08425
120  -52    -0.18767
120   53    -0.12495
120  -53    -0.15833
120   54    -0.11328
120  -54    -0.13382
120   55     0.04444
120  -55    -0.00937
120   56     0.11427
120  -56    -0.03351
120   57     0.06914
120  -57    -0.15952
120   58     0.00947
120  -58    -0.10765
120   59     0.10877
120  -59    -0.17486
120   60     0.22509
120  -60    -0.21461
120   61     0.01759
120  -61    -0.06897
120   62    -0.10762
120  -62    -0.02239
120   63     0.11067
120  -63    -0.09492
120   64     0.10020
120  -64     0.01995
120   65     0.09057
120  -65    -0.09735
120   66     0.05928
120  -66    -0.06147
120   67    -0.13862
120  -67     0.04455
120   68    -0.02847
120  -68    -0.11941
120   69     0.12053
120  -69     0.04590
120   70     0.03190
120  -70     0.15197
120   71    -0.01396
120  -71     0.01779
120   72    -0.06251
120  -72     0.04033
120   73     0.15518
120  -73    -0.00794
120   74     0.04151
120  -74     0.03812
120   75    -0.06827
120  -75     0.01506
120   76    -0.34470
120  -76    -0.05154
120   77    -0.05653
120  -77     0.11173
120   78     0.09030
120  -78     0.09465
120   79     0.11039
120  -79    -0.17800
120   80     0.24940
120  -80    -0.02879
120   81     0.10173
120  -81    -0.05750
120   82     0.12524
120  -82    -0.00381
120   83     0.11427
120  -83    -0.14629
120   84    -0.00591
120  -84     0.06342
120   85     0.00484
120  -85     0.03766
120   86    -0.09281
120  -86    -0.02135
120   87    -0.20239
120  -87    -0.15757
120   88    -0.36484
120  -88    -0.14087
120   89     0.03657
120  -89     0.02753
120   90     0.04659
120  -90    -0.06760
120   91     0.13486
120  -91    -0.00600
120   92    -0.10281
120  -92     0.01719
120   93    -0.07263
120  -93     0.04469
120   94    -0.01622
120  -94    -0.06529
120   95    -0.07529
120  -95     0.10884
120   96    -0.00157
120  -96     0.01631
120   97     0.06444
120  -97    -0.00801
120   98     0.04521
120  -98     0.01276
120   99     0.15180
120  -99     0.03973
120  100     0.09262
120 -100     0.03877
120  101    -0.05389
120 -101    -0.12739
120  102    -0.03134
120 -102    -0.04038
120  103    -0.14522
120 -103    -0.03514
120  104     0.07140
120 -104    -0.01149
120  105    -0.13968
120 -105     0.16042
120  106    -0.04604
120 -106    -0.00992
120  107     0.10385
120 -107    -0.01852
120  108     0.23684
120 -108     0.00421
120  109     0.02280
120 -109     0.03087
120  110    -0.17108
120 -110     0.07352
120  111    -0.02582
120 -111    -0.07566
120  112     0.12010
120 -112     0.17139
120  113    -0.25020
120 -113     0.22493
120  114     0.04153
120 -114    -0.01503
120  115    -0.03085
120 -115     0.11573
120  116     0.04086
120 -116     0.05910
120  117     0.19420
120 -117    -0.08588
120  118     0.10558
120 -118     0.11330
120  119     0.22579
120 -119    -0.08036
120  120     0.03473
120 -120     0.09405
121    0     0.36835
121    1    -0.06923
121   -1    -0.18926
121    2    -0.39360
121   -2     0.16882
121    3    -0.24191
121   -3    -0.01872
121    4     0.40853
121   -4    -0.25794
121    5     0.15658
121   -5     0.10486
121    6    -0.26426
121   -6     0.22420
121    7    -0.10093
121   -7    -0.07926
121    8     0.12266
121   -8    -0.19253
121    9     0.03975
121   -9     0.22208
121   10     0.03374
121  -10     0.31125
121   11    -0.19117
121  -11     0.01094
121   12    -0.23911
121  -12    -0.24566
121   13     0.03123
121  -13     0.02975
121   14     0.24685
121  -14     0.38128
121   15     0.08987
121  -15     0.22806
121   16     0.05459
121  -16    -0.23247
121   17     0.01593
121  -17    -0.27183
121   18    -0.19949
121  -18     0.01340
121   19    -0.25644
121  -19     0.13920
121   20     0.01858
121  -20     0.15532
121   21     0.16660
121  -21     0.16026
121   22     0.02608
121  -22     0.08001
121   23    -0.04045
121  -23    -0.16705
121   24    -0.07130
121  -24    -0.04643
121   25    -0.05406
121  -25     0.10047
121   26    -0.04044
121  -26     0.11178
121   27     0.13424
121  -27    -0.07572
121   28     0.05168
121  -28    -0.26005
121   29     0.02731
121  -29    -0.05939
121   30    -0.05160
121  -30     0.12538
121   31    -0.01072
121  -31     0.16229
121   32    -0.09469
121  -32    -0.10892
121   33    -0.08453
121  -33    -0.18412
121   34    -0.01253
121  -34    -0.13824
121   35     0.12963
121  -35     0.18870
121   36     0.10264
121  -36    -0.02339
121   37     0.11817
121  -37    -0.20306
121   38    -0.02402
121  -38    -0.22801
121   39    -0.07283
121  -39    -0.12733
121   40     0.08926
121  -40    -0.04156
121   41     0.06861
121  -41     0.10446
121   42    -0.17107
121  -42    -0.04854
121   43    -0.20681
121  -43    -0.22671
121   44    -0.12065
121  -44    -0.19770
121   45     0.10353
121  -45    -0.01802
121   46    -0.16226
121  -46     0.15884
121   47    -0.29448
121  -47     0.14582
121   48    -0.09648
121  -48     0.18587
121   49     0.14336
121  -49     0.15974
121   50     0.20343
121  -50    -0.16822
121   51     0.20100
121  -51    -0.17714
121   52     0.03989
121  -52     0.02724
121   53     0.14159
121  -53     0.18472
121   54     0.13294
121  -54    -0.01771
121   55     0.10772
121  -55     0.09144
121   56    -0.03567
121  -56     0.13232
121   57    -0.04190
121  -57     0.18036
121   58    -0.03404
121  -58     0.18043
121   59    -0.09948
121  -59     0.14841
121   60    -0.27958
121  -60     0.17144
121   61    -0.13088
121  -61     0.01769
121   62    -0.06783
121  -62    -0.02871
121   63     0.02281
121  -63     0.06939
121   64     0.04239
121  -64     0.23221
121   65    -0.09160
121  -65     0.06853
121   66    -0.12259
121  -66     0.02014
121   67    -0.05132
121  -67    -0.04818
121   68    -0.06495
121  -68     0.00960
121   69    -0.07946
121  -69    -0.04149
121   70    -0.06717
121  -70    -0.00874
121   71     0.02322
121  -71     0.04806
121   72     0.09601
121  -72     0.16341
121   73    -0.09291
121  -73    -0.03097
121   74    -0.05314
121  -74    -0.02190
121   75    -0.15570
121  -75    -0.06470
121   76     0.03922
121  -76     0.02281
121   77     0.21100
121  -77     0.05424
121   78    -0.09242
121  -78    -0.03778
121   79    -0.22767
121  -79    -0.06347
121   80    -0.12995
121  -80     0.05943
121   81     0.02337
121  -81     0.17949
121   82     0.07860
121  -82     0.27331
121   83    -0.10417
121  -83     0.20357
121   84    -0.10285
121  -84     0.17308
121   85    -0.02126
121  -85     0.05367
121   86    -0.02094
121  -86     0.08357
121   87    -0.05780
121  -87    -0.02565
121   88     0.02359
121  -88     0.01374
121   89     0.06495
121  -89    -0.06425
121   90    -0.04231
121  -90     0.15125
121   91     0.02283
121  -91    -0.01845
121   92     0.08835
121  -92    -0.00762
121   93     0.20032
121  -93    -0.21958
121   94     0.11483
121  -94    -0.13306
121   95     0.05188
121  -95    -0.08744
121   96    -0.07833
121  -96    -0.06747
121   97     0.11727
121  -97     0.00561
121   98     0.07200
121  -98    -0.02284
121   99    -0.05654
121  -99    -0.17738
121  100     0.08375
121 -100    -0.19735
121  101    -0.04791
121 -101    -0.09720
121  102     0.01180
121 -102    -0.07175
121  103     0.04098
121 -103     0.12097
121  104     0.02405
121 -104     0.00912
121  105     0.22237
121 -105     0.07988
121  106     0.08381
121 -106     0.12140
121  107    -0.12105
121 -107    -0.02761
121  108    -0.03795
121 -108     0.02526
121  109     0.03984
121 -109    -0.08763
121  110     0.13000
121 -110     0.04758
121  111     0.12953
121 -111     0.14815
121  112    -0.08908
121 -112    -0.06865
121  113    -0.02732
121 -113    -0.06312
121  114    -0.03052
121 -114    -0.04594
121  115    -0.12805
121 -115     0.08461
121  116    -0.14080
121 -116     0.02608
121  117     0.13740
121 -117    -0.00134
121  118     0.09678
121 -118    -0.00505
121  119    -0.08922
121 -119     0.00903
121  120     0.12930
121 -120    -0.08861
121  121    -0.01842
121 -121    -0.01365
122    0    -0.28392
122    1    -0.40448
122   -1     0.17282
122    2     0.39145
122   -2     0.00616
122    3     0.15842
122   -3    -0.08447
122    4    -0.29300
122   -4     0.29711
122    5    -0.29314
122   -5    -0.00191
122    6     0.16358
122   -6    -0.22655
122    7     0.08327
122   -7     0.01786
122    8    -0.15076
122   -8     0.21929
122    9    -0.11458
122   -9    -0.08389
122   10    -0.08195
122  -10    -0.16652
122   11     0.20138
122  -11    -0.11097
122   12     0.18903
122  -12     0.11903
122   13     0.08358
122  -13     0.07892
122   14    -0.14013
122  -14    -0.21592
122   15    -0.00656
122  -15    -0.08604
122   16    -0.15755
122  -16     0.13422
122   17     0.02730
122  -17     0.25418
122   18     0.20849
122  -18     0.03952
122   19     0.21381
122  -19    -0.20257
122   20     0.02196
122  -20    -0.09573
122   21    -0.14908
122  -21    -0.10340
122   22    -0.12785
122  -22    -0.21099
122   23    -0.07943
122  -23     0.10784
122   24     0.10085
122  -24    -0.02142
122   25     0.06470
122  -25    -0.10309
122   26     0.07982
122  -26    -0.20835
122   27    -0.21238
122  -27     0.04398
122   28    -0.13012
122  -28     0.22915
122   29     0.15064
122  -29     0.11871
122   30     0.09127
122  -30    -0.07482
122   31     0.02613
122  -31    -0.13107
122   32     0.04283
122  -32     0.08628
122   33     0.16851
122  -33     0.16116
122   34     0.11368
122  -34     0.21904
122   35    -0.09954
122  -35    -0.06500
122   36    -0.07614
122  -36    -0.08210
122   37    -0.14485
122  -37     0.02681
122   38    -0.05387
122  -38     0.21328
122   39     0.10967
122  -39     0.08621
122   40     0.00422
122  -40    -0.03194
122   41    -0.10889
122  -41    -0.10219
122   42     0.06895
122  -42     0.16157
122   43     0.12121
122  -43     0.29596
122   44     0.11097
122  -44     0.24339
122   45    -0.14741
122  -45     0.15238
122   46     0.05509
122  -46     0.06387
122   47     0.26231
122  -47    -0.18238
122   48     0.14499
122  -48    -0.19650
122   49    -0.11666
122  -49    -0.15354
122   50    -0.09646
122  -50    -0.02363
122   51    -0.17220
122  -51     0.21211
122   52    -0.02951
122  -52     0.13830
122   53    -0.05164
122  -53    -0.03659
122   54    -0.13067
122  -54    -0.02820
122   55    -0.12492
122  -55    -0.20713
122   56    -0.02928
122  -56    -0.07451
122   57     0.11942
122  -57    -0.11532
122   58    -0.00397
122  -58    -0.15327
122   59     0.07063
122  -59    -0.04016
122   60     0.19097
122  -60    -0.13048
122   61     0.26582
122  -61    -0.21476
122   62     0.05726
122  -62    -0.03161
122   63    -0.06205
122  -63     0.01020
122   64    -0.00220
122  -64    -0.16666
122   65     0.08213
122  -65    -0.02713
122   66     0.06454
122  -66    -0.04859
122   67     0.13876
122  -67     0.00888
122   68     0.03715
122  -68     0.01992
122   69     0.08801
122  -69    -0.04265
122   70     0.04129
122  -70    -0.00796
122   71    -0.02736
122  -71     0.04927
122   72    -0.17041
122  -72    -0.02704
122   73    -0.09567
122  -73     0.05242
122   74    -0.10348
122  -74     0.15595
122   75     0.02100
122  -75     0.12293
122   76     0.01577
122  -76     0.00485
122   77    -0.13783
122  -77    -0.19690
122   78    -0.05068
122  -78    -0.03179
122   79     0.00188
122  -79     0.04299
122   80     0.01026
122  -80    -0.12577
122   81     0.09644
122  -81    -0.22753
122   82    -0.04926
122  -82    -0.19189
122   83     0.09242
122  -83    -0.15984
122   84     0.00429
122  -84    -0.22240
122   85     0.09939
122  -85     0.03964
122   86     0.01919
122  -86     0.06420
122   87    -0.15220
122  -87    -0.02653
122   88    -0.06546
122  -88    -0.01166
122   89    -0.19710
122  -89    -0.06349
122   90    -0.10585
122  -90    -0.13702
122   91    -0.00875
122  -91    -0.06647
122   92    -0.06703
122  -92     0.00446
122   93    -0.20959
122  -93    -0.10990
122   94    -0.12775
122  -94    -0.12004
122   95    -0.09434
122  -95    -0.07012
122   96    -0.00785
122  -96     0.05835
122   97    -0.05481
122  -97     0.00092
122   98    -0.16655
122  -98    -0.02717
122   99     0.00802
122  -99     0.06772
122  100     0.05648
122 -100     0.11550
122  101     0.18968
122 -101     0.07332
122  102    -0.00082
122 -102     0.04606
122  103    -0.03605
122 -103    -0.16896
122  104    -0.14129
122 -104    -0.26965
122  105    -0.17238
122 -105    -0.08047
122  106    -0.00315
122 -106    -0.17633
122  107    -0.09285
122 -107     0.06077
122  108    -0.03549
122 -108     0.00025
122  109     0.04905
122 -109     0.15245
122  110    -0.03645
122 -110     0.14333
122  111    -0.07421
122 -111     0.08997
122  112     0.00206
122 -112    -0.04969
122  113     0.04205
122 -113    -0.01767
122  114    -0.05175
122 -114     0.13838
122  115    -0.00409
122 -115     0.03612
122  116     0.04009
122 -116     0.02885
122  117    -0.07742
122 -117     0.05550
122  118    -0.03951
122 -118     0.02033
122  119     0.23593
122 -119     0.11373
122  120     0.00709
122 -120     0.06508
122  121    -0.05324
122 -121     0.03702
122  122     0.17310
122 -122    -0.01203
123    0     0.26055
123    1     0.16911
123   -1    -0.22074
123    2    -0.23368
123   -2    -0.01401
123    3    -0.38002
123   -3     0.14385
123    4     0.24327
123   -4    -0.13632
123    5     0.25858
123   -5    -0.02385
123    6    -0.14334
123   -6     0.12655
123    7    -0.21831
123   -7     0.04085
123    8     0.18210
123   -8    -0.25480
123    9     0.16971
123   -9    -0.06548
123   10     0.04521
123  -10     0.26650
123   11     0.02748
123  -11     0.10326
123   12    -0.12517
123  -12    -0.11384
123   13    -0.16421
123  -13    -0.14491
123   14    -0.02501
123  -14     0.23776
123   15     0.01765
123  -15     0.21397
123   16     0.08194
123  -16    -0.01647
123   17     0.07854
123  -17    -0.21292
123   18     0.02861
123  -18    -0.03666
123   19    -0.14087
123  -19     0.12864
123   20    -0.10610
123  -20     0.11941
123   21     0.04156
123  -21     0.10527
123   22     0.15537
123  -22     0.07486
123   23     0.13950
123  -23    -0.02351
123   24    -0.06909
123  -24     0.04460
123   25    -0.08392
123  -25     0.13758
123   26    -0.08783
123  -26     0.19316
123   27     0.12104
123  -27    -0.01542
123   28     0.04820
123  -28    -0.11581
123   29    -0.05013
123  -29    -0.16376
123   30    -0.07657
123  -30     0.14921
123   31    -0.03707
123  -31     0.12512
123   32     0.07144
123  -32     0.07916
123   33    -0.12221
123  -33    -0.11728
123   34    -0.10668
123  -34    -0.12317
123   35     0.06809
123  -35     0.00986
123   36     0.09040
123  -36     0.10777
123   37     0.06969
123  -37    -0.01283
123   38     0.03100
123  -38    -0.22682
123   39    -0.06739
123  -39    -0.10894
123   40    -0.01109
123  -40    -0.01473
123   41     0.10500
123  -41     0.02505
123   42     0.05331
123  -42    -0.07212
123   43    -0.05914
123  -43    -0.25716
123   44    -0.08723
123  -44    -0.35309
123   45     0.05936
123  -45    -0.26689
123   46     0.03872
123  -46    -0.04001
123   47    -0.25889
123  -47     0.18553
123   48    -0.24157
123  -48     0.11149
123   49    -0.11910
123  -49     0.14513
123   50    -0.01722
123  -50     0.08255
123   51     0.09599
123  -51    -0.06315
123   52     0.05428
123  -52    -0.11690
123   53     0.09607
123  -53     0.01958
123   54     0.09737
123  -54     0.14094
123   55     0.12879
123  -55     0.15006
123   56     0.04353
123  -56     0.01634
123   57    -0.09351
123  -57     0.07040
123   58    -0.08798
123  -58     0.23577
123   59    -0.04823
123  -59     0.14972
123   60    -0.16165
123  -60     0.19971
123   61    -0.25665
123  -61     0.11072
123   62    -0.04965
123  -62     0.07542
123   63     0.05179
123  -63    -0.01757
123   64    -0.02991
123  -64    -0.01975
123   65     0.07202
123  -65     0.10416
123   66     0.01385
123  -66     0.19640
123   67    -0.04071
123  -67     0.04972
123   68     0.04957
123  -68     0.02201
123   69    -0.01411
123  -69     0.03177
123   70    -0.08804
123  -70     0.03157
123   71    -0.07803
123  -71    -0.00174
123   72    -0.10236
123  -72    -0.02024
123   73     0.10258
123  -73    -0.03891
123   74    -0.01194
123  -74    -0.09626
123   75     0.07694
123  -75    -0.14945
123   76    -0.16119
123  -76    -0.11023
123   77     0.04871
123  -77     0.12644
123   78     0.13166
123  -78     0.18229
123   79    -0.01633
123  -79     0.01576
123   80    -0.13489
123  -80    -0.07571
123   81    -0.02530
123  -81    -0.09968
123   82     0.00712
123  -82     0.31421
123   83     0.19120
123  -83     0.17367
123   84    -0.02696
123  -84     0.20499
123   85    -0.12493
123  -85    -0.07431
123   86    -0.14513
123  -86    -0.04384
123   87     0.01169
123  -87     0.16927
123   88    -0.08591
123  -88    -0.07417
123   89     0.05772
123  -89    -0.08154
123   90    -0.05311
123  -90     0.00137
123   91    -0.01023
123  -91     0.08475
123   92     0.14054
123  -92    -0.13803
123   93     0.10332
123  -93     0.00818
123   94     0.08034
123  -94    -0.10119
123   95     0.13823
123  -95     0.06098
123   96    -0.03616
123  -96    -0.12273
123   97    -0.06451
123  -97    -0.13512
123   98     0.07971
123  -98     0.07052
123   99    -0.02568
123  -99     0.03739
123  100     0.09477
123 -100    -0.13748
123  101     0.05449
123 -101    -0.12002
123  102     0.12421
123 -102    -0.01814
123  103     0.13099
123 -103     0.10980
123  104     0.18230
123 -104     0.18920
123  105     0.15380
123 -105     0.03074
123  106     0.13310
123 -106     0.16636
123  107     0.11758
123 -107     0.01386
123  108     0.03352
123 -108    -0.01743
123  109     0.06096
123 -109    -0.05769
123  110     0.03951
123 -110    -0.09264
123  111     0.04257
123 -111    -0.00308
123  112     0.08476
123 -112     0.13963
123  113     0.10407
123 -113     0.07751
123  114     0.01280
123 -114    -0.18065
123  115    -0.07157
123 -115     0.01118
123  116    -0.00837
123 -116     0.11570
123  117     0.05136
123 -117    -0.08675
123  118     0.04329
123 -118    -0.08577
123  119     0.02734
123 -119     0.11371
123  120    -0.00972
123 -120     0.02690
123  121     0.10168
123 -121     0.17549
123  122     0.00018
123 -122    -0.02469
123  123    -0.01746
123 -123     0.07236
124    0    -0.15306
124    1    -0.50357
124   -1     0.13724
124    2     0.18719
124   -2     0.07320
124    3     0.34108
124   -3    -0.14371
124    4    -0.27509
124   -4     0.02505
124    5    -0.30590
124   -5     0.11669
124    6     0.09991
124   -6    -0.09135
124    7     0.21184
124   -7    -0.10104
124    8    -0.07665
124   -8     0.22136
124    9    -0.14112
124   -9     0.18664
124   10     0.00104
124  -10    -0.21848
124   11    -0.03459
124  -11    -0.10439
124   12     0.05973
124  -12     0.07693
124   13    -0.00381
124  -13     0.12242
124   14     0.08805
124  -14    -0.09375
124   15     0.09356
124  -15    -0.18104
124   16    -0.13401
124  -16     0.14956
124   17    -0.21427
124  -17     0.17557
124   18    -0.04777
124  -18     0.19610
124   19     0.13471
124  -19    -0.05422
124   20     0.19852
124  -20    -0.26136
124   21     0.07860
124  -21    -0.06485
124   22    -0.16137
124  -22    -0.04662
124   23    -0.13892
124  -23     0.00110
124   24    -0.06479
124  -24     0.00020
124   25     0.14503
124  -25    -0.13895
124   26     0.17245
124  -26    -0.21594
124   27    -0.00916
124  -27    -0.08230
124   28    -0.16868
124  -28     0.12741
124   29    -0.03055
124  -29     0.19191
124   30     0.13194
124  -30    -0.10895
124   31    -0.03792
124  -31    -0.17992
124   32    -0.12843
124  -32    -0.16884
124   33    -0.01159
124  -33     0.09554
124   34     0.06293
124  -34     0.15619
124   35     0.06622
124  -35     0.01908
124   36    -0.03501
124  -36    -0.06532
124   37     0.00297
124  -37    -0.02599
124   38    -0.01900
124  -38     0.15386
124   39    -0.01108
124  -39     0.27495
124   40     0.05629
124  -40    -0.00328
124   41    -0.04362
124  -41    -0.09431
124   42    -0.15550
124  -42    -0.08935
124   43     0.01116
124  -43     0.18647
124   44     0.06812
124  -44     0.40636
124   45    -0.08010
124  -45     0.29650
124   46    -0.14149
124  -46     0.02515
124   47     0.07892
124  -47    -0.04273
124   48     0.20336
124  -48    -0.09905
124   49     0.03607
124  -49    -0.01333
124   50    -0.14575
124  -50    -0.13675
124   51    -0.05831
124  -51    -0.02703
124   52    -0.08743
124  -52     0.07445
124   53    -0.17587
124  -53    -0.03677
124   54    -0.11794
124  -54    -0.02227
124   55    -0.16249
124  -55     0.03779
124   56    -0.06427
124  -56    -0.02464
124   57    -0.03585
124  -57     0.05131
124   58     0.08687
124  -58    -0.09280
124   59     0.06668
124  -59    -0.16094
124   60     0.03544
124  -60    -0.04581
124   61     0.09333
124  -61    -0.04499
124   62     0.07132
124  -62    -0.00849
124   63     0.13047
124  -63    -0.05540
124   64     0.03428
124  -64     0.06999
124   65    -0.06210
124  -65    -0.01977
124   66    -0.06332
124  -66    -0.09444
124   67     0.03826
124  -67    -0.08773
124   68     0.00109
124  -68     0.00645
124   69     0.06071
124  -69    -0.02447
124   70     0.14776
124  -70    -0.05844
124   71     0.10844
124  -71     0.04741
124   72     0.02520
124  -72     0.11272
124   73    -0.10851
124  -73    -0.05107
124   74    -0.04371
124  -74     0.07582
124   75    -0.07646
124  -75     0.04916
124   76     0.09102
124  -76     0.04359
124   77     0.03375
124  -77    -0.13191
124   78    -0.06641
124  -78    -0.29349
124   79     0.01530
124  -79    -0.10695
124   80     0.08100
124  -80     0.01564
124   81    -0.04466
124  -81     0.01407
124   82    -0.01276
124  -82    -0.06468
124   83     0.00570
124  -83    -0.03368
124   84    -0.05722
124  -84     0.02488
124   85     0.10361
124  -85    -0.23032
124   86     0.15708
124  -86     0.02306
124   87     0.07801
124  -87    -0.05827
124   88    -0.05720
124  -88     0.00075
124   89     0.02898
124  -89    -0.09236
124   90    -0.03914
124  -90     0.05604
124   91    -0.01296
124  -91    -0.02511
124   92    -0.20531
124  -92    -0.07780
124   93     0.04689
124  -93    -0.08859
124   94    -0.07100
124  -94    -0.18457
124   95     0.01869
124  -95    -0.18153
124   96     0.01697
124  -96     0.00924
124   97     0.03857
124  -97     0.10149
124   98    -0.12490
124  -98    -0.03400
124   99    -0.09533
124  -99    -0.01856
124  100    -0.17895
124 -100     0.01342
124  101    -0.06850
124 -101     0.10417
124  102    -0.04099
124 -102     0.08617
124  103     0.00550
124 -103     0.14766
124  104     0.05137
124 -104    -0.02943
124  105    -0.09605
124 -105    -0.00293
124  106     0.08121
124 -106    -0.07288
124  107     0.00760
124 -107     0.09596
124  108     0.00677
124 -108     0.02018
124  109     0.03541
124 -109    -0.05360
124  110    -0.03683
124 -110     0.14858
124  111    -0.00622
124 -111     0.03962
124  112    -0.14234
124 -112    -0.08832
124  113     0.01241
124 -113    -0.01969
124  114     0.15407
124 -114    -0.10525
124  115     0.06493
124 -115     0.05654
124  116     0.06101
124 -116    -0.03979
124  117    -0.08784
124 -117    -0.04600
124  118    -0.00474
124 -118     0.08735
124  119    -0.04589
124 -119    -0.01006
124  120     0.01768
124 -120    -0.07804
124  121     0.07359
124 -121     0.17340
124  122    -0.08465
124 -122     0.10811
124  123    -0.00895
124 -123    -0.04382
124  124     0.03847
124 -124    -0.10790
125    0     0.15600
125    1     0.10309
125   -1    -0.11900
125    2     0.01874
125   -2     0.02200
125    3    -0.39824
125   -3     0.05517
125    4     0.12190
125   -4     0.01828
125    5     0.20857
125   -5    -0.08866
125    6    -0.04092
125   -6     0.16088
125    7    -0.26458
125   -7     0.13840
125    8    -0.07200
125   -8    -0.14515
125    9     0.20648
125   -9    -0.14127
125   10     0.05912
125  -10     0.13765
125   11     0.00426
125  -11     0.07167
125   12    -0.01971
125  -12    -0.09416
125   13     0.01971
125  -13    -0.14578
125   14    -0.03313
125  -14     0.02670
125   15    -0.09689
125  -15     0.20759
125   16     0.04997
125  -16    -0.10135
125   17     0.17869
125  -17    -0.23535
125   18     0.07343
125  -18    -0.17646
125   19    -0.06437
125  -19     0.08282
125   20    -0.13653
125  -20     0.19096
125   21    -0.15223
125  -21     0.17275
125   22    -0.02101
125  -22     0.07582
125   23     0.12542
125  -23    -0.06872
125   24     0.09979
125  -24     0.01138
125   25    -0.09063
125  -25     0.07908
125   26    -0.17597
125  -26     0.21964
125   27    -0.03566
125  -27     0.20903
125   28     0.18899
125  -28    -0.07468
125   29     0.06552
125  -29    -0.21352
125   30    -0.03081
125  -30    -0.03498
125   31    -0.01885
125  -31     0.19771
125   32     0.13792
125  -32     0.15451
125   33     0.14612
125  -33    -0.07279
125   34    -0.02571
125  -34    -0.13302
125   35    -0.07585
125  -35    -0.04955
125   36     0.02933
125  -36     0.14808
125   37     0.05582
125  -37     0.05698
125   38     0.04662
125  -38    -0.12239
125   39     0.04213
125  -39    -0.28302
125   40    -0.05120
125  -40    -0.03541
125   41     0.02023
125  -41     0.08776
125   42     0.06104
125  -42     0.13681
125   43     0.01621
125  -43    -0.12779
125   44     0.00682
125  -44    -0.31011
125   45     0.09589
125  -45    -0.36013
125   46     0.09325
125  -46    -0.15193
125   47    -0.08817
125  -47    -0.03646
125   48    -0.19947
125  -48    -0.05611
125   49    -0.05184
125  -49    -0.07479
125   50    -0.02864
125  -50     0.02210
125   51    -0.01007
125  -51    -0.02490
125   52     0.10496
125  -52    -0.10709
125   53     0.04031
125  -53     0.00194
125   54     0.13133
125  -54    -0.07878
125   55     0.09908
125  -55     0.01119
125   56     0.01599
125  -56     0.03654
125   57    -0.01347
125  -57    -0.10186
125   58    -0.16435
125  -58     0.00892
125   59    -0.03294
125  -59     0.10600
125   60     0.01018
125  -60     0.08618
125   61    -0.05077
125  -61     0.09491
125   62    -0.11164
125  -62     0.08006
125   63    -0.09068
125  -63     0.11377
125   64    -0.07188
125  -64     0.06828
125   65     0.04017
125  -65    -0.07168
125   66     0.11207
125  -66    -0.04561
125   67     0.05226
125  -67     0.09225
125   68    -0.00073
125  -68     0.04902
125   69     0.00360
125  -69     0.04171
125   70    -0.06668
125  -70     0.10833
125   71    -0.00374
125  -71     0.04396
125   72    -0.04452
125  -72    -0.04064
125   73     0.01273
125  -73     0.00732
125   74    -0.06533
125  -74     0.01968
125   75     0.12584
125  -75    -0.02411
125   76    -0.00547
125  -76    -0.00055
125   77    -0.01066
125  -77     0.07179
125   78    -0.07880
125  -78     0.27809
125   79    -0.01922
125  -79     0.19658
125   80    -0.03393
125  -80     0.06343
125   81    -0.01971
125  -81    -0.15658
125   82     0.06738
125  -82    -0.11446
125   83    -0.00970
125  -83     0.00722
125   84    -0.01730
125  -84     0.09582
125   85     0.00040
125  -85     0.14752
125   86    -0.09421
125  -86    -0.16244
125   87    -0.07103
125  -87    -0.06572
125   88    -0.04451
125  -88     0.15234
125   89    -0.09511
125  -89     0.01727
125   90     0.05527
125  -90    -0.02107
125   91     0.02378
125  -91    -0.09180
125   92    -0.01794
125  -92    -0.09735
125   93     0.05907
125  -93    -0.13106
125   94     0.05636
125  -94     0.03900
125   95     0.06043
125  -95    -0.13966
125   96     0.03328
125  -96    -0.05789
125   97    -0.10814
125  -97    -0.06133
125   98    -0.04512
125  -98     0.02279
125   99     0.00629
125  -99     0.07874
125  100    -0.12792
125 -100     0.00729
125  101     0.01479
125 -101    -0.08406
125  102     0.03129
125 -102    -0.13459
125  103     0.11955
125 -103    -0.10945
125  104     0.01856
125 -104    -0.05460
125  105     0.08993
125 -105     0.21480
125  106    -0.05139
125 -106     0.05149
125  107     0.00495
125 -107     0.08496
125  108     0.15192
125 -108     0.17064
125  109    -0.04138
125 -109     0.09464
125  110     0.13041
125 -110    -0.00171
125  111     0.03743
125 -111     0.05525
125  112    -0.12672
125 -112     0.01518
125  113     0.07069
125 -113     0.08169
125  114    -0.04930
125 -114     0.06309
125  115     0.13634
125 -115     0.02391
125  116     0.00946
125 -116    -0.00519
125  117     0.12648
125 -117     0.09874
125  118    -0.01759
125 -118    -0.15410
125  119     0.03474
125 -119    -0.11454
125  120     0.04715
125 -120    -0.02087
125  121     0.02048
125 -121     0.13088
125  122    -0.04358
125 -122    -0.15952
125  123    -0.09369
125 -123     0.07516
125  124     0.14035
125 -124     0.03214
125  125    -0.01294
125 -125    -0.13218
126    0     0.01367
126    1    -0.43926
126   -1     0.12907
126    2    -0.10126
126   -2     0.08856
126    3     0.36208
126   -3    -0.05120
126    4     0.02793
126   -4    -0.01951
126    5    -0.36912
126   -5     0.06957
126    6    -0.01536
126   -6    -0.10008
126    7     0.23942
126   -7    -0.22479
126    8     0.03981
126   -8     0.02486
126    9    -0.13628
126   -9     0.28336
126   10    -0.01812
126  -10    -0.03078
126   11     0.11353
126  -11    -0.16787
126   12     0.03359
126  -12     0.00873
126   13    -0.02639
126  -13     0.06364
126   14    -0.02364
126  -14    -0.00911
126   15     0.13133
126  -15    -0.07389
126   16     0.07177
126  -16     0.13277
126   17    -0.13175
126  -17     0.21998
126   18    -0.09072
126  -18     0.11606
126   19     0.02276
126  -19     0.03091
126   20     0.04409
126  -20    -0.18026
126   21     0.12048
126  -21    -0.22113
126   22     0.15844
126  -22    -0.01306
126   23     0.00376
126  -23     0.06650
126   24    -0.13162
126  -24    -0.01550
126   25    -0.10531
126  -25    -0.01575
126   26     0.13073
126  -26    -0.06526
126   27     0.06577
126  -27    -0.18242
126   28    -0.15609
126  -28     0.03013
126   29    -0.02777
126  -29     0.16351
126   30     0.06273
126  -30     0.10040
126   31     0.12956
126  -31    -0.17631
126   32    -0.12354
126  -32    -0.26122
126   33    -0.11506
126  -33    -0.01738
126   34    -0.02583
126  -34     0.23005
126   35    -0.04912
126  -35     0.12690
126   36    -0.09457
126  -36    -0.08279
126   37    -0.09929
126  -37    -0.10589
126   38    -0.00106
126  -38     0.04557
126   39    -0.05776
126  -39     0.24295
126   40    -0.12254
126  -40     0.19143
126   41     0.04546
126  -41    -0.12373
126   42    -0.00526
126  -42    -0.14130
126   43    -0.07040
126  -43    -0.01748
126   44     0.02498
126  -44     0.18518
126   45    -0.01497
126  -45     0.37830
126   46    -0.05093
126  -46     0.20608
126   47    -0.00940
126  -47    -0.01514
126   48     0.11290
126  -48    -0.00851
126   49     0.11184
126  -49     0.03274
126   50    -0.05593
126  -50    -0.02734
126   51    -0.18760
126  -51    -0.05480
126   52    -0.08163
126  -52     0.06253
126   53    -0.03659
126  -53     0.02575
126   54    -0.23083
126  -54    -0.06888
126   55    -0.10694
126  -55    -0.09440
126   56    -0.07161
126  -56    -0.01790
126   57    -0.07606
126  -57     0.03350
126   58    -0.03808
126  -58     0.13095
126   59     0.00255
126  -59    -0.02985
126   60     0.02686
126  -60    -0.08072
126   61    -0.00915
126  -61    -0.13795
126   62    -0.01038
126  -62    -0.03847
126   63     0.01926
126  -63    -0.06619
126   64     0.08804
126  -64     0.03910
126   65    -0.02759
126  -65     0.13698
126   66    -0.14621
126  -66     0.12593
126   67    -0.09638
126  -67    -0.05433
126   68     0.01980
126  -68    -0.05382
126   69     0.00403
126  -69    -0.03675
126   70     0.12246
126  -70     0.01519
126   71     0.03957
126  -71     0.01087
126   72     0.00889
126  -72     0.03750
126   73    -0.02221
126  -73     0.10772
126   74    -0.10204
126  -74     0.01554
126   75    -0.11708
126  -75     0.01773
126   76     0.01532
126  -76    -0.09270
126   77     0.11708
126  -77    -0.00123
126   78     0.17707
126  -78    -0.14062
126   79     0.09522
126  -79    -0.22234
126   80    -0.02121
126  -80    -0.12189
126   81     0.06892
126  -81     0.04222
126   82    -0.10753
126  -82     0.09605
126   83     0.03742
126  -83    -0.05798
126   84    -0.04168
126  -84     0.04817
126   85     0.07062
126  -85    -0.01411
126   86     0.03569
126  -86    -0.03853
126   87     0.10429
126  -87    -0.09465
126   88     0.02787
126  -88    -0.17559
126   89     0.00515
126  -89    -0.07218
126   90     0.13961
126  -90     0.02437
126   91     0.09317
126  -91     0.25000
126   92    -0.09833
126  -92     0.19662
126   93    -0.15305
126  -93     0.10406
126   94     0.11121
126  -94    -0.22556
126   95     0.08891
126  -95    -0.12103
126   96     0.02028
126  -96    -0.19589
126   97     0.05198
126  -97     0.08673
126   98    -0.07369
126  -98     0.06005
126   99    -0.01660
126  -99     0.01970
126  100    -0.07727
126 -100     0.10854
126  101    -0.06706
126 -101    -0.14237
126  102     0.09492
126 -102    -0.02692
126  103    -0.06381
126 -103    -0.08877
126  104     0.01913
126 -104     0.10477
126  105     0.14062
126 -105    -0.01955
126  106     0.01447
126 -106    -0.02826
126  107     0.01732
126 -107     0.01370
126  108    -0.04178
126 -108     0.03466
126  109     0.17051
126 -109     0.13404
126  110     0.00963
126 -110    -0.02762
126  111     0.01516
126 -111    -0.06824
126  112     0.07031
126 -112    -0.00550
126  113    -0.12055
126 -113    -0.18182
126  114     0.03268
126 -114    -0.01286
126  115    -0.03558
126 -115    -0.03398
126  116     0.06453
126 -116     0.02621
126  117    -0.03577
126 -117     0.01250
126  118    -0.00440
126 -118     0.06325
126  119     0.02269
126 -119     0.00731
126  120    -0.09566
126 -120    -0.01960
126  121     0.10996
126 -121     0.05004
126  122     0.02347
126 -122    -0.00630
126  123    -0.04844
126 -123     0.03854
126  124    -0.01911
126 -124    -0.12701
126  125    -0.03032
126 -125     0.00932
126  126     0.06717
126 -126     0.02411
127    0    -0.04452
127    1     0.11150
127   -1    -0.14838
127    2     0.10063
127   -2     0.02454
127    3    -0.30933
127   -3     0.04701
127    4    -0.01046
127   -4    -0.03682
127    5     0.24107
127   -5    -0.03420
127    6     0.05287
127   -6     0.01758
127    7    -0.15796
127   -7     0.20550
127    8    -0.06220
127   -8    -0.00373
127    9     0.07093
127   -9    -0.20539
127   10     0.11777
127  -10     0.08330
127   11    -0.06729
127  -11     0.11323
127   12    -0.02076
127  -12    -0.00025
127   13     0.00166
127  -13    -0.04827
127   14     0.04634
127  -14     0.05913
127   15    -0.14898
127  -15     0.09484
127   16    -0.08195
127  -16    -0.00198
127   17     0.18185
127  -17    -0.18300
127   18     0.11514
127  -18    -0.12999
127   19     0.04617
127  -19    -0.06805
127   20    -0.02012
127  -20     0.07373
127   21    -0.03442
127  -21     0.10035
127   22    -0.25958
127  -22     0.05678
127   23    -0.11740
127  -23    -0.05294
127   24     0.05052
127  -24    -0.03908
127   25     0.09417
127  -25    -0.00732
127   26    -0.05468
127  -26    -0.03233
127   27    -0.02558
127  -27     0.13516
127   28     0.07996
127  -28     0.07575
127   29     0.05448
127  -29    -0.01941
127   30    -0.04233
127  -30    -0.07215
127   31    -0.11986
127  -31     0.07481
127   32     0.04295
127  -32     0.25090
127   33     0.10391
127  -33     0.09887
127   34     0.03853
127  -34    -0.18542
127   35     0.08503
127  -35    -0.23172
127   36     0.09667
127  -36    -0.01967
127   37     0.05049
127  -37     0.13296
127   38     0.02787
127  -38     0.03277
127   39     0.06239
127  -39    -0.18933
127   40     0.13564
127  -40    -0.21522
127   41    -0.05222
127  -41     0.09863
127   42    -0.04174
127  -42     0.13712
127   43    -0.02763
127  -43     0.08400
127   44    -0.03288
127  -44    -0.13796
127   45     0.05127
127  -45    -0.33047
127   46     0.13189
127  -46    -0.24719
127   47     0.01730
127  -47     0.05614
127   48    -0.09581
127  -48     0.01595
127   49    -0.09378
127  -49    -0.08727
127   50     0.02099
127  -50    -0.14296
127   51     0.13587
127  -51     0.04787
127   52     0.10608
127  -52    -0.05445
127   53     0.08973
127  -53    -0.06177
127   54     0.16691
127  -54    -0.05411
127   55     0.14116
127  -55     0.00416
127   56     0.14926
127  -56     0.01188
127   57     0.10003
127  -57    -0.03235
127   58     0.04757
127  -58    -0.14469
127   59    -0.14186
127  -59    -0.03530
127   60     0.01619
127  -60     0.08152
127   61     0.11307
127  -61     0.12703
127   62     0.04695
127  -62     0.11646
127   63     0.04939
127  -63     0.01752
127   64    -0.10818
127  -64     0.02253
127   65     0.01223
127  -65    -0.00011
127   66     0.04859
127  -66    -0.06471
127   67     0.14757
127  -67    -0.04787
127   68     0.08182
127  -68     0.02762
127   69    -0.02352
127  -69     0.10297
127   70    -0.13477
127  -70     0.04169
127   71    -0.11577
127  -71    -0.00239
127   72    -0.04898
127  -72    -0.00203
127   73    -0.03886
127  -73    -0.02994
127   74     0.02899
127  -74     0.03473
127   75     0.06786
127  -75    -0.06871
127   76    -0.02390
127  -76     0.09851
127   77     0.04658
127  -77    -0.00984
127   78     0.02574
127  -78     0.10781
127   79    -0.10200
127  -79     0.19726
127   80    -0.03923
127  -80     0.11562
127   81    -0.02596
127  -81    -0.00267
127   82     0.08804
127  -82     0.02559
127   83    -0.04347
127  -83     0.07558
127   84    -0.02477
127  -84     0.10735
127   85    -0.02837
127  -85    -0.05712
127   86    -0.05894
127  -86    -0.11089
127   87     0.12125
127  -87    -0.12332
127   88     0.00711
127  -88     0.07664
127   89     0.05256
127  -89     0.09588
127   90    -0.11279
127  -90    -0.04351
127   91     0.01646
127  -91    -0.18312
127   92    -0.12030
127  -92    -0.05968
127   93     0.01667
127  -93    -0.07094
127   94    -0.17664
127  -94    -0.02166
127   95    -0.01619
127  -95    -0.03177
127   96    -0.04937
127  -96    -0.00238
127   97     0.12165
127  -97    -0.14468
127   98     0.06248
127  -98    -0.13669
127   99    -0.03181
127  -99    -0.06100
127  100     0.09565
127 -100     0.04314
127  101     0.06571
127 -101     0.20318
127  102    -0.06801
127 -102     0.01589
127  103     0.05160
127 -103     0.02653
127  104     0.07627
127 -104    -0.09515
127  105    -0.04548
127 -105     0.02145
127  106    -0.11454
127 -106     0.08021
127  107    -0.15526
127 -107     0.02965
127  108    -0.00482
127 -108     0.15012
127  109    -0.12823
127 -109     0.09501
127  110     0.02855
127 -110     0.10368
127  111     0.02770
127 -111     0.12809
127  112     0.00761
127 -112    -0.00800
127  113    -0.03844
127 -113     0.13359
127  114    -0.11393
127 -114    -0.09547
127  115    -0.06682
127 -115     0.09402
127  116     0.09516
127 -116     0.01911
127  117     0.05200
127 -117     0.02647
127  118     0.08727
127 -118     0.08081
127  119     0.02665
127 -119    -0.09150
127  120    -0.01876
127 -120     0.00406
127  121    -0.03684
127 -121     0.03794
127  122    -0.03965
127 -122    -0.04598
127  123    -0.00976
127 -123    -0.11726
127  124     0.00072
127 -124    -0.09834
127  125    -0.12008
127 -125     0.09721
127  126     0.10322
127 -126    -0.20718
127  127    -0.04252
127 -127    -0.00000
128    0     0.10575
128    1    -0.31110
128   -1     0.11821
128    2    -0.09468
128   -2     0.16115
128    3     0.09980
128   -3     0.02134
128    4     0.08265
128   -4     0.05785
128    5    -0.26972
128   -5     0.02959
128    6    -0.09529
128   -6     0.12744
128    7     0.16996
128   -7    -0.15307
128    8     0.11943
128   -8    -0.08975
128    9    -0.04461
128   -9     0.21746
128   10    -0.09162
128  -10     0.03661
128   11     0.09596
128  -11    -0.16494
128   12     0.01904
128  -12    -0.07821
128   13    -0.02035
128  -13     0.12801
128   14    -0.02854
128  -14    -0.06682
128   15     0.09924
128  -15    -0.12271
128   16     0.03474
128  -16    -0.03780
128   17    -0.07515
128  -17     0.21493
128   18    -0.11009
128  -18     0.13754
128   19    -0.01570
128  -19     0.12641
128   20     0.09364
128  -20     0.00251
128   21     0.01560
128  -21    -0.10425
128   22     0.19995
128  -22    -0.12270
128   23     0.13598
128  -23     0.05660
128   24     0.05921
128  -24     0.07062
128   25    -0.06854
128  -25    -0.03819
128   26    -0.03998
128  -26     0.03666
128   27    -0.01186
128  -27    -0.02625
128   28    -0.07684
128  -28    -0.10514
128   29    -0.12406
128  -29    -0.00613
128   30     0.13635
128  -30     0.12446
128   31     0.24816
128  -31     0.02437
128   32     0.10409
128  -32    -0.25648
128   33    -0.14609
128  -33    -0.24457
128   34    -0.08866
128  -34     0.13344
128   35    -0.03580
128  -35     0.22967
128   36    -0.11244
128  -36     0.05146
128   37    -0.08416
128  -37    -0.11379
128   38    -0.06099
128  -38    -0.07839
128   39     0.00894
128  -39     0.04066
128   40    -0.18532
128  -40     0.17485
128   41    -0.11157
128  -41    -0.00269
128   42     0.05719
128  -42    -0.08658
128   43     0.07415
128  -43    -0.06297
128   44    -0.03713
128  -44     0.10947
128   45    -0.03935
128  -45     0.23193
128   46    -0.09734
128  -46     0.22798
128   47    -0.00279
128  -47    -0.00034
128   48     0.06025
128  -48    -0.03873
128   49     0.12965
128  -49     0.08712
128   50     0.04837
128  -50     0.08965
128   51    -0.08016
128  -51    -0.12351
128   52    -0.09956
128  -52    -0.07575
128   53    -0.03776
128  -53     0.00567
128   54    -0.10322
128  -54     0.04924
128   55    -0.22326
128  -55    -0.00916
128   56    -0.12849
128  -56    -0.03006
128   57    -0.10090
128  -57    -0.06619
128   58    -0.01982
128  -58     0.04507
128   59     0.02773
128  -59     0.06148
128   60    -0.03256
128  -60    -0.08155
128   61    -0.03339
128  -61    -0.07634
128   62    -0.04064
128  -62    -0.11195
128   63    -0.03724
128  -63    -0.06036
128   64     0.00866
128  -64     0.11769
128   65    -0.00637
128  -65    -0.04050
128   66    -0.09830
128  -66     0.04719
128   67    -0.15728
128  -67     0.02479
128   68    -0.11176
128  -68    -0.05918
128   69     0.02387
128  -69     0.00325
128   70     0.00569
128  -70    -0.05251
128   71     0.03554
128  -71     0.05290
128   72     0.02911
128  -72    -0.00826
128   73     0.02756
128  -73     0.03666
128   74    -0.05108
128  -74    -0.01834
128   75    -0.09342
128  -75     0.08768
128   76    -0.12215
128  -76    -0.05637
128   77    -0.08658
128  -77    -0.03555
128   78    -0.00098
128  -78    -0.02582
128   79     0.16214
128  -79    -0.01163
128   80     0.10946
128  -80    -0.02250
128   81     0.04759
128  -81     0.00694
128   82     0.01516
128  -82     0.01074
128   83     0.02555
128  -83    -0.04793
128   84     0.03963
128  -84    -0.00151
128   85    -0.03027
128  -85     0.07257
128   86    -0.03969
128  -86     0.11967
128   87    -0.07849
128  -87     0.00836
128   88     0.02848
128  -88    -0.08437
128   89    -0.04500
128  -89    -0.11200
128   90    -0.00917
128  -90    -0.03695
128   91     0.16110
128  -91    -0.01342
128   92     0.08619
128  -92     0.11511
128   93     0.00603
128  -93     0.04768
128   94     0.02568
128  -94    -0.01772
128   95     0.05618
128  -95    -0.00309
128   96     0.17954
128  -96    -0.10040
128   97     0.02442
128  -97    -0.00783
128   98    -0.18388
128  -98     0.05986
128   99    -0.07379
128  -99     0.15467
128  100    -0.20299
128 -100     0.15623
128  101    -0.05513
128 -101    -0.13507
128  102     0.05497
128 -102    -0.07453
128  103     0.03547
128 -103    -0.04615
128  104    -0.08554
128 -104    -0.08258
128  105    -0.08264
128 -105     0.01305
128  106    -0.01019
128 -106    -0.06836
128  107     0.02495
128 -107     0.07323
128  108     0.01091
128 -108    -0.15754
128  109    -0.05478
128 -109     0.04481
128  110     0.00270
128 -110     0.12739
128  111     0.10098
128 -111     0.00346
128  112    -0.02407
128 -112    -0.00160
128  113     0.10458
128 -113    -0.20819
128  114    -0.03118
128 -114    -0.18727
128  115    -0.00155
128 -115    -0.00591
128  116    -0.00820
128 -116    -0.09127
128  117    -0.08895
128 -117     0.14085
128  118    -0.05586
128 -118    -0.01356
128  119    -0.01041
128 -119     0.07085
128  120     0.01434
128 -120    -0.08958
128  121     0.00282
128 -121     0.02101
128  122     0.03326
128 -122     0.04564
128  123     0.07062
128 -123     0.10074
128  124     0.06630
128 -124    -0.08415
128  125    -0.03089
128 -125     0.03633
128  126    -0.07532
128 -126    -0.03194
128  127     0.00301
128 -127    -0.03108
128  128    -0.08352
128 -128    -0.05205
129    0    -0.06927
129    1    -0.05576
129   -1    -0.16823
129    2     0.13307
129   -2    -0.08476
129    3    -0.27097
129   -3    -0.04932
129    4    -0.11108
129   -4     0.01595
129    5     0.13841
129   -5     0.02533
129    6     0.09571
129   -6    -0.14100
129    7    -0.17992
129   -7     0.09884
129    8    -0.07890
129   -8     0.09949
129    9     0.01477
129   -9    -0.05543
129   10     0.12093
129  -10    -0.04081
129   11    -0.02800
129  -11     0.10800
129   12     0.03535
129  -12    -0.00517
129   13     0.02450
129  -13    -0.14106
129   14     0.07032
129  -14     0.10163
129   15    -0.05279
129  -15     0.17329
129   16    -0.16334
129  -16     0.13056
129   17     0.11639
129  -17    -0.19149
129   18     0.13607
129  -18    -0.10482
129   19     0.02497
129  -19    -0.08343
129   20    -0.03301
129  -20    -0.01845
129   21     0.06381
129  -21     0.10622
129   22    -0.06958
129  -22     0.06192
129   23    -0.12316
129  -23    -0.10567
129   24    -0.05407
129  -24    -0.04646
129   25    -0.01396
129  -25     0.02881
129   26    -0.06597
129  -26     0.00707
129   27     0.05218
129  -27    -0.00657
129   28     0.07872
129  -28     0.04816
129   29     0.13878
129  -29     0.02646
129   30    -0.08748
129  -30    -0.08346
129   31    -0.22077
129  -31    -0.01358
129   32    -0.16334
129  -32     0.14738
129   33     0.16240
129  -33     0.23801
129   34     0.09462
129  -34    -0.01826
129   35     0.01017
129  -35    -0.19076
129   36     0.09738
129  -36    -0.06044
129   37     0.10026
129  -37     0.05550
129   38     0.05798
129  -38     0.13121
129   39    -0.02568
129  -39     0.02615
129   40     0.09894
129  -40    -0.10355
129   41     0.11393
129  -41    -0.10280
129   42    -0.05913
129  -42     0.04826
129   43    -0.11704
129  -43     0.06893
129   44    -0.03291
129  -44    -0.07118
129   45     0.02476
129  -45    -0.17030
129   46     0.05318
129  -46    -0.15036
129   47     0.00611
129  -47    -0.06181
129   48    -0.07325
129  -48     0.03113
129   49    -0.14964
129  -49     0.03037
129   50    -0.11568
129  -50    -0.07268
129   51    -0.01294
129  -51    -0.00003
129   52     0.06586
129  -52     0.07056
129   53     0.11115
129  -53     0.06583
129   54     0.14033
129  -54    -0.00836
129   55     0.20400
129  -55    -0.01939
129   56     0.15288
129  -56    -0.01248
129   57     0.15290
129  -57     0.11165
129   58     0.09152
129  -58     0.04141
129   59     0.04720
129  -59    -0.09587
129   60    -0.02614
129  -60     0.06904
129   61     0.01185
129  -61     0.03923
129   62     0.05957
129  -62     0.13255
129   63     0.09552
129  -63     0.19205
129   64     0.08480
129  -64     0.09542
129   65     0.00624
129  -65     0.05330
129   66    -0.03901
129  -66     0.11520
129   67     0.01341
129  -67     0.01230
129   68     0.07604
129  -68     0.02296
129   69     0.07784
129  -69    -0.02726
129   70    -0.01849
129  -70     0.12247
129   71    -0.07888
129  -71     0.00790
129   72    -0.09321
129  -72    -0.01146
129   73    -0.03562
129  -73    -0.11008
129   74     0.02264
129  -74    -0.00220
129   75     0.10264
129  -75    -0.05232
129   76     0.06137
129  -76    -0.05251
129   77     0.01210
129  -77     0.11072
129   78    -0.01667
129  -78     0.03606
129   79    -0.01444
129  -79    -0.00970
129   80    -0.07423
129  -80     0.00738
129   81    -0.04467
129  -81    -0.05830
129   82    -0.02719
129  -82    -0.05937
129   83     0.01564
129  -83     0.03171
129   84    -0.15508
129  -84     0.05271
129   85    -0.00445
129  -85     0.12051
129   86    -0.13379
129  -86    -0.00183
129   87     0.11276
129  -87    -0.11827
129   88     0.06139
129  -88    -0.05687
129   89    -0.02860
129  -89     0.09454
129   90     0.03519
129  -90     0.18897
129   91    -0.00546
129  -91     0.08103
129   92     0.07699
129  -92    -0.15883
129   93     0.01726
129  -93    -0.10085
129   94    -0.13572
129  -94    -0.03752
129   95    -0.03661
129  -95    -0.03238
129   96     0.01205
129  -96    -0.01048
129   97    -0.07210
129  -97    -0.01944
129   98     0.00851
129  -98    -0.04056
129   99     0.03938
129  -99    -0.14320
129  100     0.09803
129 -100    -0.16566
129  101     0.03925
129 -101     0.04109
129  102    -0.05561
129 -102     0.11975
129  103    -0.03184
129 -103     0.00510
129  104     0.07710
129 -104     0.03521
129  105     0.17432
129 -105    -0.10545
129  106    -0.04503
129 -106    -0.00592
129  107    -0.04890
129 -107    -0.10987
129  108    -0.10144
129 -108     0.16241
129  109    -0.06392
129 -109     0.05079
129  110    -0.05278
129 -110    -0.06408
129  111    -0.09175
129 -111    -0.01210
129  112    -0.00765
129 -112    -0.03317
129  113     0.04984
129 -113     0.18196
129  114     0.07300
129 -114     0.20248
129  115     0.03661
129 -115    -0.00489
129  116    -0.05411
129 -116     0.03826
129  117     0.00130
129 -117    -0.00709
129  118     0.10538
129 -118    -0.06977
129  119    -0.04783
129 -119     0.02357
129  120    -0.04385
129 -120    -0.05055
129  121     0.01681
129 -121    -0.10482
129  122     0.07674
129 -122     0.11772
129  123    -0.05274
129 -123     0.07846
129  124    -0.13650
129 -124    -0.03692
129  125     0.02843
129 -125    -0.06593
129  126     0.06511
129 -126     0.01458
129  127    -0.07712
129 -127    -0.00564
129  128    -0.11290
129 -128    -0.08140
129  129     0.01302
129 -129     0.01011
130    0     0.12632
130    1    -0.24397
130   -1     0.09843
130    2    -0.09868
130   -2     0.06268
130    3     0.19261
130   -3     0.05661
130    4     0.15406
130   -4     0.00336
130    5    -0.22965
130   -5    -0.00498
130    6    -0.09002
130   -6     0.00792
130    7     0.17020
130   -7     0.02203
130    8     0.06075
130   -8    -0.08132
130    9     0.00203
130   -9     0.10621
130   10    -0.10703
130  -10     0.13471
130   11     0.04660
130  -11    -0.09551
130   12     0.08702
130  -12    -0.10470
130   13    -0.07998
130  -13     0.06590
130   14    -0.07045
130  -14     0.05819
130   15     0.08400
130  -15    -0.12139
130   16     0.08328
130  -16    -0.14571
130   17    -0.05554
130  -17     0.13065
130   18    -0.12341
130  -18     0.17185
130   19    -0.03407
130  -19    -0.02220
130   20    -0.01705
130  -20    -0.01028
130   21    -0.08520
130  -21     0.01005
130   22    -0.05040
130  -22    -0.07496
130   23     0.15971
130  -23     0.10414
130   24     0.10463
130  -24     0.03195
130   25     0.06095
130  -25    -0.01358
130   26     0.05876
130  -26    -0.05015
130   27    -0.02832
130  -27     0.04191
130   28    -0.07170
130  -28     0.06352
130   29    -0.12336
130  -29    -0.00656
130   30     0.03232
130  -30     0.03488
130   31     0.21838
130  -31     0.02737
130   32     0.28910
130  -32    -0.06831
130   33    -0.01052
130  -33    -0.19136
130   34    -0.15219
130  -34    -0.08647
130   35    -0.05939
130  -35     0.15914
130   36    -0.05350
130  -36     0.05021
130   37    -0.11582
130  -37    -0.12647
130   38    -0.04418
130  -38    -0.08329
130   39    -0.00662
130  -39     0.03455
130   40    -0.10942
130  -40     0.05089
130   41    -0.14831
130  -41    -0.01649
130   42    -0.06602
130  -42    -0.08877
130   43     0.02493
130  -43    -0.03592
130   44     0.02939
130  -44     0.04264
130   45    -0.02410
130  -45     0.17749
130   46     0.00560
130  -46     0.06891
130   47     0.00820
130  -47    -0.04693
130   48     0.11177
130  -48    -0.07449
130   49     0.12032
130  -49     0.00638
130   50     0.10512
130  -50     0.11679
130   51     0.12401
130  -51     0.07780
130   52     0.01811
130  -52    -0.09590
130   53    -0.14766
130  -53    -0.08226
130   54    -0.12861
130  -54    -0.01528
130   55    -0.13694
130  -55     0.00252
130   56    -0.16734
130  -56    -0.01985
130   57    -0.16045
130  -57    -0.06081
130   58    -0.05530
130  -58    -0.06582
130   59    -0.03308
130  -59     0.05357
130   60     0.11283
130  -60    -0.01233
130   61    -0.00283
130  -61    -0.02214
130   62    -0.04241
130  -62    -0.09531
130   63    -0.06847
130  -63    -0.17161
130   64    -0.08234
130  -64    -0.09930
130   65    -0.09398
130  -65    -0.01029
130   66    -0.02833
130  -66    -0.03834
130   67    -0.09695
130  -67    -0.01240
130   68    -0.10813
130  -68    -0.11544
130   69    -0.13256
130  -69    -0.08744
130   70    -0.05956
130  -70    -0.01673
130   71    -0.04751
130  -71    -0.02748
130   72     0.05179
130  -72     0.00168
130   73     0.05411
130  -73     0.06555
130   74     0.01749
130  -74     0.08501
130   75    -0.04500
130  -75     0.02276
130   76    -0.08037
130  -76     0.08531
130   77     0.01982
130  -77    -0.05886
130   78    -0.03901
130  -78    -0.03343
130   79    -0.05922
130  -79    -0.05097
130   80     0.09420
130  -80     0.07264
130   81     0.10691
130  -81     0.08682
130   82     0.03659
130  -82     0.11047
130   83    -0.06049
130  -83     0.04650
130   84     0.14614
130  -84    -0.03874
130   85     0.10853
130  -85    -0.11500
130   86    -0.01885
130  -86     0.03709
130   87    -0.09043
130  -87    -0.03064
130   88    -0.09965
130  -88    -0.04752
130   89     0.01176
130  -89    -0.03902
130   90    -0.10234
130  -90    -0.07365
130   91    -0.02710
130  -91    -0.08342
130   92    -0.07143
130  -92     0.10768
130   93     0.05966
130  -93     0.08954
130   94     0.08228
130  -94     0.00546
130   95     0.09831
130  -95    -0.05934
130   96    -0.01349
130  -96    -0.05885
130   97     0.14225
130  -97     0.04810
130   98     0.01856
130  -98    -0.03505
130   99    -0.03417
130  -99     0.00043
130  100    -0.11256
130 -100     0.00433
130  101    -0.14124
130 -101     0.02414
130  102     0.03293
130 -102    -0.05614
130  103     0.05397
130 -103    -0.02675
130  104     0.01853
130 -104    -0.02452
130  105    -0.12502
130 -105    -0.01200
130  106     0.00942
130 -106    -0.02530
130  107    -0.10199
130 -107     0.10422
130  108    -0.09442
130 -108    -0.05615
130  109     0.09663
130 -109     0.04535
130  110     0.03396
130 -110     0.09025
130  111     0.00738
130 -111     0.10526
130  112     0.04815
130 -112     0.14875
130  113    -0.09346
130 -113    -0.07972
130  114     0.00848
130 -114    -0.12881
130  115     0.06578
130 -115     0.02697
130  116     0.06492
130 -116     0.03585
130  117    -0.10839
130 -117     0.03623
130  118    -0.09815
130 -118     0.01308
130  119     0.06563
130 -119    -0.00614
130  120     0.00781
130 -120     0.03516
130  121     0.07990
130 -121     0.08128
130  122    -0.09468
130 -122    -0.14892
130  123    -0.02936
130 -123    -0.07301
130  124     0.10633
130 -124    -0.06795
130  125     0.00125
130 -125     0.08161
130  126    -0.04079
130 -126    -0.07464
130  127     0.00423
130 -127    -0.00156
130  128    -0.08157
130 -128    -0.00534
130  129    -0.10868
130 -129    -0.25228
130  130     0.00465
130 -130    -0.07363
131    0    -0.05228
131    1    -0.07351
131   -1    -0.04703
131    2     0.23729
131   -2     0.03980
131    3    -0.17125
131   -3    -0.08735
131    4    -0.20272
131   -4    -0.06155
131    5     0.12357
131   -5     0.08718
131    6     0.08332
131   -6     0.03057
131    7    -0.19332
131   -7    -0.05938
131    8    -0.07326
131   -8     0.08014
131    9     0.05945
131   -9    -0.03902
131   10     0.04664
131  -10    -0.08924
131   11    -0.05120
131  -11     0.13710
131   12    -0.09061
131  -12     0.09700
131   13     0.11538
131  -13    -0.08872
131   14     0.08474
131  -14    -0.09011
131   15    -0.07153
131  -15     0.11558
131   16    -0.07137
131  -16     0.17542
131   17     0.03447
131  -17    -0.05552
131   18     0.15939
131  -18    -0.12582
131   19     0.07610
131  -19    -0.02453
131   20     0.07512
131  -20    -0.01225
131   21     0.10862
131  -21     0.04782
131   22     0.04001
131  -22     0.10526
131   23    -0.13201
131  -23    -0.10548
131   24    -0.10793
131  -24    -0.00581
131   25     0.01524
131  -25     0.03157
131   26    -0.08567
131  -26     0.04353
131   27    -0.08039
131  -27    -0.03295
131   28     0.04798
131  -28    -0.06889
131   29     0.14626
131  -29    -0.00521
131   30     0.11253
131  -30    -0.04236
131   31    -0.10979
131  -31    -0.02612
131   32    -0.28047
131  -32     0.06430
131   33    -0.06358
131  -33     0.11520
131   34     0.14617
131  -34     0.16671
131   35     0.06882
131  -35    -0.11646
131   36    -0.00378
131  -36    -0.07995
131   37     0.08387
131  -37     0.06593
131   38     0.08570
131  -38     0.07714
131   39    -0.01522
131  -39    -0.01076
131   40     0.04143
131  -40     0.01095
131   41     0.15274
131  -41    -0.01486
131   42     0.05889
131  -42     0.02790
131   43    -0.03305
131  -43     0.02220
131   44    -0.01875
131  -44     0.01126
131   45     0.01338
131  -45    -0.12146
131   46    -0.04143
131  -46    -0.12376
131   47    -0.01323
131  -47     0.10591
131   48    -0.05196
131  -48     0.08113
131   49    -0.10815
131  -49    -0.02703
131   50    -0.13244
131  -50    -0.07532
131   51    -0.13408
131  -51    -0.06279
131   52    -0.05858
131  -52     0.01680
131   53     0.05747
131  -53     0.00657
131   54     0.15438
131  -54     0.03648
131   55     0.14888
131  -55     0.07334
131   56     0.09340
131  -56     0.02250
131   57     0.05773
131  -57     0.05997
131   58     0.05332
131  -58     0.13096
131   59     0.00055
131  -59    -0.01123
131   60    -0.06566
131  -60    -0.03417
131   61    -0.02312
131  -61     0.04490
131   62     0.07600
131  -62     0.08120
131   63     0.10027
131  -63     0.12931
131   64     0.08980
131  -64     0.17182
131   65     0.07998
131  -65     0.11938
131   66    -0.02113
131  -66     0.04418
131   67     0.07824
131  -67     0.00780
131   68    -0.03961
131  -68    -0.00217
131   69     0.07673
131  -69     0.07061
131   70     0.03225
131  -70     0.02483
131   71    -0.05763
131  -71     0.12257
131   72    -0.02691
131  -72    -0.01024
131   73    -0.16877
131  -73    -0.12053
131   74    -0.02407
131  -74    -0.16243
131   75     0.05549
131  -75     0.06619
131   76     0.09714
131  -76    -0.09971
131   77     0.11304
131  -77    -0.05381
131   78    -0.00037
131  -78     0.07164
131   79    -0.03388
131  -79     0.05697
131   80    -0.04430
131  -80     0.03233
131   81    -0.05148
131  -81    -0.00862
131   82    -0.00728
131  -82    -0.08022
131   83     0.03626
131  -83    -0.09332
131   84    -0.02037
131  -84    -0.01021
131   85    -0.03671
131  -85    -0.02008
131   86    -0.03622
131  -86     0.09120
131   87    -0.00771
131  -87     0.02595
131   88     0.15239
131  -88     0.03660
131   89     0.11762
131  -89    -0.02425
131   90     0.01917
131  -90     0.13883
131   91    -0.04232
131  -91     0.11245
131   92     0.03264
131  -92     0.08482
131   93     0.11026
131  -93    -0.02810
131   94    -0.11476
131  -94    -0.05315
131   95    -0.08142
131  -95     0.07914
131   96    -0.03293
131  -96     0.03622
131   97     0.00877
131  -97    -0.08313
131   98    -0.06568
131  -98     0.03685
131   99    -0.03508
131  -99     0.07972
131  100    -0.03246
131 -100    -0.05282
131  101     0.25564
131 -101    -0.06221
131  102     0.04170
131 -102     0.05147
131  103     0.02318
131 -103     0.02203
131  104    -0.10316
131 -104    -0.03601
131  105    -0.06216
131 -105     0.00804
131  106    -0.03175
131 -106    -0.04288
131  107     0.01986
131 -107    -0.06779
131  108     0.04951
131 -108    -0.00773
131  109    -0.10076
131 -109     0.12519
131  110    -0.03497
131 -110     0.00256
131  111    -0.11391
131 -111    -0.09499
131  112    -0.05418
131 -112    -0.16149
131  113    -0.01088
131 -113    -0.04538
131  114     0.00956
131 -114    -0.03621
131  115     0.05657
131 -115     0.19639
131  116    -0.09428
131 -116     0.07367
131  117    -0.01184
131 -117     0.09762
131  118     0.06786
131 -118     0.07206
131  119    -0.11017
131 -119    -0.01520
131  120    -0.03001
131 -120    -0.03460
131  121    -0.07689
131 -121    -0.09222
131  122    -0.09640
131 -122    -0.05311
131  123     0.08381
131 -123     0.12235
131  124     0.03670
131 -124     0.04819
131  125     0.02616
131 -125    -0.18725
131  126     0.00107
131 -126    -0.00713
131  127    -0.00704
131 -127     0.07320
131  128     0.03720
131 -128    -0.04270
131  129     0.00662
131 -129    -0.01250
131  130    -0.06835
131 -130     0.18539
131  131    -0.07697
131 -131     0.08542
132    0     0.10426
132    1    -0.17182
132   -1     0.02876
132    2    -0.21184
132   -2     0.04677
132    3     0.04723
132   -3     0.06119
132    4     0.18394
132   -4     0.09143
132    5    -0.17424
132   -5     0.02438
132    6    -0.09764
132   -6    -0.01033
132    7     0.19836
132   -7     0.00784
132    8     0.11709
132   -8    -0.05549
132    9    -0.06422
132   -9     0.09212
132   10     0.00964
132  -10     0.12152
132   11     0.05610
132  -11    -0.10842
132   12     0.08546
132  -12    -0.15598
132   13    -0.08054
132  -13     0.05455
132   14    -0.10396
132  -14     0.09494
132   15     0.09330
132  -15    -0.02503
132   16     0.10285
132  -16    -0.08966
132   17    -0.01235
132  -17    -0.01778
132   18    -0.16531
132  -18     0.10544
132   19    -0.11003
132  -19     0.05873
132   20     0.02194
132  -20    -0.05063
132   21    -0.01760
132  -21    -0.03868
132   22    -0.11325
132  -22    -0.05967
132   23     0.07494
132  -23     0.06181
132   24     0.05284
132  -24     0.05172
132   25    -0.05580
132  -25    -0.07516
132   26     0.05948
132  -26    -0.03907
132   27     0.11050
132  -27    -0.00501
132   28    -0.08112
132  -28     0.09697
132   29    -0.12073
132  -29     0.10666
132   30    -0.10691
132  -30     0.09633
132   31     0.02612
132  -31     0.03457
132   32     0.21187
132  -32    -0.06426
132   33     0.18206
132  -33    -0.06213
132   34    -0.06427
132  -34    -0.16328
132   35    -0.11570
132  -35     0.07474
132   36     0.00966
132  -36     0.13414
132   37    -0.05428
132  -37    -0.03573
132   38     0.00650
132  -38    -0.17360
132   39     0.02493
132  -39    -0.07252
132   40    -0.08564
132  -40     0.05130
132   41    -0.18230
132  -41     0.00324
132   42    -0.07998
132  -42    -0.11560
132   43     0.02814
132  -43    -0.11762
132   44     0.01588
132  -44    -0.03233
132   45     0.03643
132  -45     0.04038
132   46    -0.00158
132  -46     0.18372
132   47     0.07527
132  -47     0.00584
132   48     0.08994
132  -48    -0.12287
132   49     0.11246
132  -49    -0.04326
132   50     0.00442
132  -50     0.06437
132   51     0.06504
132  -51     0.15088
132   52     0.11086
132  -52     0.05402
132   53     0.05550
132  -53    -0.08324
132   54    -0.12689
132  -54    -0.08155
132   55    -0.15245
132  -55    -0.08519
132   56    -0.12723
132  -56    -0.05919
132   57    -0.04478
132  -57    -0.00002
132   58    -0.10085
132  -58    -0.14849
132   59    -0.03553
132  -59    -0.03770
132   60     0.02846
132  -60     0.05276
132   61     0.01196
132  -61    -0.01305
132   62    -0.09018
132  -62    -0.03205
132   63    -0.03339
132  -63    -0.09460
132   64    -0.02202
132  -64    -0.09130
132   65    -0.06148
132  -65    -0.13076
132   66    -0.05133
132  -66    -0.00349
132   67    -0.01153
132  -67    -0.06338
132   68     0.01669
132  -68     0.01921
132   69     0.04579
132  -69    -0.08153
132   70     0.00669
132  -70    -0.03461
132   71     0.05066
132  -71    -0.00042
132   72    -0.08010
132  -72     0.04242
132   73     0.04825
132  -73     0.03964
132   74     0.07546
132  -74     0.10528
132   75     0.00675
132  -75    -0.00778
132   76    -0.06372
132  -76     0.00549
132   77    -0.15280
132  -77     0.02393
132   78     0.01855
132  -78    -0.01159
132   79     0.02025
132  -79     0.05462
132   80     0.01114
132  -80    -0.02965
132   81    -0.01231
132  -81     0.03384
132   82     0.03120
132  -82     0.10390
132   83    -0.03959
132  -83     0.15907
132   84    -0.07005
132  -84     0.02807
132   85    -0.02412
132  -85     0.02148
132   86    -0.03449
132  -86    -0.04950
132   87     0.00949
132  -87    -0.00347
132   88    -0.15365
132  -88    -0.05721
132   89    -0.07326
132  -89    -0.09706
132   90    -0.07862
132  -90    -0.02854
132   91    -0.03049
132  -91    -0.11649
132   92     0.04974
132  -92    -0.02307
132   93    -0.07011
132  -93    -0.07511
132   94     0.04974
132  -94    -0.03235
132   95     0.10397
132  -95    -0.05284
132   96     0.08133
132  -96    -0.14209
132   97    -0.03293
132  -97    -0.03569
132   98     0.07934
132  -98     0.04200
132   99    -0.02339
132  -99    -0.00361
132  100    -0.08432
132 -100    -0.05341
132  101    -0.13725
132 -101    -0.06270
132  102    -0.02525
132 -102     0.02978
132  103    -0.06452
132 -103     0.01399
132  104     0.00525
132 -104     0.01693
132  105     0.02548
132 -105    -0.04142
132  106    -0.05476
132 -106    -0.05857
132  107     0.00885
132 -107    -0.15571
132  108    -0.08709
132 -108    -0.12237
132  109    -0.01463
132 -109    -0.11440
132  110    -0.03021
132 -110     0.06750
132  111     0.08444
132 -111     0.10089
132  112    -0.01102
132 -112     0.20181
132  113     0.00918
132 -113     0.04385
132  114    -0.05136
132 -114     0.02832
132  115     0.02036
132 -115    -0.09552
132  116     0.04066
132 -116    -0.03108
132  117     0.02269
132 -117     0.05268
132  118     0.03928
132 -118    -0.03728
132  119     0.01964
132 -119    -0.02859
132  120     0.04696
132 -120     0.05314
132  121     0.03898
132 -121     0.01597
132  122     0.12664
132 -122     0.04956
132  123    -0.05185
132 -123    -0.06613
132  124    -0.08661
132 -124    -0.07841
132  125     0.09677
132 -125    -0.10894
132  126     0.15333
132 -126    -0.01524
132  127    -0.07079
132 -127     0.00071
132  128    -0.09153
132 -128     0.01163
132  129    -0.04102
132 -129    -0.02641
132  130     0.11745
132 -130    -0.15279
132  131     0.04627
132 -131    -0.08879
132  132     0.08674
132 -132    -0.01401
133    0     0.04529
133    1    -0.13648
133   -1    -0.01675
133    2     0.12971
133   -2     0.03365
133    3    -0.02562
133   -3    -0.02792
133    4    -0.14631
133   -4    -0.07133
133    5    -0.00706
133   -5    -0.06730
133    6     0.18960
133   -6     0.00900
133    7    -0.16723
133   -7     0.06102
133    8    -0.23593
133   -8     0.01467
133    9     0.02651
133   -9     0.04763
133   10     0.06291
133  -10    -0.09098
133   11    -0.02605
133  -11     0.01601
133   12    -0.09287
133  -12     0.12655
133   13    -0.00236
133  -13    -0.05973
133   14     0.13601
133  -14    -0.07554
133   15    -0.00297
133  -15     0.00101
133   16    -0.12909
133  -16     0.12453
133   17     0.03632
133  -17     0.03006
133   18     0.09849
133  -18    -0.03742
133   19     0.08727
133  -19     0.02917
133   20    -0.00128
133  -20    -0.01498
133   21     0.05796
133  -21     0.00208
133   22     0.09146
133  -22     0.08156
133   23     0.01410
133  -23    -0.03716
133   24    -0.05084
133  -24    -0.09522
133   25    -0.03194
133  -25     0.02149
133   26    -0.03044
133  -26     0.03962
133   27    -0.03242
133  -27     0.01427
133   28    -0.00292
133  -28    -0.09624
133   29     0.07354
133  -29    -0.11829
133   30     0.12778
133  -30    -0.10330
133   31     0.05264
133  -31    -0.06975
133   32    -0.11160
133  -32     0.06321
133   33    -0.20557
133  -33     0.08668
133   34    -0.02037
133  -34     0.10646
133   35     0.10735
133  -35     0.01236
133   36    -0.02524
133  -36    -0.10505
133   37    -0.03597
133  -37    -0.00876
133   38     0.03331
133  -38     0.16391
133   39     0.00787
133  -39     0.17298
133   40     0.08180
133  -40     0.03144
133   41     0.12618
133  -41    -0.01816
133   42     0.10153
133  -42     0.06766
133   43    -0.06345
133  -43     0.11754
133   44    -0.03388
133  -44     0.03834
133   45    -0.04854
133  -45    -0.03279
133   46     0.00064
133  -46    -0.11852
133   47    -0.10584
133  -47    -0.08266
133   48    -0.05626
133  -48     0.11634
133   49    -0.10286
133  -49     0.07895
133   50     0.04117
133  -50    -0.04010
133   51    -0.03638
133  -51    -0.12706
133   52    -0.07434
133  -52    -0.09947
133   53    -0.04887
133  -53     0.09261
133   54     0.04191
133  -54     0.02948
133   55     0.17930
133  -55    -0.03826
133   56     0.20527
133  -56     0.01653
133   57     0.10694
133  -57    -0.03572
133   58     0.06714
133  -58     0.00467
133   59    -0.01917
133  -59     0.04747
133   60     0.02468
133  -60    -0.04112
133   61    -0.10665
133  -61    -0.07158
133   62     0.01951
133  -62     0.01556
133   63     0.01847
133  -63     0.10846
133   64     0.07359
133  -64     0.11734
133   65     0.05844
133  -65     0.13431
133   66    -0.01407
133  -66     0.09771
133   67    -0.10979
133  -67     0.04465
133   68    -0.08425
133  -68    -0.04801
133   69    -0.09073
133  -69     0.00498
133   70    -0.03391
133  -70     0.04128
133   71    -0.05941
133  -71     0.02050
133   72    -0.01956
133  -72     0.09620
133   73    -0.00156
133  -73    -0.01269
133   74    -0.11683
133  -74    -0.04242
133   75    -0.05956
133  -75    -0.07412
133   76    -0.02695
133  -76    -0.00389
133   77     0.15149
133  -77    -0.00313
133   78     0.09435
133  -78    -0.09134
133   79     0.02380
133  -79    -0.05039
133   80    -0.10430
133  -80     0.02447
133   81    -0.12316
133  -81     0.00123
133   82    -0.10080
133  -82     0.04756
133   83     0.03127
133  -83    -0.10823
133   84     0.12469
133  -84     0.00830
133   85     0.10525
133  -85    -0.04547
133   86     0.09001
133  -86    -0.04640
133   87    -0.00312
133  -87    -0.06297
133   88     0.03726
133  -88     0.01564
133   89     0.15461
133  -89     0.05744
133   90     0.16625
133  -90     0.09931
133   91    -0.09009
133  -91     0.07005
133   92    -0.18048
133  -92     0.02679
133   93     0.06644
133  -93     0.13401
133   94     0.05328
133  -94     0.06899
133   95     0.06618
133  -95     0.03786
133   96    -0.03297
133  -96     0.06296
133   97     0.14023
133  -97     0.07212
133   98     0.07732
133  -98    -0.09498
133   99     0.04191
133  -99    -0.01142
133  100    -0.17787
133 -100    -0.03047
133  101    -0.01733
133 -101    -0.01732
133  102     0.03688
133 -102    -0.09313
133  103     0.01720
133 -103    -0.03153
133  104     0.04947
133 -104     0.03380
133  105    -0.03508
133 -105    -0.00620
133  106     0.11446
133 -106    -0.02627
133  107    -0.04872
133 -107     0.02555
133  108     0.08040
133 -108     0.11463
133  109     0.00587
133 -109    -0.01063
133  110     0.04258
133 -110    -0.10637
133  111    -0.05605
133 -111    -0.04506
133  112    -0.09242
133 -112    -0.10615
133  113    -0.08885
133 -113    -0.03216
133  114     0.00073
133 -114    -0.05006
133  115    -0.03073
133 -115    -0.06548
133  116    -0.01057
133 -116     0.02582
133  117    -0.00770
133 -117     0.06676
133  118    -0.03311
133 -118     0.00831
133  119    -0.03880
133 -119     0.05684
133  120    -0.02544
133 -120     0.05972
133  121    -0.08164
133 -121     0.01867
133  122    -0.13855
133 -122    -0.01847
133  123    -0.00979
133 -123    -0.06465
133  124     0.12694
133 -124     0.03124
133  125     0.03420
133 -125     0.06373
133  126    -0.02756
133 -126     0.00710
133  127     0.02750
133 -127     0.04147
133  128     0.02420
133 -128     0.03731
133  129    -0.06310
133 -129    -0.09357
133  130    -0.03272
133 -130    -0.14005
133  131     0.15233
133 -131     0.06715
133  132     0.06170
133 -132     0.08420
133  133    -0.02979
133 -133     0.08255
134    0     0.04970
134    1    -0.11303
134   -1    -0.00844
134    2    -0.09292
134   -2     0.02619
134    3    -0.01966
134   -3     0.04699
134    4     0.15283
134   -4     0.05321
134    5    -0.11820
134   -5     0.06913
134    6    -0.26888
134   -6    -0.01571
134    7     0.14893
134   -7     0.04031
134    8     0.27580
134   -8     0.01788
134    9     0.01080
134   -9    -0.04175
134   10    -0.08438
134  -10     0.13261
134   11     0.08008
134  -11     0.05407
134   12     0.12915
134  -12    -0.15857
134   13     0.02481
134  -13    -0.01909
134   14    -0.09682
134  -14     0.04945
134   15    -0.05029
134  -15     0.00565
134   16     0.11071
134  -16    -0.08107
134   17     0.09875
134  -17     0.02767
134   18    -0.06561
134  -18     0.05448
134   19    -0.12511
134  -19    -0.03635
134   20    -0.01674
134  -20    -0.06565
134   21    -0.01587
134  -21    -0.05378
134   22    -0.11356
134  -22    -0.06417
134   23    -0.01793
134  -23     0.00415
134   24     0.15705
134  -24     0.16294
134   25     0.01193
134  -25     0.02724
134   26    -0.02468
134  -26    -0.07803
134   27     0.04517
134  -27    -0.06459
134   28     0.00498
134  -28     0.07266
134   29    -0.08222
134  -29     0.08208
134   30    -0.06790
134  -30     0.11391
134   31    -0.05695
134  -31     0.05366
134   32     0.02959
134  -32    -0.06485
134   33     0.16205
134  -33    -0.11165
134   34     0.03352
134  -34    -0.04047
134   35    -0.08549
134  -35    -0.02953
134   36    -0.06409
134  -36     0.06767
134   37    -0.00171
134  -37     0.05259
134   38     0.00180
134  -38    -0.06376
134   39    -0.00755
134  -39    -0.14385
134   40    -0.06228
134  -40    -0.14221
134   41    -0.09113
134  -41    -0.01937
134   42    -0.15927
134  -42    -0.02788
134   43     0.03638
134  -43    -0.11072
134   44     0.02966
134  -44    -0.04462
134   45     0.04956
134  -45    -0.00300
134   46     0.05256
134  -46     0.00503
134   47     0.10891
134  -47     0.10707
134   48     0.12777
134  -48    -0.04364
134   49     0.12821
134  -49    -0.11775
134   50     0.01408
134  -50    -0.03770
134   51     0.02186
134  -51     0.02452
134   52     0.06581
134  -52     0.17010
134   53     0.13148
134  -53     0.00913
134   54     0.05150
134  -54    -0.01147
134   55    -0.07818
134  -55     0.01015
134   56    -0.22865
134  -56     0.02599
134   57    -0.07732
134  -57     0.06052
134   58    -0.04813
134  -58    -0.00218
134   59    -0.02285
134  -59    -0.04429
134   60     0.03226
134  -60    -0.03891
134   61     0.11893
134  -61     0.00444
134   62     0.04177
134  -62    -0.03225
134   63    -0.02578
134  -63    -0.01730
134   64    -0.04418
134  -64    -0.09872
134   65    -0.00125
134  -65    -0.08920
134   66    -0.04749
134  -66    -0.06903
134   67    -0.04969
134  -67    -0.07748
134   68     0.08116
134  -68     0.02574
134   69     0.10827
134  -69     0.00107
134   70     0.12199
134  -70    -0.06888
134   71     0.01537
134  -71     0.01887
134   72     0.03705
134  -72    -0.04962
134   73    -0.05743
134  -73    -0.03400
134   74     0.06258
134  -74     0.02648
134   75     0.00404
134  -75     0.03484
134   76     0.06421
134  -76     0.04912
134   77    -0.08178
134  -77     0.03213
134   78    -0.06416
134  -78    -0.00719
134   79    -0.08111
134  -79     0.08471
134   80     0.00308
134  -80     0.05851
134   81     0.06614
134  -81     0.04009
134   82    -0.01937
134  -82    -0.11097
134   83    -0.03507
134  -83    -0.00178
134   84    -0.10466
134  -84     0.00791
134   85    -0.09155
134  -85     0.00673
134   86    -0.00139
134  -86     0.04014
134   87     0.01085
134  -87     0.01584
134   88    -0.04787
134  -88     0.06952
134   89    -0.00398
134  -89    -0.03039
134   90    -0.03012
134  -90    -0.05125
134   91    -0.00419
134  -91    -0.11790
134   92     0.01081
134  -92    -0.03819
134   93    -0.03847
134  -93    -0.12233
134   94    -0.02241
134  -94     0.06749
134   95    -0.05968
134  -95     0.03456
134   96    -0.01402
134  -96    -0.02092
134   97    -0.06963
134  -97    -0.03426
134   98    -0.01240
134  -98     0.02538
134   99     0.00939
134  -99     0.12073
134  100     0.07449
134 -100     0.02420
134  101    -0.00325
134 -101     0.03533
134  102    -0.05675
134 -102    -0.13139
134  103     0.08256
134 -103     0.02662
134  104    -0.09580
134 -104    -0.04349
134  105     0.02415
134 -105     0.00857
134  106    -0.12748
134 -106     0.01931
134  107    -0.06391
134 -107    -0.01057
134  108     0.02476
134 -108    -0.15476
134  109     0.10952
134 -109    -0.01576
134  110     0.01820
134 -110     0.04189
134  111     0.00419
134 -111     0.03440
134  112     0.12092
134 -112     0.02443
134  113    -0.03844
134 -113     0.00378
134  114    -0.02667
134 -114     0.01113
134  115     0.03557
134 -115     0.00558
134  116     0.01640
134 -116    -0.04184
134  117    -0.00768
134 -117    -0.04901
134  118     0.05355
134 -118     0.04940
134  119    -0.02118
134 -119     0.11032
134  120    -0.01642
134 -120    -0.03473
134  121     0.06634
134 -121    -0.11145
134  122     0.15504
134 -122    -0.11351
134  123     0.10363
134 -123     0.02180
134  124     0.09658
134 -124    -0.02304
134  125    -0.06376
134 -125    -0.03787
134  126     0.07863
134 -126    -0.15172
134  127     0.06652
134 -127     0.00869
134  128    -0.01278
134 -128     0.04001
134  129    -0.02272
134 -129    -0.00163
134  130     0.13331
134 -130     0.01104
134  131    -0.00481
134 -131    -0.03348
134  132    -0.05682
134 -132    -0.05628
134  133     0.09322
134 -133    -0.04641
134  134    -0.04824
134 -134     0.03121
